[2026-09-09 13:51:38] [BCOP] ✅ Terhubung ke RPC: https://mainnet.base.org
[2026-09-09 13:51:38] [BCOP] ✅ Dompet: 0xe62B8F16545Fd1cD57423a6d75E18f5bf4A638ce
[2026-09-09 13:51:38] [just for you] ✅ Terhubung ke RPC: https://mainnet.base.org
[2026-09-09 13:51:38] [just for you] ✅ Dompet: 0x4b7CDA9204C30B35ee0dA641CB10bcC7A506baA1
[2026-09-09 13:51:38] [MIO] ✅ Terhubung ke RPC: https://mainnet.base.org
[2026-09-09 13:51:38] [MIO] ✅ Dompet: 0x4b7CDA9204C30B35ee0dA641CB10bcC7A506baA1
[2026-09-09 13:51:38] [BCOP] 📍 Pool V4 PoolId: 0xd86e90c4e6...27e2ab2b
[2026-09-09 13:51:38] [BCOP] ════════════════════════════════════════════════════════════
[2026-09-09 13:51:38] [BCOP]   🤖  BASE AUTO-SELL TOKEN BOT
[2026-09-09 13:51:38] [BCOP] ════════════════════════════════════════════════════════════
[2026-09-09 13:51:38] [BCOP]   Token   : Unknown (Base Company Oil Project)
[2026-09-09 13:51:38] [BCOP]   Wallet  : 0xe62B8F...A638ce
[2026-09-09 13:51:38] [BCOP]   ETH Bal : 0.022283 ETH
[2026-09-09 13:51:38] [BCOP]   Saldo   : 0.00 Unknown
[2026-09-09 13:51:38] [BCOP]   DEX     : Uniswap V4
[2026-09-09 13:51:38] [BCOP]   Pool    : 0xd86e90c4e6...27e2ab2b
[2026-09-09 13:51:38] [BCOP]   Jual    : 98% dari pembelian
[2026-09-09 13:51:38] [BCOP]   Slippage: 2.5%  |  Poll: 1.0s
[2026-09-09 13:51:38] [BCOP] ────────────────────────────────────────────────────────────
[2026-09-09 13:51:38] [MIO] 📍 Pool V4 PoolId: 0xc6eb89cc6b...731042f4
[2026-09-09 13:51:38] [MIO] ════════════════════════════════════════════════════════════
[2026-09-09 13:51:38] [MIO]   🤖  BASE AUTO-SELL TOKEN BOT
[2026-09-09 13:51:38] [MIO] ════════════════════════════════════════════════════════════
[2026-09-09 13:51:38] [MIO]   Token   : $MIO (Magic Internet Oil)
[2026-09-09 13:51:38] [MIO]   Wallet  : 0x4b7CDA...06baA1
[2026-09-09 13:51:38] [MIO]   ETH Bal : 0.003705 ETH
[2026-09-09 13:51:38] [MIO]   Saldo   : 249,264,347.771139 $MIO
[2026-09-09 13:51:38] [MIO]   DEX     : Uniswap V4
[2026-09-09 13:51:38] [MIO]   Pool    : 0xc6eb89cc6b...731042f4
[2026-09-09 13:51:38] [MIO]   Jual    : 98% dari pembelian
[2026-09-09 13:51:38] [MIO]   Slippage: 2.5%  |  Poll: 1.0s
[2026-09-09 13:51:38] [MIO] ────────────────────────────────────────────────────────────
[2026-09-09 13:51:38] [just for you] 📍 Pool V4 PoolId: 0xea1cd1ba5f...113d8682
[2026-09-09 13:51:38] [just for you] ════════════════════════════════════════════════════════════
[2026-09-09 13:51:38] [just for you]   🤖  BASE AUTO-SELL TOKEN BOT
[2026-09-09 13:51:38] [just for you] ════════════════════════════════════════════════════════════
[2026-09-09 13:51:38] [just for you]   Token   : Unknown (Unknown)
[2026-09-09 13:51:38] [just for you]   Wallet  : 0x4b7CDA...06baA1
[2026-09-09 13:51:38] [just for you]   ETH Bal : 0.003705 ETH
[2026-09-09 13:51:38] [just for you]   Saldo   : 0.00 Unknown
[2026-09-09 13:51:38] [just for you]   DEX     : Uniswap V4
[2026-09-09 13:51:38] [just for you]   Pool    : 0xea1cd1ba5f...113d8682
[2026-09-09 13:51:38] [just for you]   Jual    : 100% dari pembelian
[2026-09-09 13:51:38] [just for you]   Slippage: 30%  |  Poll: 1.0s
[2026-09-09 13:51:38] [just for you] ────────────────────────────────────────────────────────────
[2026-09-09 13:51:40] [just for you] ✅ Token sudah memiliki allowance ke Permit2.
[2026-09-09 13:51:41] [MIO] ✅ Token sudah memiliki allowance ke Permit2.
[2026-09-09 13:51:41] [PIPEDOG] ✅ Terhubung ke RPC: https://mainnet.base.org
[2026-09-09 13:51:41] [PIPEDOG] ✅ Dompet: 0xe62B8F16545Fd1cD57423a6d75E18f5bf4A638ce
[2026-09-09 13:51:41] [just for you] ✅ Token sudah memiliki izin Permit2 (Universal Router V4).
[2026-09-09 13:51:41] [MIO] ✅ Token sudah memiliki izin Permit2 (Universal Router V4).
[2026-09-09 13:51:41] [PIPEDOG] ════════════════════════════════════════════════════════════
[2026-09-09 13:51:41] [PIPEDOG]   🤖  BASE AUTO-SELL TOKEN BOT
[2026-09-09 13:51:41] [PIPEDOG] ════════════════════════════════════════════════════════════
[2026-09-09 13:51:41] [PIPEDOG]   Token   : Unknown (Unknown)
[2026-09-09 13:51:41] [PIPEDOG]   Wallet  : 0xe62B8F...A638ce
[2026-09-09 13:51:41] [PIPEDOG]   ETH Bal : 0.022283 ETH
[2026-09-09 13:51:41] [PIPEDOG]   Saldo   : 0.00 Unknown
[2026-09-09 13:51:41] [PIPEDOG]   DEX     : Aerodrome
[2026-09-09 13:51:41] [PIPEDOG]   Pool    : 0xF6410659CA...FB62833A
[2026-09-09 13:51:41] [PIPEDOG]   Jual    : 98% dari pembelian
[2026-09-09 13:51:41] [PIPEDOG]   Slippage: 2.5%  |  Poll: 1.0s
[2026-09-09 13:51:41] [PIPEDOG] ────────────────────────────────────────────────────────────
[2026-09-09 13:51:41] [just for you] Memantau dari blok 51,073,676... (STOP untuk berhenti)
[2026-09-09 13:51:41] [MIO] Memantau dari blok 51,073,676... (STOP untuk berhenti)
[2026-09-09 13:51:42] [just for you] 📡 Memantau Blok: 51,073,677 | Total sell: 0 .. 
[2026-09-09 13:51:42] [MIO] 📡 Memantau Blok: 51,073,677 | Total sell: 0 .. 
[2026-09-09 13:51:43] [just for you] 📡 Memantau Blok: 51,073,677 | Total sell: 0 ...
[2026-09-09 13:51:43] [MIO] 📡 Memantau Blok: 51,073,677 | Total sell: 0 ...
[2026-09-09 13:51:45] [just for you] 📡 Memantau Blok: 51,073,678 | Total sell: 0 .  
[2026-09-09 13:51:45] [MIO] 📡 Memantau Blok: 51,073,678 | Total sell: 0 .  
[2026-09-09 13:51:46] [just for you] 📡 Memantau Blok: 51,073,679 | Total sell: 0 .. 
[2026-09-09 13:51:46] [MIO] 📡 Memantau Blok: 51,073,679 | Total sell: 0 .. 
[2026-09-09 13:51:48] [just for you] 📡 Memantau Blok: 51,073,680 | Total sell: 0 ...
[2026-09-09 13:51:48] [MIO] 📡 Memantau Blok: 51,073,680 | Total sell: 0 ...
[2026-09-09 13:51:49] [just for you] 📡 Memantau Blok: 51,073,680 | Total sell: 0 .  
[2026-09-09 13:51:49] [MIO] 📡 Memantau Blok: 51,073,680 | Total sell: 0 .  
[2026-09-09 13:51:50] [PIPEDOG] ✅ Token sudah memiliki allowance.
[2026-09-09 13:51:51] [just for you] 📡 Memantau Blok: 51,073,681 | Total sell: 0 .. 
[2026-09-09 13:51:51] [MIO] 📡 Memantau Blok: 51,073,681 | Total sell: 0 .. 
[2026-09-09 13:51:51] [PIPEDOG] Memantau dari blok 51,073,681... (STOP untuk berhenti)
[2026-09-09 13:51:51] [PIPEDOG] 📡 Memantau Blok: 51,073,681 | Total sell: 0 .. 
[2026-09-09 13:51:52] [just for you] 📡 Memantau Blok: 51,073,682 | Total sell: 0 ...
[2026-09-09 13:51:53] [MIO] 📡 Memantau Blok: 51,073,682 | Total sell: 0 ...
[2026-09-09 13:51:53] [PIPEDOG] 📡 Memantau Blok: 51,073,682 | Total sell: 0 ...
[2026-09-09 13:51:54] [just for you] 📡 Memantau Blok: 51,073,683 | Total sell: 0 .  
[2026-09-09 13:51:54] [MIO] 📡 Memantau Blok: 51,073,683 | Total sell: 0 .  
[2026-09-09 13:51:54] [PIPEDOG] 📡 Memantau Blok: 51,073,683 | Total sell: 0 .  
[2026-09-09 13:51:56] [just for you] 📡 Memantau Blok: 51,073,684 | Total sell: 0 .. 
[2026-09-09 13:51:56] [MIO] 📡 Memantau Blok: 51,073,684 | Total sell: 0 .. 
[2026-09-09 13:51:56] [PIPEDOG] 📡 Memantau Blok: 51,073,684 | Total sell: 0 .. 
[2026-09-09 13:51:57] [BCOP] ✅ Token sudah memiliki allowance ke Permit2.
[2026-09-09 13:51:57] [just for you] 📡 Memantau Blok: 51,073,684 | Total sell: 0 ...
[2026-09-09 13:51:57] [MIO] 📡 Memantau Blok: 51,073,684 | Total sell: 0 ...
[2026-09-09 13:51:57] [PIPEDOG] 📡 Memantau Blok: 51,073,685 | Total sell: 0 ...
[2026-09-09 13:51:58] [BCOP] ✅ Token sudah memiliki izin Permit2 (Universal Router V4).
[2026-09-09 13:51:58] [BCOP] Memantau dari blok 51,073,685... (STOP untuk berhenti)
[2026-09-09 13:51:58] [BCOP] 📡 Memantau Blok: 51,073,685 | Total sell: 0 .. 
[2026-09-09 13:51:59] [just for you] 📡 Memantau Blok: 51,073,685 | Total sell: 0 .  
[2026-09-09 13:51:59] [MIO] 📡 Memantau Blok: 51,073,685 | Total sell: 0 .  
[2026-09-09 13:51:59] [PIPEDOG] 📡 Memantau Blok: 51,073,685 | Total sell: 0 .  
[2026-09-09 13:52:00] [BCOP] 📡 Memantau Blok: 51,073,686 | Total sell: 0 ...
[2026-09-09 13:52:00] [just for you] 📡 Memantau Blok: 51,073,686 | Total sell: 0 .. 
[2026-09-09 13:52:00] [MIO] 📡 Memantau Blok: 51,073,686 | Total sell: 0 .. 
[2026-09-09 13:52:00] [PIPEDOG] 📡 Memantau Blok: 51,073,686 | Total sell: 0 .. 
[2026-09-09 13:52:01] [BCOP] 📡 Memantau Blok: 51,073,686 | Total sell: 0 .  
[2026-09-09 13:52:02] [just for you] 📡 Memantau Blok: 51,073,687 | Total sell: 0 ...
[2026-09-09 13:52:02] [MIO] 📡 Memantau Blok: 51,073,687 | Total sell: 0 ...
[2026-09-09 13:52:02] [PIPEDOG] 📡 Memantau Blok: 51,073,687 | Total sell: 0 ...
[2026-09-09 13:52:03] [BCOP] 📡 Memantau Blok: 51,073,687 | Total sell: 0 .. 
[2026-09-09 13:52:03] [just for you] 📡 Memantau Blok: 51,073,687 | Total sell: 0 .  
[2026-09-09 13:52:04] [MIO] 📡 Memantau Blok: 51,073,688 | Total sell: 0 .  
[2026-09-09 13:52:04] [PIPEDOG] 📡 Memantau Blok: 51,073,688 | Total sell: 0 .  
[2026-09-09 13:52:04] [BCOP] 📡 Memantau Blok: 51,073,688 | Total sell: 0 ...
[2026-09-09 13:52:05] [just for you] 📡 Memantau Blok: 51,073,688 | Total sell: 0 .. 
[2026-09-09 13:52:05] [MIO] 📡 Memantau Blok: 51,073,688 | Total sell: 0 .. 
[2026-09-09 13:52:05] [PIPEDOG] 📡 Memantau Blok: 51,073,688 | Total sell: 0 .. 
[2026-09-09 13:52:06] [BCOP] 📡 Memantau Blok: 51,073,689 | Total sell: 0 .  
[2026-09-09 13:52:06] [just for you] 📡 Memantau Blok: 51,073,689 | Total sell: 0 ...
[2026-09-09 13:52:06] [MIO] 📡 Memantau Blok: 51,073,689 | Total sell: 0 ...
[2026-09-09 13:52:07] [PIPEDOG] 📡 Memantau Blok: 51,073,689 | Total sell: 0 ...
[2026-09-09 13:52:08] [BCOP] 📡 Memantau Blok: 51,073,690 | Total sell: 0 .. 
[2026-09-09 13:52:08] [just for you] 📡 Memantau Blok: 51,073,690 | Total sell: 0 .  
[2026-09-09 13:52:08] [MIO] 📡 Memantau Blok: 51,073,690 | Total sell: 0 .  
[2026-09-09 13:52:08] [PIPEDOG] 📡 Memantau Blok: 51,073,690 | Total sell: 0 .  
[2026-09-09 13:52:09] [BCOP] 📡 Memantau Blok: 51,073,690 | Total sell: 0 ...
[2026-09-09 13:52:10] [just for you] 📡 Memantau Blok: 51,073,691 | Total sell: 0 .. 
[2026-09-09 13:52:10] [MIO] 📡 Memantau Blok: 51,073,691 | Total sell: 0 .. 
[2026-09-09 13:52:10] [PIPEDOG] 📡 Memantau Blok: 51,073,691 | Total sell: 0 .. 
[2026-09-09 13:52:11] [BCOP] 📡 Memantau Blok: 51,073,691 | Total sell: 0 .  
[2026-09-09 13:52:11] [just for you] 📡 Memantau Blok: 51,073,691 | Total sell: 0 ...
[2026-09-09 13:52:11] [MIO] 📡 Memantau Blok: 51,073,691 | Total sell: 0 ...
[2026-09-09 13:52:11] [PIPEDOG] 📡 Memantau Blok: 51,073,691 | Total sell: 0 ...
[2026-09-09 13:52:12] [BCOP] 📡 Memantau Blok: 51,073,692 | Total sell: 0 .. 
[2026-09-09 13:52:12] [just for you] 📡 Memantau Blok: 51,073,692 | Total sell: 0 .  
[2026-09-09 13:52:13] [MIO] 📡 Memantau Blok: 51,073,692 | Total sell: 0 .  
[2026-09-09 13:52:13] [PIPEDOG] 📡 Memantau Blok: 51,073,692 | Total sell: 0 .  
[2026-09-09 13:52:14] [BCOP] 📡 Memantau Blok: 51,073,693 | Total sell: 0 ...
[2026-09-09 13:52:14] [just for you] 📡 Memantau Blok: 51,073,693 | Total sell: 0 .. 
[2026-09-09 13:52:14] [MIO] 📡 Memantau Blok: 51,073,693 | Total sell: 0 .. 
[2026-09-09 13:52:14] [PIPEDOG] 📡 Memantau Blok: 51,073,693 | Total sell: 0 .. 
[2026-09-09 13:52:15] [BCOP] 📡 Memantau Blok: 51,073,693 | Total sell: 0 .  
[2026-09-09 13:52:16] [just for you] 📡 Memantau Blok: 51,073,694 | Total sell: 0 ...
[2026-09-09 13:52:16] [MIO] 📡 Memantau Blok: 51,073,694 | Total sell: 0 ...
[2026-09-09 13:52:16] [PIPEDOG] 📡 Memantau Blok: 51,073,694 | Total sell: 0 ...
[2026-09-09 13:52:17] [BCOP] 📡 Memantau Blok: 51,073,694 | Total sell: 0 .. 
[2026-09-09 13:52:17] [just for you] 📡 Memantau Blok: 51,073,694 | Total sell: 0 .  
[2026-09-09 13:52:17] [MIO] 📡 Memantau Blok: 51,073,694 | Total sell: 0 .  
[2026-09-09 13:52:17] [PIPEDOG] 📡 Memantau Blok: 51,073,695 | Total sell: 0 .  
[2026-09-09 13:52:18] [BCOP] 📡 Memantau Blok: 51,073,695 | Total sell: 0 ...
[2026-09-09 13:52:19] [just for you] 📡 Memantau Blok: 51,073,695 | Total sell: 0 .. 
[2026-09-09 13:52:19] [MIO] 📡 Memantau Blok: 51,073,695 | Total sell: 0 .. 
[2026-09-09 13:52:19] [PIPEDOG] 📡 Memantau Blok: 51,073,695 | Total sell: 0 .. 
[2026-09-09 13:52:20] [BCOP] 📡 Memantau Blok: 51,073,696 | Total sell: 0 .  
[2026-09-09 13:52:20] [just for you] 📡 Memantau Blok: 51,073,696 | Total sell: 0 ...
[2026-09-09 13:52:20] [MIO] 📡 Memantau Blok: 51,073,696 | Total sell: 0 ...
[2026-09-09 13:52:20] [PIPEDOG] 📡 Memantau Blok: 51,073,696 | Total sell: 0 ...
[2026-09-09 13:52:22] [BCOP] 📡 Memantau Blok: 51,073,697 | Total sell: 0 .. 
[2026-09-09 13:52:22] [just for you] 📡 Memantau Blok: 51,073,697 | Total sell: 0 .  
[2026-09-09 13:52:22] [MIO] 📡 Memantau Blok: 51,073,697 | Total sell: 0 .  
[2026-09-09 13:52:22] [PIPEDOG] 📡 Memantau Blok: 51,073,697 | Total sell: 0 .  
[2026-09-09 13:52:23] [BCOP] 📡 Memantau Blok: 51,073,697 | Total sell: 0 ...
[2026-09-09 13:52:23] [just for you] 📡 Memantau Blok: 51,073,697 | Total sell: 0 .. 
[2026-09-09 13:52:23] [MIO] 📡 Memantau Blok: 51,073,697 | Total sell: 0 .. 
[2026-09-09 13:52:24] [PIPEDOG] 📡 Memantau Blok: 51,073,698 | Total sell: 0 .. 
[2026-09-09 13:52:24] [BCOP] 📡 Memantau Blok: 51,073,698 | Total sell: 0 .  
[2026-09-09 13:52:25] [just for you] 📡 Memantau Blok: 51,073,698 | Total sell: 0 ...
[2026-09-09 13:52:25] [MIO] 📡 Memantau Blok: 51,073,698 | Total sell: 0 ...
[2026-09-09 13:52:25] [PIPEDOG] 📡 Memantau Blok: 51,073,698 | Total sell: 0 ...
[2026-09-09 13:52:26] [BCOP] 📡 Memantau Blok: 51,073,699 | Total sell: 0 .. 
[2026-09-09 13:52:26] [just for you] 📡 Memantau Blok: 51,073,699 | Total sell: 0 .  
[2026-09-09 13:52:26] [MIO] 📡 Memantau Blok: 51,073,699 | Total sell: 0 .  
[2026-09-09 13:52:27] [PIPEDOG] 📡 Memantau Blok: 51,073,699 | Total sell: 0 .  
[2026-09-09 13:52:28] [BCOP] 📡 Memantau Blok: 51,073,700 | Total sell: 0 ...
[2026-09-09 13:52:28] [just for you] 📡 Memantau Blok: 51,073,700 | Total sell: 0 .. 
[2026-09-09 13:52:28] [MIO] 📡 Memantau Blok: 51,073,700 | Total sell: 0 .. 
[2026-09-09 13:52:28] [PIPEDOG] 📡 Memantau Blok: 51,073,700 | Total sell: 0 .. 
[2026-09-09 13:52:29] [BCOP] 📡 Memantau Blok: 51,073,700 | Total sell: 0 .  
[2026-09-09 13:52:29] [just for you] 📡 Memantau Blok: 51,073,700 | Total sell: 0 ...
[2026-09-09 13:52:30] [MIO] 📡 Memantau Blok: 51,073,701 | Total sell: 0 ...
[2026-09-09 13:52:30] [PIPEDOG] 📡 Memantau Blok: 51,073,701 | Total sell: 0 ...
[2026-09-09 13:52:31] [BCOP] 📡 Memantau Blok: 51,073,701 | Total sell: 0 .. 
[2026-09-09 13:52:31] [just for you] 📡 Memantau Blok: 51,073,701 | Total sell: 0 .  
[2026-09-09 13:52:31] [MIO] 📡 Memantau Blok: 51,073,701 | Total sell: 0 .  
[2026-09-09 13:52:31] [PIPEDOG] 📡 Memantau Blok: 51,073,702 | Total sell: 0 .  
[2026-09-09 13:52:32] [BCOP] 📡 Memantau Blok: 51,073,702 | Total sell: 0 ...
[2026-09-09 13:52:32] [just for you] 📡 Memantau Blok: 51,073,702 | Total sell: 0 .. 
[2026-09-09 13:52:32] [MIO] 📡 Memantau Blok: 51,073,702 | Total sell: 0 .. 
[2026-09-09 13:52:33] [PIPEDOG] 📡 Memantau Blok: 51,073,702 | Total sell: 0 .. 
[2026-09-09 13:52:34] [BCOP] 📡 Memantau Blok: 51,073,703 | Total sell: 0 .  
[2026-09-09 13:52:34] [just for you] 📡 Memantau Blok: 51,073,703 | Total sell: 0 ...
[2026-09-09 13:52:34] [MIO] 📡 Memantau Blok: 51,073,703 | Total sell: 0 ...
[2026-09-09 13:52:34] [PIPEDOG] 📡 Memantau Blok: 51,073,703 | Total sell: 0 ...
[2026-09-09 13:52:35] [BCOP] 📡 Memantau Blok: 51,073,703 | Total sell: 0 .. 
[2026-09-09 13:52:36] [just for you] 📡 Memantau Blok: 51,073,704 | Total sell: 0 .  
[2026-09-09 13:52:36] [MIO] 📡 Memantau Blok: 51,073,704 | Total sell: 0 .  
[2026-09-09 13:52:36] [PIPEDOG] 📡 Memantau Blok: 51,073,704 | Total sell: 0 .  
[2026-09-09 13:52:37] [BCOP] 📡 Memantau Blok: 51,073,704 | Total sell: 0 ...
[2026-09-09 13:52:37] [just for you] 📡 Memantau Blok: 51,073,704 | Total sell: 0 .. 
[2026-09-09 13:52:37] [MIO] 📡 Memantau Blok: 51,073,704 | Total sell: 0 .. 
[2026-09-09 13:52:38] [PIPEDOG] 📡 Memantau Blok: 51,073,705 | Total sell: 0 .. 
[2026-09-09 13:52:38] [BCOP] 📡 Memantau Blok: 51,073,705 | Total sell: 0 .  
[2026-09-09 13:52:38] [just for you] 📡 Memantau Blok: 51,073,705 | Total sell: 0 ...
[2026-09-09 13:52:39] [MIO] 📡 Memantau Blok: 51,073,705 | Total sell: 0 ...
[2026-09-09 13:52:39] [PIPEDOG] 📡 Memantau Blok: 51,073,705 | Total sell: 0 ...
[2026-09-09 13:52:40] [BCOP] 📡 Memantau Blok: 51,073,706 | Total sell: 0 .. 
[2026-09-09 13:52:40] [just for you] 📡 Memantau Blok: 51,073,706 | Total sell: 0 .  
[2026-09-09 13:52:40] [MIO] 📡 Memantau Blok: 51,073,706 | Total sell: 0 .  
[2026-09-09 13:52:40] [PIPEDOG] 📡 Memantau Blok: 51,073,706 | Total sell: 0 .  
[2026-09-09 13:52:41] [BCOP] 📡 Memantau Blok: 51,073,707 | Total sell: 0 ...
[2026-09-09 13:52:42] [just for you] 📡 Memantau Blok: 51,073,707 | Total sell: 0 .. 
[2026-09-09 13:52:42] [MIO] 📡 Memantau Blok: 51,073,707 | Total sell: 0 .. 
[2026-09-09 13:52:42] [PIPEDOG] 📡 Memantau Blok: 51,073,707 | Total sell: 0 .. 
[2026-09-09 13:52:43] [BCOP] 📡 Memantau Blok: 51,073,707 | Total sell: 0 .  
[2026-09-09 13:52:43] [just for you] 📡 Memantau Blok: 51,073,707 | Total sell: 0 ...
[2026-09-09 13:52:43] [MIO] 📡 Memantau Blok: 51,073,707 | Total sell: 0 ...
[2026-09-09 13:52:44] [PIPEDOG] 📡 Memantau Blok: 51,073,708 | Total sell: 0 ...
[2026-09-09 13:52:44] [BCOP] 📡 Memantau Blok: 51,073,708 | Total sell: 0 .. 
[2026-09-09 13:52:45] [just for you] 📡 Memantau Blok: 51,073,708 | Total sell: 0 .  
[2026-09-09 13:52:45] [MIO] 📡 Memantau Blok: 51,073,708 | Total sell: 0 .  
[2026-09-09 13:52:45] [PIPEDOG] 📡 Memantau Blok: 51,073,708 | Total sell: 0 .  
[2026-09-09 13:52:46] [BCOP] 📡 Memantau Blok: 51,073,709 | Total sell: 0 ...
[2026-09-09 13:52:46] [just for you] 📡 Memantau Blok: 51,073,709 | Total sell: 0 .. 
[2026-09-09 13:52:46] [MIO] 📡 Memantau Blok: 51,073,709 | Total sell: 0 .. 
[2026-09-09 13:52:47] [PIPEDOG] 📡 Memantau Blok: 51,073,709 | Total sell: 0 .. 
[2026-09-09 13:52:48] [BCOP] 📡 Memantau Blok: 51,073,710 | Total sell: 0 .  
[2026-09-09 13:52:48] [just for you] 📡 Memantau Blok: 51,073,710 | Total sell: 0 ...
[2026-09-09 13:52:48] [MIO] 📡 Memantau Blok: 51,073,710 | Total sell: 0 ...
[2026-09-09 13:52:48] [PIPEDOG] 📡 Memantau Blok: 51,073,710 | Total sell: 0 ...
[2026-09-09 13:52:49] [BCOP] 📡 Memantau Blok: 51,073,710 | Total sell: 0 .. 
[2026-09-09 13:52:49] [just for you] 📡 Memantau Blok: 51,073,710 | Total sell: 0 .  
[2026-09-09 13:52:50] [MIO] 📡 Memantau Blok: 51,073,711 | Total sell: 0 .  
[2026-09-09 13:52:50] [PIPEDOG] 📡 Memantau Blok: 51,073,711 | Total sell: 0 .  
[2026-09-09 13:52:51] [BCOP] 📡 Memantau Blok: 51,073,711 | Total sell: 0 ...
[2026-09-09 13:52:51] [just for you] 📡 Memantau Blok: 51,073,711 | Total sell: 0 .. 
[2026-09-09 13:52:51] [MIO] 📡 Memantau Blok: 51,073,711 | Total sell: 0 .. 
[2026-09-09 13:52:51] [PIPEDOG] 📡 Memantau Blok: 51,073,711 | Total sell: 0 .. 
[2026-09-09 13:52:52] [BCOP] 📡 Memantau Blok: 51,073,712 | Total sell: 0 .  
[2026-09-09 13:52:52] [just for you] 📡 Memantau Blok: 51,073,712 | Total sell: 0 ...
[2026-09-09 13:52:52] [MIO] 📡 Memantau Blok: 51,073,712 | Total sell: 0 ...
[2026-09-09 13:52:53] [PIPEDOG] 📡 Memantau Blok: 51,073,712 | Total sell: 0 ...
[2026-09-09 13:52:54] [BCOP] 📡 Memantau Blok: 51,073,713 | Total sell: 0 .. 
[2026-09-09 13:52:54] [just for you] 📡 Memantau Blok: 51,073,713 | Total sell: 0 .  
[2026-09-09 13:52:54] [MIO] 📡 Memantau Blok: 51,073,713 | Total sell: 0 .  
[2026-09-09 13:52:54] [PIPEDOG] 📡 Memantau Blok: 51,073,713 | Total sell: 0 .  
[2026-09-09 13:52:55] [BCOP] 📡 Memantau Blok: 51,073,713 | Total sell: 0 ...
[2026-09-09 13:52:55] [just for you] 📡 Memantau Blok: 51,073,714 | Total sell: 0 .. 
[2026-09-09 13:52:56] [MIO] 📡 Memantau Blok: 51,073,714 | Total sell: 0 .. 
[2026-09-09 13:52:56] [PIPEDOG] 📡 Memantau Blok: 51,073,714 | Total sell: 0 .. 
[2026-09-09 13:52:57] [BCOP] 📡 Memantau Blok: 51,073,714 | Total sell: 0 .  
[2026-09-09 13:52:57] [just for you] 📡 Memantau Blok: 51,073,714 | Total sell: 0 ...
[2026-09-09 13:52:57] [MIO] 📡 Memantau Blok: 51,073,714 | Total sell: 0 ...
[2026-09-09 13:52:57] [PIPEDOG] 📡 Memantau Blok: 51,073,715 | Total sell: 0 ...
[2026-09-09 13:52:58] [BCOP] 📡 Memantau Blok: 51,073,715 | Total sell: 0 .. 
[2026-09-09 13:52:58] [just for you] 📡 Memantau Blok: 51,073,715 | Total sell: 0 .  
[2026-09-09 13:52:58] [MIO] 📡 Memantau Blok: 51,073,715 | Total sell: 0 .  
[2026-09-09 13:52:59] [PIPEDOG] 📡 Memantau Blok: 51,073,715 | Total sell: 0 .  
[2026-09-09 13:53:00] [BCOP] 📡 Memantau Blok: 51,073,716 | Total sell: 0 ...
[2026-09-09 13:53:00] [MIO] 📡 Memantau Blok: 51,073,716 | Total sell: 0 .. 
[2026-09-09 13:53:00] [just for you] 📡 Memantau Blok: 51,073,716 | Total sell: 0 .. 
[2026-09-09 13:53:00] [PIPEDOG] 📡 Memantau Blok: 51,073,716 | Total sell: 0 .. 
[2026-09-09 13:53:01] [BCOP] 📡 Memantau Blok: 51,073,716 | Total sell: 0 .  
[2026-09-09 13:53:02] [MIO] 📡 Memantau Blok: 51,073,717 | Total sell: 0 ...
[2026-09-09 13:53:02] [just for you] 📡 Memantau Blok: 51,073,717 | Total sell: 0 ...
[2026-09-09 13:53:02] [PIPEDOG] 📡 Memantau Blok: 51,073,717 | Total sell: 0 ...
[2026-09-09 13:53:03] [BCOP] 📡 Memantau Blok: 51,073,717 | Total sell: 0 .. 
[2026-09-09 13:53:03] [MIO] 📡 Memantau Blok: 51,073,717 | Total sell: 0 .  
[2026-09-09 13:53:03] [just for you] 📡 Memantau Blok: 51,073,717 | Total sell: 0 .  
[2026-09-09 13:53:04] [PIPEDOG] 📡 Memantau Blok: 51,073,718 | Total sell: 0 .  
[2026-09-09 13:53:04] [BCOP] 📡 Memantau Blok: 51,073,718 | Total sell: 0 ...
[2026-09-09 13:53:05] [MIO] 📡 Memantau Blok: 51,073,718 | Total sell: 0 .. 
[2026-09-09 13:53:05] [just for you] 📡 Memantau Blok: 51,073,718 | Total sell: 0 .. 
[2026-09-09 13:53:05] [PIPEDOG] 📡 Memantau Blok: 51,073,718 | Total sell: 0 .. 
[2026-09-09 13:53:06] [BCOP] 📡 Memantau Blok: 51,073,719 | Total sell: 0 .  
[2026-09-09 13:53:06] [just for you] 📡 Memantau Blok: 51,073,719 | Total sell: 0 ...
[2026-09-09 13:53:06] [MIO] 📡 Memantau Blok: 51,073,719 | Total sell: 0 ...
[2026-09-09 13:53:07] [PIPEDOG] 📡 Memantau Blok: 51,073,719 | Total sell: 0 ...
[2026-09-09 13:53:08] [BCOP] 📡 Memantau Blok: 51,073,720 | Total sell: 0 .. 
[2026-09-09 13:53:08] [just for you] 📡 Memantau Blok: 51,073,720 | Total sell: 0 .  
[2026-09-09 13:53:08] [MIO] 📡 Memantau Blok: 51,073,720 | Total sell: 0 .  
[2026-09-09 13:53:08] [PIPEDOG] 📡 Memantau Blok: 51,073,720 | Total sell: 0 .  
[2026-09-09 13:53:09] [BCOP] 📡 Memantau Blok: 51,073,720 | Total sell: 0 ...
[2026-09-09 13:53:10] [just for you] 📡 Memantau Blok: 51,073,721 | Total sell: 0 .. 
[2026-09-09 13:53:10] [MIO] 📡 Memantau Blok: 51,073,721 | Total sell: 0 .. 
[2026-09-09 13:53:10] [PIPEDOG] 📡 Memantau Blok: 51,073,721 | Total sell: 0 .. 
[2026-09-09 13:53:10] [BCOP] 📡 Memantau Blok: 51,073,721 | Total sell: 0 .  
[2026-09-09 13:53:11] [just for you] 📡 Memantau Blok: 51,073,721 | Total sell: 0 ...
[2026-09-09 13:53:11] [MIO] 📡 Memantau Blok: 51,073,721 | Total sell: 0 ...
[2026-09-09 13:53:11] [PIPEDOG] 📡 Memantau Blok: 51,073,721 | Total sell: 0 ...
[2026-09-09 13:53:12] [BCOP] 📡 Memantau Blok: 51,073,722 | Total sell: 0 .. 
[2026-09-09 13:53:12] [just for you] 📡 Memantau Blok: 51,073,722 | Total sell: 0 .  
[2026-09-09 13:53:12] [MIO] 📡 Memantau Blok: 51,073,722 | Total sell: 0 .  
[2026-09-09 13:53:13] [PIPEDOG] 📡 Memantau Blok: 51,073,722 | Total sell: 0 .  
[2026-09-09 13:53:14] [BCOP] 📡 Memantau Blok: 51,073,723 | Total sell: 0 ...
[2026-09-09 13:53:14] [just for you] 📡 Memantau Blok: 51,073,723 | Total sell: 0 .. 
[2026-09-09 13:53:14] [MIO] 📡 Memantau Blok: 51,073,723 | Total sell: 0 .. 
[2026-09-09 13:53:14] [PIPEDOG] 📡 Memantau Blok: 51,073,723 | Total sell: 0 .. 
[2026-09-09 13:53:15] [BCOP] 📡 Memantau Blok: 51,073,723 | Total sell: 0 .  
[2026-09-09 13:53:16] [just for you] 📡 Memantau Blok: 51,073,724 | Total sell: 0 ...
[2026-09-09 13:53:16] [MIO] 📡 Memantau Blok: 51,073,724 | Total sell: 0 ...
[2026-09-09 13:53:16] [PIPEDOG] 📡 Memantau Blok: 51,073,724 | Total sell: 0 ...
[2026-09-09 13:53:17] [BCOP] 📡 Memantau Blok: 51,073,724 | Total sell: 0 .. 
[2026-09-09 13:53:17] [just for you] 📡 Memantau Blok: 51,073,724 | Total sell: 0 .  
[2026-09-09 13:53:17] [MIO] 📡 Memantau Blok: 51,073,724 | Total sell: 0 .  
[2026-09-09 13:53:18] [PIPEDOG] 📡 Memantau Blok: 51,073,725 | Total sell: 0 .  
[2026-09-09 13:53:18] [BCOP] 📡 Memantau Blok: 51,073,725 | Total sell: 0 ...
[2026-09-09 13:53:19] [just for you] 📡 Memantau Blok: 51,073,725 | Total sell: 0 .. 
[2026-09-09 13:53:19] [MIO] 📡 Memantau Blok: 51,073,725 | Total sell: 0 .. 
[2026-09-09 13:53:19] [PIPEDOG] 📡 Memantau Blok: 51,073,725 | Total sell: 0 .. 
[2026-09-09 13:53:20] [BCOP] 📡 Memantau Blok: 51,073,726 | Total sell: 0 .  
[2026-09-09 13:53:20] [MIO] 📡 Memantau Blok: 51,073,726 | Total sell: 0 ...
[2026-09-09 13:53:20] [just for you] 📡 Memantau Blok: 51,073,726 | Total sell: 0 ...
[2026-09-09 13:53:21] [PIPEDOG] 📡 Memantau Blok: 51,073,726 | Total sell: 0 ...
[2026-09-09 13:53:21] [BCOP] 📡 Memantau Blok: 51,073,726 | Total sell: 0 .. 
[2026-09-09 13:53:22] [MIO] 📡 Memantau Blok: 51,073,727 | Total sell: 0 .  
[2026-09-09 13:53:22] [just for you] 📡 Memantau Blok: 51,073,727 | Total sell: 0 .  
[2026-09-09 13:53:22] [PIPEDOG] 📡 Memantau Blok: 51,073,727 | Total sell: 0 .  
[2026-09-09 13:53:23] [BCOP] 📡 Memantau Blok: 51,073,727 | Total sell: 0 ...
[2026-09-09 13:53:23] [MIO] 📡 Memantau Blok: 51,073,727 | Total sell: 0 .. 
[2026-09-09 13:53:23] [just for you] 📡 Memantau Blok: 51,073,727 | Total sell: 0 .. 
[2026-09-09 13:53:24] [BCOP] 📡 Memantau Blok: 51,073,728 | Total sell: 0 .  
[2026-09-09 13:53:24] [PIPEDOG] 📡 Memantau Blok: 51,073,728 | Total sell: 0 .. 
[2026-09-09 13:53:25] [MIO] 📡 Memantau Blok: 51,073,728 | Total sell: 0 ...
[2026-09-09 13:53:25] [just for you] 📡 Memantau Blok: 51,073,728 | Total sell: 0 ...
[2026-09-09 13:53:26] [BCOP] 📡 Memantau Blok: 51,073,729 | Total sell: 0 .. 
[2026-09-09 13:53:26] [PIPEDOG] 📡 Memantau Blok: 51,073,729 | Total sell: 0 ...
[2026-09-09 13:53:26] [MIO] 📡 Memantau Blok: 51,073,729 | Total sell: 0 .  
[2026-09-09 13:53:26] [just for you] 📡 Memantau Blok: 51,073,729 | Total sell: 0 .  
[2026-09-09 13:53:27] [BCOP] 📡 Memantau Blok: 51,073,729 | Total sell: 0 ...
[2026-09-09 13:53:28] [PIPEDOG] 📡 Memantau Blok: 51,073,730 | Total sell: 0 .  
[2026-09-09 13:53:28] [MIO] 📡 Memantau Blok: 51,073,730 | Total sell: 0 .. 
[2026-09-09 13:53:28] [just for you] 📡 Memantau Blok: 51,073,730 | Total sell: 0 .. 
[2026-09-09 13:53:29] [BCOP] 📡 Memantau Blok: 51,073,730 | Total sell: 0 .  
[2026-09-09 13:53:29] [PIPEDOG] 📡 Memantau Blok: 51,073,730 | Total sell: 0 .. 
[2026-09-09 13:53:30] [MIO] 📡 Memantau Blok: 51,073,730 | Total sell: 0 ...
[2026-09-09 13:53:30] [just for you] 📡 Memantau Blok: 51,073,731 | Total sell: 0 ...
[2026-09-09 13:53:30] [BCOP] 📡 Memantau Blok: 51,073,731 | Total sell: 0 .. 
[2026-09-09 13:53:30] [PIPEDOG] 📡 Memantau Blok: 51,073,731 | Total sell: 0 ...
[2026-09-09 13:53:31] [MIO] 📡 Memantau Blok: 51,073,731 | Total sell: 0 .  
[2026-09-09 13:53:31] [just for you] 📡 Memantau Blok: 51,073,731 | Total sell: 0 .  
[2026-09-09 13:53:32] [BCOP] 📡 Memantau Blok: 51,073,732 | Total sell: 0 ...
[2026-09-09 13:53:32] [PIPEDOG] 📡 Memantau Blok: 51,073,732 | Total sell: 0 .  
[2026-09-09 13:53:32] [MIO] 📡 Memantau Blok: 51,073,732 | Total sell: 0 .. 
[2026-09-09 13:53:33] [just for you] 📡 Memantau Blok: 51,073,732 | Total sell: 0 .. 
[2026-09-09 13:53:34] [BCOP] 📡 Memantau Blok: 51,073,733 | Total sell: 0 .  
[2026-09-09 13:53:34] [PIPEDOG] 📡 Memantau Blok: 51,073,733 | Total sell: 0 .. 
[2026-09-09 13:53:34] [MIO] 📡 Memantau Blok: 51,073,733 | Total sell: 0 ...
[2026-09-09 13:53:34] [just for you] 📡 Memantau Blok: 51,073,733 | Total sell: 0 ...
[2026-09-09 13:53:35] [BCOP] 📡 Memantau Blok: 51,073,733 | Total sell: 0 .. 
[2026-09-09 13:53:35] [PIPEDOG] 📡 Memantau Blok: 51,073,733 | Total sell: 0 ...
[2026-09-09 13:53:36] [MIO] 📡 Memantau Blok: 51,073,734 | Total sell: 0 .  
[2026-09-09 13:53:36] [just for you] 📡 Memantau Blok: 51,073,734 | Total sell: 0 .  
[2026-09-09 13:53:37] [BCOP] 📡 Memantau Blok: 51,073,734 | Total sell: 0 ...
[2026-09-09 13:53:37] [PIPEDOG] 📡 Memantau Blok: 51,073,734 | Total sell: 0 .  
[2026-09-09 13:53:37] [MIO] 📡 Memantau Blok: 51,073,734 | Total sell: 0 .. 
[2026-09-09 13:53:37] [just for you] 📡 Memantau Blok: 51,073,734 | Total sell: 0 .. 
[2026-09-09 13:53:38] [BCOP] 📡 Memantau Blok: 51,073,735 | Total sell: 0 .  
[2026-09-09 13:53:38] [PIPEDOG] 📡 Memantau Blok: 51,073,735 | Total sell: 0 .. 
[2026-09-09 13:53:39] [MIO] 📡 Memantau Blok: 51,073,735 | Total sell: 0 ...
[2026-09-09 13:53:39] [just for you] 📡 Memantau Blok: 51,073,735 | Total sell: 0 ...
[2026-09-09 13:53:40] [BCOP] 📡 Memantau Blok: 51,073,736 | Total sell: 0 .. 
[2026-09-09 13:53:40] [PIPEDOG] 📡 Memantau Blok: 51,073,736 | Total sell: 0 ...
[2026-09-09 13:53:40] [MIO] 📡 Memantau Blok: 51,073,736 | Total sell: 0 .  
[2026-09-09 13:53:40] [just for you] 📡 Memantau Blok: 51,073,736 | Total sell: 0 .  
[2026-09-09 13:53:41] [BCOP] 📡 Memantau Blok: 51,073,736 | Total sell: 0 ...
[2026-09-09 13:53:41] [PIPEDOG] 📡 Memantau Blok: 51,073,737 | Total sell: 0 .  
[2026-09-09 13:53:42] [MIO] 📡 Memantau Blok: 51,073,737 | Total sell: 0 .. 
[2026-09-09 13:53:42] [just for you] 📡 Memantau Blok: 51,073,737 | Total sell: 0 .. 
[2026-09-09 13:53:43] [BCOP] 📡 Memantau Blok: 51,073,737 | Total sell: 0 .  
[2026-09-09 13:53:43] [PIPEDOG] 📡 Memantau Blok: 51,073,737 | Total sell: 0 .. 
[2026-09-09 13:53:43] [MIO] 📡 Memantau Blok: 51,073,737 | Total sell: 0 ...
[2026-09-09 13:53:43] [just for you] 📡 Memantau Blok: 51,073,738 | Total sell: 0 ...
[2026-09-09 13:53:44] [BCOP] 📡 Memantau Blok: 51,073,738 | Total sell: 0 .. 
[2026-09-09 13:53:44] [PIPEDOG] 📡 Memantau Blok: 51,073,738 | Total sell: 0 ...
[2026-09-09 13:53:45] [MIO] 📡 Memantau Blok: 51,073,738 | Total sell: 0 .  
[2026-09-09 13:53:45] [just for you] 📡 Memantau Blok: 51,073,738 | Total sell: 0 .  
[2026-09-09 13:53:46] [BCOP] 📡 Memantau Blok: 51,073,739 | Total sell: 0 ...
[2026-09-09 13:53:46] [PIPEDOG] 📡 Memantau Blok: 51,073,739 | Total sell: 0 .  
[2026-09-09 13:53:46] [MIO] 📡 Memantau Blok: 51,073,739 | Total sell: 0 .. 
[2026-09-09 13:53:46] [just for you] 📡 Memantau Blok: 51,073,739 | Total sell: 0 .. 
[2026-09-09 13:53:47] [BCOP] 📡 Memantau Blok: 51,073,740 | Total sell: 0 .  
[2026-09-09 13:53:48] [PIPEDOG] 📡 Memantau Blok: 51,073,740 | Total sell: 0 .. 
[2026-09-09 13:53:48] [MIO] 📡 Memantau Blok: 51,073,740 | Total sell: 0 ...
[2026-09-09 13:53:48] [just for you] 📡 Memantau Blok: 51,073,740 | Total sell: 0 ...
[2026-09-09 13:53:49] [BCOP] 📡 Memantau Blok: 51,073,740 | Total sell: 0 .. 
[2026-09-09 13:53:49] [PIPEDOG] 📡 Memantau Blok: 51,073,740 | Total sell: 0 ...
[2026-09-09 13:53:50] [MIO] 📡 Memantau Blok: 51,073,741 | Total sell: 0 .  
[2026-09-09 13:53:50] [just for you] 📡 Memantau Blok: 51,073,741 | Total sell: 0 .  
[2026-09-09 13:53:50] [BCOP] 📡 Memantau Blok: 51,073,741 | Total sell: 0 ...
[2026-09-09 13:53:50] [PIPEDOG] 📡 Memantau Blok: 51,073,741 | Total sell: 0 .  
[2026-09-09 13:53:51] [MIO] 📡 Memantau Blok: 51,073,741 | Total sell: 0 .. 
[2026-09-09 13:53:51] [just for you] 📡 Memantau Blok: 51,073,741 | Total sell: 0 .. 
[2026-09-09 13:53:52] [BCOP] 📡 Memantau Blok: 51,073,742 | Total sell: 0 .  
[2026-09-09 13:53:52] [PIPEDOG] 📡 Memantau Blok: 51,073,742 | Total sell: 0 .. 
[2026-09-09 13:53:52] [MIO] 📡 Memantau Blok: 51,073,742 | Total sell: 0 ...
[2026-09-09 13:53:53] [just for you] 📡 Memantau Blok: 51,073,742 | Total sell: 0 ...
[2026-09-09 13:53:54] [BCOP] 📡 Memantau Blok: 51,073,743 | Total sell: 0 .. 
[2026-09-09 13:53:54] [PIPEDOG] 📡 Memantau Blok: 51,073,743 | Total sell: 0 ...
[2026-09-09 13:53:54] [MIO] 📡 Memantau Blok: 51,073,743 | Total sell: 0 .  
[2026-09-09 13:53:54] [just for you] 📡 Memantau Blok: 51,073,743 | Total sell: 0 .  
[2026-09-09 13:53:55] [BCOP] 📡 Memantau Blok: 51,073,743 | Total sell: 0 ...
[2026-09-09 13:53:55] [PIPEDOG] 📡 Memantau Blok: 51,073,743 | Total sell: 0 .  
[2026-09-09 13:53:56] [MIO] 📡 Memantau Blok: 51,073,744 | Total sell: 0 .. 
[2026-09-09 13:53:56] [just for you] 📡 Memantau Blok: 51,073,744 | Total sell: 0 .. 
[2026-09-09 13:53:56] [BCOP] 📡 Memantau Blok: 51,073,744 | Total sell: 0 .  
[2026-09-09 13:53:57] [PIPEDOG] 📡 Memantau Blok: 51,073,744 | Total sell: 0 .. 
[2026-09-09 13:53:57] [MIO] 📡 Memantau Blok: 51,073,744 | Total sell: 0 ...
[2026-09-09 13:53:57] [just for you] 📡 Memantau Blok: 51,073,744 | Total sell: 0 ...
[2026-09-09 13:53:58] [BCOP] 📡 Memantau Blok: 51,073,745 | Total sell: 0 .. 
[2026-09-09 13:53:58] [PIPEDOG] 📡 Memantau Blok: 51,073,745 | Total sell: 0 ...
[2026-09-09 13:53:58] [MIO] 📡 Memantau Blok: 51,073,745 | Total sell: 0 .  
[2026-09-09 13:53:59] [just for you] 📡 Memantau Blok: 51,073,745 | Total sell: 0 .  
[2026-09-09 13:54:00] [BCOP] 📡 Memantau Blok: 51,073,746 | Total sell: 0 ...
[2026-09-09 13:54:00] [PIPEDOG] 📡 Memantau Blok: 51,073,746 | Total sell: 0 .  
[2026-09-09 13:54:00] [MIO] 📡 Memantau Blok: 51,073,746 | Total sell: 0 .. 
[2026-09-09 13:54:00] [just for you] 📡 Memantau Blok: 51,073,746 | Total sell: 0 .. 
[2026-09-09 13:54:01] [BCOP] 📡 Memantau Blok: 51,073,746 | Total sell: 0 .  
[2026-09-09 13:54:01] [PIPEDOG] 📡 Memantau Blok: 51,073,746 | Total sell: 0 .. 
[2026-09-09 13:54:02] [MIO] 📡 Memantau Blok: 51,073,747 | Total sell: 0 ...
[2026-09-09 13:54:02] [just for you] 📡 Memantau Blok: 51,073,747 | Total sell: 0 ...
[2026-09-09 13:54:03] [BCOP] 📡 Memantau Blok: 51,073,747 | Total sell: 0 .. 
[2026-09-09 13:54:03] [PIPEDOG] 📡 Memantau Blok: 51,073,747 | Total sell: 0 ...
[2026-09-09 13:54:03] [MIO] 📡 Memantau Blok: 51,073,747 | Total sell: 0 .  
[2026-09-09 13:54:04] [just for you] 📡 Memantau Blok: 51,073,748 | Total sell: 0 .  
[2026-09-09 13:54:04] [BCOP] 📡 Memantau Blok: 51,073,748 | Total sell: 0 ...
[2026-09-09 13:54:04] [PIPEDOG] 📡 Memantau Blok: 51,073,748 | Total sell: 0 .  
[2026-09-09 13:54:05] [MIO] 📡 Memantau Blok: 51,073,748 | Total sell: 0 .. 
[2026-09-09 13:54:05] [just for you] 📡 Memantau Blok: 51,073,748 | Total sell: 0 .. 
[2026-09-09 13:54:06] [BCOP] 📡 Memantau Blok: 51,073,749 | Total sell: 0 .  
[2026-09-09 13:54:06] [PIPEDOG] 📡 Memantau Blok: 51,073,749 | Total sell: 0 .. 
[2026-09-09 13:54:06] [MIO] 📡 Memantau Blok: 51,073,749 | Total sell: 0 ...
[2026-09-09 13:54:06] [just for you] 📡 Memantau Blok: 51,073,749 | Total sell: 0 ...
[2026-09-09 13:54:07] [BCOP] 📡 Memantau Blok: 51,073,749 | Total sell: 0 .. 
[2026-09-09 13:54:07] [PIPEDOG] 📡 Memantau Blok: 51,073,749 | Total sell: 0 ...
[2026-09-09 13:54:08] [MIO] 📡 Memantau Blok: 51,073,750 | Total sell: 0 .  
[2026-09-09 13:54:08] [just for you] 📡 Memantau Blok: 51,073,750 | Total sell: 0 .  
[2026-09-09 13:54:09] [BCOP] 📡 Memantau Blok: 51,073,750 | Total sell: 0 ...
[2026-09-09 13:54:09] [PIPEDOG] 📡 Memantau Blok: 51,073,750 | Total sell: 0 .  
[2026-09-09 13:54:09] [MIO] 📡 Memantau Blok: 51,073,750 | Total sell: 0 .. 
[2026-09-09 13:54:10] [just for you] 📡 Memantau Blok: 51,073,751 | Total sell: 0 .. 
[2026-09-09 13:54:10] [BCOP] 📡 Memantau Blok: 51,073,751 | Total sell: 0 .  
[2026-09-09 13:54:10] [PIPEDOG] 📡 Memantau Blok: 51,073,751 | Total sell: 0 .. 
[2026-09-09 13:54:11] [MIO] 📡 Memantau Blok: 51,073,751 | Total sell: 0 ...
[2026-09-09 13:54:11] [just for you] 📡 Memantau Blok: 51,073,751 | Total sell: 0 ...
[2026-09-09 13:54:12] [PIPEDOG] 📡 Memantau Blok: 51,073,752 | Total sell: 0 ...
[2026-09-09 13:54:12] [BCOP] 📡 Memantau Blok: 51,073,752 | Total sell: 0 .. 
[2026-09-09 13:54:12] [MIO] 📡 Memantau Blok: 51,073,752 | Total sell: 0 .  
[2026-09-09 13:54:13] [just for you] 📡 Memantau Blok: 51,073,752 | Total sell: 0 .  
[2026-09-09 13:54:14] [PIPEDOG] 📡 Memantau Blok: 51,073,753 | Total sell: 0 .  
[2026-09-09 13:54:14] [BCOP] 📡 Memantau Blok: 51,073,753 | Total sell: 0 ...
[2026-09-09 13:54:14] [MIO] 📡 Memantau Blok: 51,073,753 | Total sell: 0 .. 
[2026-09-09 13:54:14] [just for you] 📡 Memantau Blok: 51,073,753 | Total sell: 0 .. 
[2026-09-09 13:54:15] [PIPEDOG] 📡 Memantau Blok: 51,073,753 | Total sell: 0 .. 
[2026-09-09 13:54:15] [BCOP] 📡 Memantau Blok: 51,073,753 | Total sell: 0 .  
[2026-09-09 13:54:16] [MIO] 📡 Memantau Blok: 51,073,754 | Total sell: 0 ...
[2026-09-09 13:54:16] [just for you] 📡 Memantau Blok: 51,073,754 | Total sell: 0 ...
[2026-09-09 13:54:16] [BCOP] 📡 Memantau Blok: 51,073,754 | Total sell: 0 .. 
[2026-09-09 13:54:16] [PIPEDOG] 📡 Memantau Blok: 51,073,754 | Total sell: 0 ...
[2026-09-09 13:54:17] [MIO] 📡 Memantau Blok: 51,073,754 | Total sell: 0 .  
[2026-09-09 13:54:17] [just for you] 📡 Memantau Blok: 51,073,754 | Total sell: 0 .  
[2026-09-09 13:54:18] [BCOP] 📡 Memantau Blok: 51,073,755 | Total sell: 0 ...
[2026-09-09 13:54:18] [PIPEDOG] 📡 Memantau Blok: 51,073,755 | Total sell: 0 .  
[2026-09-09 13:54:18] [MIO] 📡 Memantau Blok: 51,073,755 | Total sell: 0 .. 
[2026-09-09 13:54:19] [just for you] 📡 Memantau Blok: 51,073,755 | Total sell: 0 .. 
[2026-09-09 13:54:20] [BCOP] 📡 Memantau Blok: 51,073,756 | Total sell: 0 .  
[2026-09-09 13:54:20] [PIPEDOG] 📡 Memantau Blok: 51,073,756 | Total sell: 0 .. 
[2026-09-09 13:54:20] [MIO] 📡 Memantau Blok: 51,073,756 | Total sell: 0 ...
[2026-09-09 13:54:20] [just for you] 📡 Memantau Blok: 51,073,756 | Total sell: 0 ...
[2026-09-09 13:54:21] [PIPEDOG] 📡 Memantau Blok: 51,073,756 | Total sell: 0 ...
[2026-09-09 13:54:21] [BCOP] 📡 Memantau Blok: 51,073,756 | Total sell: 0 .. 
[2026-09-09 13:54:22] [MIO] 📡 Memantau Blok: 51,073,757 | Total sell: 0 .  
[2026-09-09 13:54:22] [just for you] 📡 Memantau Blok: 51,073,757 | Total sell: 0 .  
[2026-09-09 13:54:23] [PIPEDOG] 📡 Memantau Blok: 51,073,757 | Total sell: 0 .  
[2026-09-09 13:54:23] [BCOP] 📡 Memantau Blok: 51,073,757 | Total sell: 0 ...
[2026-09-09 13:54:23] [MIO] 📡 Memantau Blok: 51,073,757 | Total sell: 0 .. 
[2026-09-09 13:54:24] [just for you] 📡 Memantau Blok: 51,073,758 | Total sell: 0 .. 
[2026-09-09 13:54:24] [PIPEDOG] 📡 Memantau Blok: 51,073,758 | Total sell: 0 .. 
[2026-09-09 13:54:24] [BCOP] 📡 Memantau Blok: 51,073,758 | Total sell: 0 .  
[2026-09-09 13:54:24] [MIO] 📡 Memantau Blok: 51,073,758 | Total sell: 0 ...
[2026-09-09 13:54:25] [just for you] 📡 Memantau Blok: 51,073,758 | Total sell: 0 ...
[2026-09-09 13:54:26] [PIPEDOG] 📡 Memantau Blok: 51,073,759 | Total sell: 0 ...
[2026-09-09 13:54:26] [BCOP] 📡 Memantau Blok: 51,073,759 | Total sell: 0 .. 
[2026-09-09 13:54:26] [MIO] 📡 Memantau Blok: 51,073,759 | Total sell: 0 .  
[2026-09-09 13:54:26] [just for you] 📡 Memantau Blok: 51,073,759 | Total sell: 0 .  
[2026-09-09 13:54:27] [PIPEDOG] 📡 Memantau Blok: 51,073,759 | Total sell: 0 .  
[2026-09-09 13:54:27] [BCOP] 📡 Memantau Blok: 51,073,759 | Total sell: 0 ...
[2026-09-09 13:54:28] [MIO] 📡 Memantau Blok: 51,073,760 | Total sell: 0 .. 
[2026-09-09 13:54:28] [just for you] 📡 Memantau Blok: 51,073,760 | Total sell: 0 .. 
[2026-09-09 13:54:29] [PIPEDOG] 📡 Memantau Blok: 51,073,760 | Total sell: 0 .. 
[2026-09-09 13:54:29] [BCOP] 📡 Memantau Blok: 51,073,760 | Total sell: 0 .  
[2026-09-09 13:54:29] [MIO] 📡 Memantau Blok: 51,073,760 | Total sell: 0 ...
[2026-09-09 13:54:30] [just for you] 📡 Memantau Blok: 51,073,761 | Total sell: 0 ...
[2026-09-09 13:54:30] [PIPEDOG] 📡 Memantau Blok: 51,073,761 | Total sell: 0 ...
[2026-09-09 13:54:30] [BCOP] 📡 Memantau Blok: 51,073,761 | Total sell: 0 .. 
[2026-09-09 13:54:31] [MIO] 📡 Memantau Blok: 51,073,761 | Total sell: 0 .  
[2026-09-09 13:54:31] [just for you] 📡 Memantau Blok: 51,073,761 | Total sell: 0 .  
[2026-09-09 13:54:32] [PIPEDOG] 📡 Memantau Blok: 51,073,762 | Total sell: 0 .  
[2026-09-09 13:54:32] [BCOP] 📡 Memantau Blok: 51,073,762 | Total sell: 0 ...
[2026-09-09 13:54:32] [MIO] 📡 Memantau Blok: 51,073,762 | Total sell: 0 .. 
[2026-09-09 13:54:33] [just for you] 📡 Memantau Blok: 51,073,762 | Total sell: 0 .. 
[2026-09-09 13:54:33] [PIPEDOG] 📡 Memantau Blok: 51,073,763 | Total sell: 0 .. 
[2026-09-09 13:54:34] [BCOP] 📡 Memantau Blok: 51,073,763 | Total sell: 0 .  
[2026-09-09 13:54:34] [MIO] 📡 Memantau Blok: 51,073,763 | Total sell: 0 ...
[2026-09-09 13:54:34] [just for you] 📡 Memantau Blok: 51,073,763 | Total sell: 0 ...
[2026-09-09 13:54:35] [PIPEDOG] 📡 Memantau Blok: 51,073,763 | Total sell: 0 ...
[2026-09-09 13:54:35] [BCOP] 📡 Memantau Blok: 51,073,763 | Total sell: 0 .. 
[2026-09-09 13:54:35] [MIO] 📡 Memantau Blok: 51,073,763 | Total sell: 0 .  
[2026-09-09 13:54:36] [just for you] 📡 Memantau Blok: 51,073,764 | Total sell: 0 .  
[2026-09-09 13:54:36] [PIPEDOG] 📡 Memantau Blok: 51,073,764 | Total sell: 0 .  
[2026-09-09 13:54:36] [BCOP] 📡 Memantau Blok: 51,073,764 | Total sell: 0 ...
[2026-09-09 13:54:37] [MIO] 📡 Memantau Blok: 51,073,764 | Total sell: 0 .. 
[2026-09-09 13:54:37] [just for you] 📡 Memantau Blok: 51,073,764 | Total sell: 0 .. 
[2026-09-09 13:54:38] [PIPEDOG] 📡 Memantau Blok: 51,073,765 | Total sell: 0 .. 
[2026-09-09 13:54:38] [BCOP] 📡 Memantau Blok: 51,073,765 | Total sell: 0 .  
[2026-09-09 13:54:38] [MIO] 📡 Memantau Blok: 51,073,765 | Total sell: 0 ...
[2026-09-09 13:54:39] [just for you] 📡 Memantau Blok: 51,073,765 | Total sell: 0 ...
[2026-09-09 13:54:40] [BCOP] 📡 Memantau Blok: 51,073,766 | Total sell: 0 .. 
[2026-09-09 13:54:40] [MIO] 📡 Memantau Blok: 51,073,766 | Total sell: 0 .  
[2026-09-09 13:54:40] [PIPEDOG] 📡 Memantau Blok: 51,073,766 | Total sell: 0 ...
[2026-09-09 13:54:40] [just for you] 📡 Memantau Blok: 51,073,766 | Total sell: 0 .  
[2026-09-09 13:54:41] [BCOP] 📡 Memantau Blok: 51,073,766 | Total sell: 0 ...
[2026-09-09 13:54:42] [PIPEDOG] 📡 Memantau Blok: 51,073,767 | Total sell: 0 .  
[2026-09-09 13:54:42] [just for you] 📡 Memantau Blok: 51,073,767 | Total sell: 0 .. 
[2026-09-09 13:54:42] [MIO] 📡 Memantau Blok: 51,073,767 | Total sell: 0 .. 
[2026-09-09 13:54:43] [BCOP] 📡 Memantau Blok: 51,073,767 | Total sell: 0 .  
[2026-09-09 13:54:43] [PIPEDOG] 📡 Memantau Blok: 51,073,767 | Total sell: 0 .. 
[2026-09-09 13:54:44] [just for you] 📡 Memantau Blok: 51,073,768 | Total sell: 0 ...
[2026-09-09 13:54:44] [MIO] 📡 Memantau Blok: 51,073,768 | Total sell: 0 ...
[2026-09-09 13:54:44] [BCOP] 📡 Memantau Blok: 51,073,768 | Total sell: 0 .. 
[2026-09-09 13:54:45] [PIPEDOG] 📡 Memantau Blok: 51,073,768 | Total sell: 0 ...
[2026-09-09 13:54:45] [MIO] 📡 Memantau Blok: 51,073,768 | Total sell: 0 .  
[2026-09-09 13:54:45] [just for you] 📡 Memantau Blok: 51,073,768 | Total sell: 0 .  
[2026-09-09 13:54:46] [BCOP] 📡 Memantau Blok: 51,073,769 | Total sell: 0 ...
[2026-09-09 13:54:46] [PIPEDOG] 📡 Memantau Blok: 51,073,769 | Total sell: 0 .  
[2026-09-09 13:54:47] [MIO] 📡 Memantau Blok: 51,073,769 | Total sell: 0 .. 
[2026-09-09 13:54:47] [just for you] 📡 Memantau Blok: 51,073,769 | Total sell: 0 .. 
[2026-09-09 13:54:47] [BCOP] 📡 Memantau Blok: 51,073,769 | Total sell: 0 .  
[2026-09-09 13:54:48] [PIPEDOG] 📡 Memantau Blok: 51,073,770 | Total sell: 0 .. 
[2026-09-09 13:54:48] [just for you] 📡 Memantau Blok: 51,073,770 | Total sell: 0 ...
[2026-09-09 13:54:48] [MIO] 📡 Memantau Blok: 51,073,770 | Total sell: 0 ...
[2026-09-09 13:54:49] [BCOP] 📡 Memantau Blok: 51,073,770 | Total sell: 0 .. 
[2026-09-09 13:54:50] [PIPEDOG] 📡 Memantau Blok: 51,073,771 | Total sell: 0 ...
[2026-09-09 13:54:50] [just for you] 📡 Memantau Blok: 51,073,771 | Total sell: 0 .  
[2026-09-09 13:54:50] [MIO] 📡 Memantau Blok: 51,073,771 | Total sell: 0 .  
[2026-09-09 13:54:50] [BCOP] 📡 Memantau Blok: 51,073,771 | Total sell: 0 ...
[2026-09-09 13:54:51] [PIPEDOG] 📡 Memantau Blok: 51,073,771 | Total sell: 0 .  
[2026-09-09 13:54:52] [MIO] 📡 Memantau Blok: 51,073,772 | Total sell: 0 .. 
[2026-09-09 13:54:52] [BCOP] 📡 Memantau Blok: 51,073,772 | Total sell: 0 .  
[2026-09-09 13:54:52] [just for you] 📡 Memantau Blok: 51,073,772 | Total sell: 0 .. 
[2026-09-09 13:54:52] [PIPEDOG] 📡 Memantau Blok: 51,073,772 | Total sell: 0 .. 
[2026-09-09 13:54:53] [MIO] 📡 Memantau Blok: 51,073,772 | Total sell: 0 ...
[2026-09-09 13:54:53] [BCOP] 📡 Memantau Blok: 51,073,773 | Total sell: 0 .. 
[2026-09-09 13:54:54] [PIPEDOG] 📡 Memantau Blok: 51,073,773 | Total sell: 0 ...
[2026-09-09 13:54:54] [just for you] 📡 Memantau Blok: 51,073,773 | Total sell: 0 ...
[2026-09-09 13:54:54] [MIO] 📡 Memantau Blok: 51,073,773 | Total sell: 0 .  
[2026-09-09 13:54:55] [BCOP] 📡 Memantau Blok: 51,073,773 | Total sell: 0 ...
[2026-09-09 13:54:56] [just for you] 📡 Memantau Blok: 51,073,774 | Total sell: 0 .  
[2026-09-09 13:54:56] [PIPEDOG] 📡 Memantau Blok: 51,073,774 | Total sell: 0 .  
[2026-09-09 13:54:56] [MIO] 📡 Memantau Blok: 51,073,774 | Total sell: 0 .. 
[2026-09-09 13:54:56] [BCOP] 📡 Memantau Blok: 51,073,774 | Total sell: 0 .  
[2026-09-09 13:54:57] [just for you] 📡 Memantau Blok: 51,073,774 | Total sell: 0 .. 
[2026-09-09 13:54:57] [PIPEDOG] 📡 Memantau Blok: 51,073,774 | Total sell: 0 .. 
[2026-09-09 13:54:58] [MIO] 📡 Memantau Blok: 51,073,775 | Total sell: 0 ...
[2026-09-09 13:54:58] [BCOP] 📡 Memantau Blok: 51,073,775 | Total sell: 0 .. 
[2026-09-09 13:54:59] [just for you] 📡 Memantau Blok: 51,073,775 | Total sell: 0 ...
[2026-09-09 13:54:59] [PIPEDOG] 📡 Memantau Blok: 51,073,775 | Total sell: 0 ...
[2026-09-09 13:54:59] [MIO] 📡 Memantau Blok: 51,073,775 | Total sell: 0 .  
[2026-09-09 13:55:00] [BCOP] 📡 Memantau Blok: 51,073,776 | Total sell: 0 ...
[2026-09-09 13:55:00] [just for you] 📡 Memantau Blok: 51,073,776 | Total sell: 0 .  
[2026-09-09 13:55:00] [PIPEDOG] 📡 Memantau Blok: 51,073,776 | Total sell: 0 .  
[2026-09-09 13:55:00] [MIO] 📡 Memantau Blok: 51,073,776 | Total sell: 0 .. 
[2026-09-09 13:55:01] [BCOP] 📡 Memantau Blok: 51,073,776 | Total sell: 0 .  
[2026-09-09 13:55:02] [just for you] 📡 Memantau Blok: 51,073,777 | Total sell: 0 .. 
[2026-09-09 13:55:02] [PIPEDOG] 📡 Memantau Blok: 51,073,777 | Total sell: 0 .. 
[2026-09-09 13:55:02] [MIO] 📡 Memantau Blok: 51,073,777 | Total sell: 0 ...
[2026-09-09 13:55:03] [BCOP] 📡 Memantau Blok: 51,073,777 | Total sell: 0 .. 
[2026-09-09 13:55:03] [just for you] 📡 Memantau Blok: 51,073,777 | Total sell: 0 ...
[2026-09-09 13:55:03] [PIPEDOG] 📡 Memantau Blok: 51,073,777 | Total sell: 0 ...
[2026-09-09 13:55:04] [MIO] 📡 Memantau Blok: 51,073,778 | Total sell: 0 .  
[2026-09-09 13:55:04] [BCOP] 📡 Memantau Blok: 51,073,778 | Total sell: 0 ...
[2026-09-09 13:55:05] [just for you] 📡 Memantau Blok: 51,073,778 | Total sell: 0 .  
[2026-09-09 13:55:05] [PIPEDOG] 📡 Memantau Blok: 51,073,778 | Total sell: 0 .  
[2026-09-09 13:55:05] [MIO] 📡 Memantau Blok: 51,073,778 | Total sell: 0 .. 
[2026-09-09 13:55:06] [BCOP] 📡 Memantau Blok: 51,073,779 | Total sell: 0 .  
[2026-09-09 13:55:06] [just for you] 📡 Memantau Blok: 51,073,779 | Total sell: 0 .. 
[2026-09-09 13:55:06] [PIPEDOG] 📡 Memantau Blok: 51,073,779 | Total sell: 0 .. 
[2026-09-09 13:55:07] [MIO] 📡 Memantau Blok: 51,073,779 | Total sell: 0 ...
[2026-09-09 13:55:07] [BCOP] 📡 Memantau Blok: 51,073,779 | Total sell: 0 .. 
[2026-09-09 13:55:08] [just for you] 📡 Memantau Blok: 51,073,780 | Total sell: 0 ...
[2026-09-09 13:55:08] [PIPEDOG] 📡 Memantau Blok: 51,073,780 | Total sell: 0 ...
[2026-09-09 13:55:08] [MIO] 📡 Memantau Blok: 51,073,780 | Total sell: 0 .  
[2026-09-09 13:55:09] [BCOP] 📡 Memantau Blok: 51,073,780 | Total sell: 0 ...
[2026-09-09 13:55:09] [just for you] 📡 Memantau Blok: 51,073,780 | Total sell: 0 .  
[2026-09-09 13:55:10] [PIPEDOG] 📡 Memantau Blok: 51,073,781 | Total sell: 0 .  
[2026-09-09 13:55:10] [MIO] 📡 Memantau Blok: 51,073,781 | Total sell: 0 .. 
[2026-09-09 13:55:10] [BCOP] 📡 Memantau Blok: 51,073,781 | Total sell: 0 .  
[2026-09-09 13:55:11] [just for you] 📡 Memantau Blok: 51,073,781 | Total sell: 0 .. 
[2026-09-09 13:55:11] [PIPEDOG] 📡 Memantau Blok: 51,073,781 | Total sell: 0 .. 
[2026-09-09 13:55:11] [MIO] 📡 Memantau Blok: 51,073,781 | Total sell: 0 ...
[2026-09-09 13:55:12] [BCOP] 📡 Memantau Blok: 51,073,782 | Total sell: 0 .. 
[2026-09-09 13:55:12] [just for you] 📡 Memantau Blok: 51,073,782 | Total sell: 0 ...
[2026-09-09 13:55:12] [PIPEDOG] 📡 Memantau Blok: 51,073,782 | Total sell: 0 ...
[2026-09-09 13:55:13] [MIO] 📡 Memantau Blok: 51,073,782 | Total sell: 0 .  
[2026-09-09 13:55:13] [BCOP] 📡 Memantau Blok: 51,073,782 | Total sell: 0 ...
[2026-09-09 13:55:14] [just for you] 📡 Memantau Blok: 51,073,783 | Total sell: 0 .  
[2026-09-09 13:55:14] [PIPEDOG] 📡 Memantau Blok: 51,073,783 | Total sell: 0 .  
[2026-09-09 13:55:14] [MIO] 📡 Memantau Blok: 51,073,783 | Total sell: 0 .. 
[2026-09-09 13:55:15] [BCOP] 📡 Memantau Blok: 51,073,783 | Total sell: 0 .  
[2026-09-09 13:55:16] [just for you] 📡 Memantau Blok: 51,073,784 | Total sell: 0 .. 
[2026-09-09 13:55:16] [PIPEDOG] 📡 Memantau Blok: 51,073,784 | Total sell: 0 .. 
[2026-09-09 13:55:16] [MIO] 📡 Memantau Blok: 51,073,784 | Total sell: 0 ...
[2026-09-09 13:55:16] [BCOP] 📡 Memantau Blok: 51,073,784 | Total sell: 0 .. 
[2026-09-09 13:55:17] [just for you] 📡 Memantau Blok: 51,073,784 | Total sell: 0 ...
[2026-09-09 13:55:17] [PIPEDOG] 📡 Memantau Blok: 51,073,784 | Total sell: 0 ...
[2026-09-09 13:55:17] [MIO] 📡 Memantau Blok: 51,073,784 | Total sell: 0 .  
[2026-09-09 13:55:18] [BCOP] 📡 Memantau Blok: 51,073,785 | Total sell: 0 ...
[2026-09-09 13:55:18] [just for you] 📡 Memantau Blok: 51,073,785 | Total sell: 0 .  
[2026-09-09 13:55:19] [PIPEDOG] 📡 Memantau Blok: 51,073,785 | Total sell: 0 .  
[2026-09-09 13:55:19] [MIO] 📡 Memantau Blok: 51,073,785 | Total sell: 0 .. 
[2026-09-09 13:55:20] [BCOP] 📡 Memantau Blok: 51,073,786 | Total sell: 0 .  
[2026-09-09 13:55:20] [just for you] 📡 Memantau Blok: 51,073,786 | Total sell: 0 .. 
[2026-09-09 13:55:20] [PIPEDOG] 📡 Memantau Blok: 51,073,786 | Total sell: 0 .. 
[2026-09-09 13:55:20] [MIO] 📡 Memantau Blok: 51,073,786 | Total sell: 0 ...
[2026-09-09 13:55:21] [BCOP] 📡 Memantau Blok: 51,073,786 | Total sell: 0 .. 
[2026-09-09 13:55:22] [just for you] 📡 Memantau Blok: 51,073,787 | Total sell: 0 ...
[2026-09-09 13:55:22] [PIPEDOG] 📡 Memantau Blok: 51,073,787 | Total sell: 0 ...
[2026-09-09 13:55:22] [MIO] 📡 Memantau Blok: 51,073,787 | Total sell: 0 .  
[2026-09-09 13:55:22] [BCOP] 📡 Memantau Blok: 51,073,787 | Total sell: 0 ...
[2026-09-09 13:55:23] [just for you] 📡 Memantau Blok: 51,073,787 | Total sell: 0 .  
[2026-09-09 13:55:23] [PIPEDOG] 📡 Memantau Blok: 51,073,787 | Total sell: 0 .  
[2026-09-09 13:55:23] [MIO] 📡 Memantau Blok: 51,073,788 | Total sell: 0 .. 
[2026-09-09 13:55:24] [BCOP] 📡 Memantau Blok: 51,073,788 | Total sell: 0 .  
[2026-09-09 13:55:25] [just for you] 📡 Memantau Blok: 51,073,788 | Total sell: 0 .. 
[2026-09-09 13:55:25] [PIPEDOG] 📡 Memantau Blok: 51,073,788 | Total sell: 0 .. 
[2026-09-09 13:55:25] [MIO] 📡 Memantau Blok: 51,073,788 | Total sell: 0 ...
[2026-09-09 13:55:26] [BCOP] 📡 Memantau Blok: 51,073,789 | Total sell: 0 .. 
[2026-09-09 13:55:26] [just for you] 📡 Memantau Blok: 51,073,789 | Total sell: 0 ...
[2026-09-09 13:55:26] [PIPEDOG] 📡 Memantau Blok: 51,073,789 | Total sell: 0 ...
[2026-09-09 13:55:26] [MIO] 📡 Memantau Blok: 51,073,789 | Total sell: 0 .  
[2026-09-09 13:55:27] [BCOP] 📡 Memantau Blok: 51,073,789 | Total sell: 0 ...
[2026-09-09 13:55:28] [just for you] 📡 Memantau Blok: 51,073,790 | Total sell: 0 .  
[2026-09-09 13:55:28] [PIPEDOG] 📡 Memantau Blok: 51,073,790 | Total sell: 0 .  
[2026-09-09 13:55:28] [MIO] 📡 Memantau Blok: 51,073,790 | Total sell: 0 .. 
[2026-09-09 13:55:29] [BCOP] 📡 Memantau Blok: 51,073,790 | Total sell: 0 .  
[2026-09-09 13:55:29] [just for you] 📡 Memantau Blok: 51,073,790 | Total sell: 0 .. 
[2026-09-09 13:55:29] [PIPEDOG] 📡 Memantau Blok: 51,073,790 | Total sell: 0 .. 
[2026-09-09 13:55:30] [MIO] 📡 Memantau Blok: 51,073,791 | Total sell: 0 ...
[2026-09-09 13:55:30] [BCOP] 📡 Memantau Blok: 51,073,791 | Total sell: 0 .. 
[2026-09-09 13:55:31] [just for you] 📡 Memantau Blok: 51,073,791 | Total sell: 0 ...
[2026-09-09 13:55:31] [PIPEDOG] 📡 Memantau Blok: 51,073,791 | Total sell: 0 ...
[2026-09-09 13:55:31] [MIO] 📡 Memantau Blok: 51,073,791 | Total sell: 0 .  
[2026-09-09 13:55:32] [BCOP] 📡 Memantau Blok: 51,073,792 | Total sell: 0 ...
[2026-09-09 13:55:32] [just for you] 📡 Memantau Blok: 51,073,792 | Total sell: 0 .  
[2026-09-09 13:55:32] [PIPEDOG] 📡 Memantau Blok: 51,073,792 | Total sell: 0 .  
[2026-09-09 13:55:32] [MIO] 📡 Memantau Blok: 51,073,792 | Total sell: 0 .. 
[2026-09-09 13:55:33] [BCOP] 📡 Memantau Blok: 51,073,792 | Total sell: 0 .  
[2026-09-09 13:55:34] [just for you] 📡 Memantau Blok: 51,073,793 | Total sell: 0 .. 
[2026-09-09 13:55:34] [PIPEDOG] 📡 Memantau Blok: 51,073,793 | Total sell: 0 .. 
[2026-09-09 13:55:34] [MIO] 📡 Memantau Blok: 51,073,793 | Total sell: 0 ...
[2026-09-09 13:55:35] [BCOP] 📡 Memantau Blok: 51,073,793 | Total sell: 0 .. 
[2026-09-09 13:55:35] [just for you] 📡 Memantau Blok: 51,073,794 | Total sell: 0 ...
[2026-09-09 13:55:36] [PIPEDOG] 📡 Memantau Blok: 51,073,794 | Total sell: 0 ...
[2026-09-09 13:55:36] [MIO] 📡 Memantau Blok: 51,073,794 | Total sell: 0 .  
[2026-09-09 13:55:36] [BCOP] 📡 Memantau Blok: 51,073,794 | Total sell: 0 ...
[2026-09-09 13:55:37] [just for you] 📡 Memantau Blok: 51,073,794 | Total sell: 0 .  
[2026-09-09 13:55:37] [PIPEDOG] 📡 Memantau Blok: 51,073,794 | Total sell: 0 .  
[2026-09-09 13:55:37] [MIO] 📡 Memantau Blok: 51,073,794 | Total sell: 0 .. 
[2026-09-09 13:55:38] [BCOP] 📡 Memantau Blok: 51,073,795 | Total sell: 0 .  
[2026-09-09 13:55:38] [just for you] 📡 Memantau Blok: 51,073,795 | Total sell: 0 .. 
[2026-09-09 13:55:38] [PIPEDOG] 📡 Memantau Blok: 51,073,795 | Total sell: 0 .. 
[2026-09-09 13:55:39] [MIO] 📡 Memantau Blok: 51,073,795 | Total sell: 0 ...
[2026-09-09 13:55:39] [BCOP] 📡 Memantau Blok: 51,073,795 | Total sell: 0 .. 
[2026-09-09 13:55:40] [just for you] 📡 Memantau Blok: 51,073,796 | Total sell: 0 ...
[2026-09-09 13:55:40] [PIPEDOG] 📡 Memantau Blok: 51,073,796 | Total sell: 0 ...
[2026-09-09 13:55:40] [MIO] 📡 Memantau Blok: 51,073,796 | Total sell: 0 .  
[2026-09-09 13:55:41] [BCOP] 📡 Memantau Blok: 51,073,796 | Total sell: 0 ...
[2026-09-09 13:55:42] [just for you] 📡 Memantau Blok: 51,073,797 | Total sell: 0 .  
[2026-09-09 13:55:42] [PIPEDOG] 📡 Memantau Blok: 51,073,797 | Total sell: 0 .  
[2026-09-09 13:55:42] [MIO] 📡 Memantau Blok: 51,073,797 | Total sell: 0 .. 
[2026-09-09 13:55:42] [BCOP] 📡 Memantau Blok: 51,073,797 | Total sell: 0 .  
[2026-09-09 13:55:43] [just for you] 📡 Memantau Blok: 51,073,797 | Total sell: 0 .. 
[2026-09-09 13:55:43] [PIPEDOG] 📡 Memantau Blok: 51,073,797 | Total sell: 0 .. 
[2026-09-09 13:55:43] [MIO] 📡 Memantau Blok: 51,073,797 | Total sell: 0 ...
[2026-09-09 13:55:44] [BCOP] 📡 Memantau Blok: 51,073,798 | Total sell: 0 .. 
[2026-09-09 13:55:44] [just for you] 📡 Memantau Blok: 51,073,798 | Total sell: 0 ...
[2026-09-09 13:55:45] [PIPEDOG] 📡 Memantau Blok: 51,073,798 | Total sell: 0 ...
[2026-09-09 13:55:45] [MIO] 📡 Memantau Blok: 51,073,798 | Total sell: 0 .  
[2026-09-09 13:55:46] [BCOP] 📡 Memantau Blok: 51,073,799 | Total sell: 0 ...
[2026-09-09 13:55:46] [just for you] 📡 Memantau Blok: 51,073,799 | Total sell: 0 .  
[2026-09-09 13:55:46] [PIPEDOG] 📡 Memantau Blok: 51,073,799 | Total sell: 0 .  
[2026-09-09 13:55:46] [MIO] 📡 Memantau Blok: 51,073,799 | Total sell: 0 .. 
[2026-09-09 13:55:47] [BCOP] 📡 Memantau Blok: 51,073,799 | Total sell: 0 .  
[2026-09-09 13:55:48] [just for you] 📡 Memantau Blok: 51,073,800 | Total sell: 0 .. 
[2026-09-09 13:55:48] [PIPEDOG] 📡 Memantau Blok: 51,073,800 | Total sell: 0 .. 
[2026-09-09 13:55:48] [MIO] 📡 Memantau Blok: 51,073,800 | Total sell: 0 ...
[2026-09-09 13:55:48] [BCOP] 📡 Memantau Blok: 51,073,800 | Total sell: 0 .. 
[2026-09-09 13:55:49] [just for you] 📡 Memantau Blok: 51,073,800 | Total sell: 0 ...
[2026-09-09 13:55:49] [PIPEDOG] 📡 Memantau Blok: 51,073,800 | Total sell: 0 ...
[2026-09-09 13:55:49] [MIO] 📡 Memantau Blok: 51,073,801 | Total sell: 0 .  
[2026-09-09 13:55:50] [BCOP] 📡 Memantau Blok: 51,073,801 | Total sell: 0 ...
[2026-09-09 13:55:51] [just for you] 📡 Memantau Blok: 51,073,801 | Total sell: 0 .  
[2026-09-09 13:55:51] [PIPEDOG] 📡 Memantau Blok: 51,073,801 | Total sell: 0 .  
[2026-09-09 13:55:51] [MIO] 📡 Memantau Blok: 51,073,801 | Total sell: 0 .. 
[2026-09-09 13:55:52] [BCOP] 📡 Memantau Blok: 51,073,802 | Total sell: 0 .  
[2026-09-09 13:55:52] [just for you] 📡 Memantau Blok: 51,073,802 | Total sell: 0 .. 
[2026-09-09 13:55:52] [PIPEDOG] 📡 Memantau Blok: 51,073,802 | Total sell: 0 .. 
[2026-09-09 13:55:52] [MIO] 📡 Memantau Blok: 51,073,802 | Total sell: 0 ...
[2026-09-09 13:55:53] [BCOP] 📡 Memantau Blok: 51,073,802 | Total sell: 0 .. 
[2026-09-09 13:55:54] [just for you] 📡 Memantau Blok: 51,073,803 | Total sell: 0 ...
[2026-09-09 13:55:54] [PIPEDOG] 📡 Memantau Blok: 51,073,803 | Total sell: 0 ...
[2026-09-09 13:55:54] [MIO] 📡 Memantau Blok: 51,073,803 | Total sell: 0 .  
[2026-09-09 13:55:54] [BCOP] 📡 Memantau Blok: 51,073,803 | Total sell: 0 ...
[2026-09-09 13:55:55] [just for you] 📡 Memantau Blok: 51,073,803 | Total sell: 0 .  
[2026-09-09 13:55:55] [PIPEDOG] 📡 Memantau Blok: 51,073,804 | Total sell: 0 .  
[2026-09-09 13:55:56] [MIO] 📡 Memantau Blok: 51,073,804 | Total sell: 0 .. 
[2026-09-09 13:55:56] [BCOP] 📡 Memantau Blok: 51,073,804 | Total sell: 0 .  
[2026-09-09 13:55:57] [just for you] 📡 Memantau Blok: 51,073,804 | Total sell: 0 .. 
[2026-09-09 13:55:57] [PIPEDOG] 📡 Memantau Blok: 51,073,804 | Total sell: 0 .. 
[2026-09-09 13:55:57] [MIO] 📡 Memantau Blok: 51,073,804 | Total sell: 0 ...
[2026-09-09 13:55:58] [BCOP] 📡 Memantau Blok: 51,073,805 | Total sell: 0 .. 
[2026-09-09 13:55:58] [just for you] 📡 Memantau Blok: 51,073,805 | Total sell: 0 ...
[2026-09-09 13:55:58] [PIPEDOG] 📡 Memantau Blok: 51,073,805 | Total sell: 0 ...
[2026-09-09 13:55:59] [MIO] 📡 Memantau Blok: 51,073,805 | Total sell: 0 .  
[2026-09-09 13:55:59] [BCOP] 📡 Memantau Blok: 51,073,805 | Total sell: 0 ...
[2026-09-09 13:56:00] [just for you] 📡 Memantau Blok: 51,073,806 | Total sell: 0 .  
[2026-09-09 13:56:00] [PIPEDOG] 📡 Memantau Blok: 51,073,806 | Total sell: 0 .  
[2026-09-09 13:56:00] [MIO] 📡 Memantau Blok: 51,073,806 | Total sell: 0 .. 
[2026-09-09 13:56:01] [BCOP] 📡 Memantau Blok: 51,073,806 | Total sell: 0 .  
[2026-09-09 13:56:01] [just for you] 📡 Memantau Blok: 51,073,807 | Total sell: 0 .. 
[2026-09-09 13:56:02] [PIPEDOG] 📡 Memantau Blok: 51,073,807 | Total sell: 0 .. 
[2026-09-09 13:56:02] [MIO] 📡 Memantau Blok: 51,073,807 | Total sell: 0 ...
[2026-09-09 13:56:02] [BCOP] 📡 Memantau Blok: 51,073,807 | Total sell: 0 .. 
[2026-09-09 13:56:03] [just for you] 📡 Memantau Blok: 51,073,807 | Total sell: 0 ...
[2026-09-09 13:56:03] [PIPEDOG] 📡 Memantau Blok: 51,073,807 | Total sell: 0 ...
[2026-09-09 13:56:03] [MIO] 📡 Memantau Blok: 51,073,807 | Total sell: 0 .  
[2026-09-09 13:56:04] [BCOP] 📡 Memantau Blok: 51,073,808 | Total sell: 0 ...
[2026-09-09 13:56:04] [just for you] 📡 Memantau Blok: 51,073,808 | Total sell: 0 .  
[2026-09-09 13:56:05] [PIPEDOG] 📡 Memantau Blok: 51,073,808 | Total sell: 0 .  
[2026-09-09 13:56:05] [MIO] 📡 Memantau Blok: 51,073,808 | Total sell: 0 .. 
[2026-09-09 13:56:06] [BCOP] 📡 Memantau Blok: 51,073,809 | Total sell: 0 .  
[2026-09-09 13:56:06] [just for you] 📡 Memantau Blok: 51,073,809 | Total sell: 0 .. 
[2026-09-09 13:56:06] [PIPEDOG] 📡 Memantau Blok: 51,073,809 | Total sell: 0 .. 
[2026-09-09 13:56:06] [MIO] 📡 Memantau Blok: 51,073,809 | Total sell: 0 ...
[2026-09-09 13:56:07] [BCOP] 📡 Memantau Blok: 51,073,809 | Total sell: 0 .. 
[2026-09-09 13:56:08] [just for you] 📡 Memantau Blok: 51,073,810 | Total sell: 0 ...
[2026-09-09 13:56:08] [PIPEDOG] 📡 Memantau Blok: 51,073,810 | Total sell: 0 ...
[2026-09-09 13:56:08] [MIO] 📡 Memantau Blok: 51,073,810 | Total sell: 0 .  
[2026-09-09 13:56:08] [BCOP] 📡 Memantau Blok: 51,073,810 | Total sell: 0 ...
[2026-09-09 13:56:09] [just for you] 📡 Memantau Blok: 51,073,810 | Total sell: 0 .  
[2026-09-09 13:56:09] [PIPEDOG] 📡 Memantau Blok: 51,073,810 | Total sell: 0 .  
[2026-09-09 13:56:09] [MIO] 📡 Memantau Blok: 51,073,810 | Total sell: 0 .. 
[2026-09-09 13:56:10] [BCOP] 📡 Memantau Blok: 51,073,811 | Total sell: 0 .  
[2026-09-09 13:56:10] [just for you] 📡 Memantau Blok: 51,073,811 | Total sell: 0 .. 
[2026-09-09 13:56:11] [PIPEDOG] 📡 Memantau Blok: 51,073,811 | Total sell: 0 .. 
[2026-09-09 13:56:11] [MIO] 📡 Memantau Blok: 51,073,811 | Total sell: 0 ...
[2026-09-09 13:56:12] [BCOP] 📡 Memantau Blok: 51,073,812 | Total sell: 0 .. 
[2026-09-09 13:56:12] [just for you] 📡 Memantau Blok: 51,073,812 | Total sell: 0 ...
[2026-09-09 13:56:12] [PIPEDOG] 📡 Memantau Blok: 51,073,812 | Total sell: 0 ...
[2026-09-09 13:56:12] [MIO] 📡 Memantau Blok: 51,073,812 | Total sell: 0 .  
[2026-09-09 13:56:13] [BCOP] 📡 Memantau Blok: 51,073,812 | Total sell: 0 ...
[2026-09-09 13:56:14] [just for you] 📡 Memantau Blok: 51,073,813 | Total sell: 0 .  
[2026-09-09 13:56:14] [PIPEDOG] 📡 Memantau Blok: 51,073,813 | Total sell: 0 .  
[2026-09-09 13:56:14] [MIO] 📡 Memantau Blok: 51,073,813 | Total sell: 0 .. 
[2026-09-09 13:56:15] [BCOP] 📡 Memantau Blok: 51,073,813 | Total sell: 0 .  
[2026-09-09 13:56:15] [just for you] 📡 Memantau Blok: 51,073,813 | Total sell: 0 .. 
[2026-09-09 13:56:15] [PIPEDOG] 📡 Memantau Blok: 51,073,813 | Total sell: 0 .. 
[2026-09-09 13:56:16] [MIO] 📡 Memantau Blok: 51,073,814 | Total sell: 0 ...
[2026-09-09 13:56:16] [BCOP] 📡 Memantau Blok: 51,073,814 | Total sell: 0 .. 
[2026-09-09 13:56:17] [just for you] 📡 Memantau Blok: 51,073,814 | Total sell: 0 ...
[2026-09-09 13:56:17] [PIPEDOG] 📡 Memantau Blok: 51,073,814 | Total sell: 0 ...
[2026-09-09 13:56:17] [MIO] 📡 Memantau Blok: 51,073,814 | Total sell: 0 .  
[2026-09-09 13:56:18] [BCOP] 📡 Memantau Blok: 51,073,815 | Total sell: 0 ...
[2026-09-09 13:56:18] [just for you] 📡 Memantau Blok: 51,073,815 | Total sell: 0 .  
[2026-09-09 13:56:18] [PIPEDOG] 📡 Memantau Blok: 51,073,815 | Total sell: 0 .  
[2026-09-09 13:56:19] [MIO] 📡 Memantau Blok: 51,073,815 | Total sell: 0 .. 
[2026-09-09 13:56:19] [BCOP] 📡 Memantau Blok: 51,073,815 | Total sell: 0 .  
[2026-09-09 13:56:20] [PIPEDOG] 📡 Memantau Blok: 51,073,816 | Total sell: 0 .. 
[2026-09-09 13:56:20] [just for you] 📡 Memantau Blok: 51,073,816 | Total sell: 0 .. 
[2026-09-09 13:56:20] [MIO] 📡 Memantau Blok: 51,073,816 | Total sell: 0 ...
[2026-09-09 13:56:21] [BCOP] 📡 Memantau Blok: 51,073,816 | Total sell: 0 .. 
[2026-09-09 13:56:21] [just for you] 📡 Memantau Blok: 51,073,816 | Total sell: 0 ...
[2026-09-09 13:56:21] [PIPEDOG] 📡 Memantau Blok: 51,073,816 | Total sell: 0 ...
[2026-09-09 13:56:22] [MIO] 📡 Memantau Blok: 51,073,817 | Total sell: 0 .  
[2026-09-09 13:56:22] [BCOP] 📡 Memantau Blok: 51,073,817 | Total sell: 0 ...
[2026-09-09 13:56:23] [just for you] 📡 Memantau Blok: 51,073,817 | Total sell: 0 .  
[2026-09-09 13:56:23] [PIPEDOG] 📡 Memantau Blok: 51,073,817 | Total sell: 0 .  
[2026-09-09 13:56:23] [MIO] 📡 Memantau Blok: 51,073,817 | Total sell: 0 .. 
[2026-09-09 13:56:24] [BCOP] 📡 Memantau Blok: 51,073,818 | Total sell: 0 .  
[2026-09-09 13:56:24] [just for you] 📡 Memantau Blok: 51,073,818 | Total sell: 0 .. 
[2026-09-09 13:56:24] [PIPEDOG] 📡 Memantau Blok: 51,073,818 | Total sell: 0 .. 
[2026-09-09 13:56:25] [MIO] 📡 Memantau Blok: 51,073,818 | Total sell: 0 ...
[2026-09-09 13:56:25] [BCOP] 📡 Memantau Blok: 51,073,819 | Total sell: 0 .. 
[2026-09-09 13:56:26] [PIPEDOG] 📡 Memantau Blok: 51,073,819 | Total sell: 0 ...
[2026-09-09 13:56:26] [just for you] 📡 Memantau Blok: 51,073,819 | Total sell: 0 ...
[2026-09-09 13:56:26] [MIO] 📡 Memantau Blok: 51,073,819 | Total sell: 0 .  
[2026-09-09 13:56:27] [BCOP] 📡 Memantau Blok: 51,073,819 | Total sell: 0 ...
[2026-09-09 13:56:27] [PIPEDOG] 📡 Memantau Blok: 51,073,820 | Total sell: 0 .  
[2026-09-09 13:56:27] [just for you] 📡 Memantau Blok: 51,073,820 | Total sell: 0 .  
[2026-09-09 13:56:28] [MIO] 📡 Memantau Blok: 51,073,820 | Total sell: 0 .. 
[2026-09-09 13:56:28] [BCOP] 📡 Memantau Blok: 51,073,820 | Total sell: 0 .  
[2026-09-09 13:56:29] [just for you] 📡 Memantau Blok: 51,073,820 | Total sell: 0 .. 
[2026-09-09 13:56:29] [PIPEDOG] 📡 Memantau Blok: 51,073,820 | Total sell: 0 .. 
[2026-09-09 13:56:29] [MIO] 📡 Memantau Blok: 51,073,820 | Total sell: 0 ...
[2026-09-09 13:56:30] [BCOP] 📡 Memantau Blok: 51,073,821 | Total sell: 0 .. 
[2026-09-09 13:56:30] [just for you] 📡 Memantau Blok: 51,073,821 | Total sell: 0 ...
[2026-09-09 13:56:30] [PIPEDOG] 📡 Memantau Blok: 51,073,821 | Total sell: 0 ...
[2026-09-09 13:56:31] [MIO] 📡 Memantau Blok: 51,073,821 | Total sell: 0 .  
[2026-09-09 13:56:32] [BCOP] 📡 Memantau Blok: 51,073,822 | Total sell: 0 ...
[2026-09-09 13:56:32] [just for you] 📡 Memantau Blok: 51,073,822 | Total sell: 0 .  
[2026-09-09 13:56:32] [PIPEDOG] 📡 Memantau Blok: 51,073,822 | Total sell: 0 .  
[2026-09-09 13:56:32] [MIO] 📡 Memantau Blok: 51,073,822 | Total sell: 0 .. 
[2026-09-09 13:56:33] [BCOP] 📡 Memantau Blok: 51,073,822 | Total sell: 0 .  
[2026-09-09 13:56:34] [just for you] 📡 Memantau Blok: 51,073,823 | Total sell: 0 .. 
[2026-09-09 13:56:34] [PIPEDOG] 📡 Memantau Blok: 51,073,823 | Total sell: 0 .. 
[2026-09-09 13:56:34] [MIO] 📡 Memantau Blok: 51,073,823 | Total sell: 0 ...
[2026-09-09 13:56:35] [BCOP] 📡 Memantau Blok: 51,073,823 | Total sell: 0 .. 
[2026-09-09 13:56:35] [just for you] 📡 Memantau Blok: 51,073,823 | Total sell: 0 ...
[2026-09-09 13:56:35] [PIPEDOG] 📡 Memantau Blok: 51,073,823 | Total sell: 0 ...
[2026-09-09 13:56:36] [MIO] 📡 Memantau Blok: 51,073,824 | Total sell: 0 .  
[2026-09-09 13:56:36] [BCOP] 📡 Memantau Blok: 51,073,824 | Total sell: 0 ...
[2026-09-09 13:56:37] [just for you] 📡 Memantau Blok: 51,073,824 | Total sell: 0 .  
[2026-09-09 13:56:37] [PIPEDOG] 📡 Memantau Blok: 51,073,824 | Total sell: 0 .  
[2026-09-09 13:56:37] [MIO] 📡 Memantau Blok: 51,073,824 | Total sell: 0 .. 
[2026-09-09 13:56:38] [BCOP] 📡 Memantau Blok: 51,073,825 | Total sell: 0 .  
[2026-09-09 13:56:38] [just for you] 📡 Memantau Blok: 51,073,825 | Total sell: 0 .. 
[2026-09-09 13:56:38] [PIPEDOG] 📡 Memantau Blok: 51,073,825 | Total sell: 0 .. 
[2026-09-09 13:56:38] [MIO] 📡 Memantau Blok: 51,073,825 | Total sell: 0 ...
[2026-09-09 13:56:40] [BCOP] 📡 Memantau Blok: 51,073,826 | Total sell: 0 .. 
[2026-09-09 13:56:40] [just for you] 📡 Memantau Blok: 51,073,826 | Total sell: 0 ...
[2026-09-09 13:56:40] [PIPEDOG] 📡 Memantau Blok: 51,073,826 | Total sell: 0 ...
[2026-09-09 13:56:40] [MIO] 📡 Memantau Blok: 51,073,826 | Total sell: 0 .  
[2026-09-09 13:56:41] [BCOP] 📡 Memantau Blok: 51,073,826 | Total sell: 0 ...
[2026-09-09 13:56:41] [just for you] 📡 Memantau Blok: 51,073,826 | Total sell: 0 .  
[2026-09-09 13:56:41] [PIPEDOG] 📡 Memantau Blok: 51,073,826 | Total sell: 0 .  
[2026-09-09 13:56:42] [MIO] 📡 Memantau Blok: 51,073,827 | Total sell: 0 .. 
[2026-09-09 13:56:43] [BCOP] 📡 Memantau Blok: 51,073,827 | Total sell: 0 .  
[2026-09-09 13:56:43] [just for you] 📡 Memantau Blok: 51,073,827 | Total sell: 0 .. 
[2026-09-09 13:56:43] [PIPEDOG] 📡 Memantau Blok: 51,073,827 | Total sell: 0 .. 
[2026-09-09 13:56:43] [MIO] 📡 Memantau Blok: 51,073,827 | Total sell: 0 ...
[2026-09-09 13:56:44] [BCOP] 📡 Memantau Blok: 51,073,828 | Total sell: 0 .. 
[2026-09-09 13:56:44] [just for you] 📡 Memantau Blok: 51,073,828 | Total sell: 0 ...
[2026-09-09 13:56:44] [PIPEDOG] 📡 Memantau Blok: 51,073,828 | Total sell: 0 ...
[2026-09-09 13:56:45] [MIO] 📡 Memantau Blok: 51,073,828 | Total sell: 0 .  
[2026-09-09 13:56:46] [BCOP] 📡 Memantau Blok: 51,073,829 | Total sell: 0 ...
[2026-09-09 13:56:46] [just for you] 📡 Memantau Blok: 51,073,829 | Total sell: 0 .  
[2026-09-09 13:56:46] [PIPEDOG] 📡 Memantau Blok: 51,073,829 | Total sell: 0 .  
[2026-09-09 13:56:46] [MIO] 📡 Memantau Blok: 51,073,829 | Total sell: 0 .. 
[2026-09-09 13:56:47] [BCOP] 📡 Memantau Blok: 51,073,829 | Total sell: 0 .  
[2026-09-09 13:56:47] [just for you] 📡 Memantau Blok: 51,073,830 | Total sell: 0 .. 
[2026-09-09 13:56:47] [PIPEDOG] 📡 Memantau Blok: 51,073,830 | Total sell: 0 .. 
[2026-09-09 13:56:48] [MIO] 📡 Memantau Blok: 51,073,830 | Total sell: 0 ...
[2026-09-09 13:56:49] [BCOP] 📡 Memantau Blok: 51,073,830 | Total sell: 0 .. 
[2026-09-09 13:56:49] [just for you] 📡 Memantau Blok: 51,073,830 | Total sell: 0 ...
[2026-09-09 13:56:49] [PIPEDOG] 📡 Memantau Blok: 51,073,830 | Total sell: 0 ...
[2026-09-09 13:56:49] [MIO] 📡 Memantau Blok: 51,073,830 | Total sell: 0 .  
[2026-09-09 13:56:50] [BCOP] 📡 Memantau Blok: 51,073,831 | Total sell: 0 ...
[2026-09-09 13:56:50] [just for you] 📡 Memantau Blok: 51,073,831 | Total sell: 0 .  
[2026-09-09 13:56:50] [PIPEDOG] 📡 Memantau Blok: 51,073,831 | Total sell: 0 .  
[2026-09-09 13:56:51] [MIO] 📡 Memantau Blok: 51,073,831 | Total sell: 0 .. 
[2026-09-09 13:56:52] [BCOP] 📡 Memantau Blok: 51,073,832 | Total sell: 0 .  
[2026-09-09 13:56:52] [PIPEDOG] 📡 Memantau Blok: 51,073,832 | Total sell: 0 .. 
[2026-09-09 13:56:52] [just for you] 📡 Memantau Blok: 51,073,832 | Total sell: 0 .. 
[2026-09-09 13:56:52] [MIO] 📡 Memantau Blok: 51,073,832 | Total sell: 0 ...
[2026-09-09 13:56:53] [BCOP] 📡 Memantau Blok: 51,073,833 | Total sell: 0 .. 
[2026-09-09 13:56:54] [just for you] 📡 Memantau Blok: 51,073,833 | Total sell: 0 ...
[2026-09-09 13:56:54] [PIPEDOG] 📡 Memantau Blok: 51,073,833 | Total sell: 0 ...
[2026-09-09 13:56:54] [MIO] 📡 Memantau Blok: 51,073,833 | Total sell: 0 .  
[2026-09-09 13:56:55] [BCOP] 📡 Memantau Blok: 51,073,833 | Total sell: 0 ...
[2026-09-09 13:56:55] [just for you] 📡 Memantau Blok: 51,073,833 | Total sell: 0 .  
[2026-09-09 13:56:55] [PIPEDOG] 📡 Memantau Blok: 51,073,833 | Total sell: 0 .  
[2026-09-09 13:56:55] [MIO] 📡 Memantau Blok: 51,073,834 | Total sell: 0 .. 
[2026-09-09 13:56:56] [BCOP] 📡 Memantau Blok: 51,073,834 | Total sell: 0 .  
[2026-09-09 13:56:56] [just for you] 📡 Memantau Blok: 51,073,834 | Total sell: 0 .. 
[2026-09-09 13:56:56] [PIPEDOG] 📡 Memantau Blok: 51,073,834 | Total sell: 0 .. 
[2026-09-09 13:56:57] [MIO] 📡 Memantau Blok: 51,073,834 | Total sell: 0 ...
[2026-09-09 13:56:58] [BCOP] 📡 Memantau Blok: 51,073,835 | Total sell: 0 .. 
[2026-09-09 13:56:58] [just for you] 📡 Memantau Blok: 51,073,835 | Total sell: 0 ...
[2026-09-09 13:56:58] [PIPEDOG] 📡 Memantau Blok: 51,073,835 | Total sell: 0 ...
[2026-09-09 13:56:58] [MIO] 📡 Memantau Blok: 51,073,835 | Total sell: 0 .  
[2026-09-09 13:57:00] [BCOP] 📡 Memantau Blok: 51,073,836 | Total sell: 0 ...
[2026-09-09 13:57:00] [just for you] 📡 Memantau Blok: 51,073,836 | Total sell: 0 .  
[2026-09-09 13:57:00] [PIPEDOG] 📡 Memantau Blok: 51,073,836 | Total sell: 0 .  
[2026-09-09 13:57:00] [MIO] 📡 Memantau Blok: 51,073,836 | Total sell: 0 .. 
[2026-09-09 13:57:01] [BCOP] 📡 Memantau Blok: 51,073,836 | Total sell: 0 .  
[2026-09-09 13:57:01] [just for you] 📡 Memantau Blok: 51,073,836 | Total sell: 0 .. 
[2026-09-09 13:57:01] [PIPEDOG] 📡 Memantau Blok: 51,073,836 | Total sell: 0 .. 
[2026-09-09 13:57:02] [MIO] 📡 Memantau Blok: 51,073,837 | Total sell: 0 ...
[2026-09-09 13:57:03] [just for you] 📡 Memantau Blok: 51,073,837 | Total sell: 0 ...
[2026-09-09 13:57:03] [BCOP] 📡 Memantau Blok: 51,073,837 | Total sell: 0 .. 
[2026-09-09 13:57:03] [PIPEDOG] 📡 Memantau Blok: 51,073,837 | Total sell: 0 ...
[2026-09-09 13:57:03] [MIO] 📡 Memantau Blok: 51,073,837 | Total sell: 0 .  
[2026-09-09 13:57:04] [BCOP] 📡 Memantau Blok: 51,073,838 | Total sell: 0 ...
[2026-09-09 13:57:04] [just for you] 📡 Memantau Blok: 51,073,838 | Total sell: 0 .  
[2026-09-09 13:57:04] [PIPEDOG] 📡 Memantau Blok: 51,073,838 | Total sell: 0 .  
[2026-09-09 13:57:05] [MIO] 📡 Memantau Blok: 51,073,838 | Total sell: 0 .. 
[2026-09-09 13:57:06] [BCOP] 📡 Memantau Blok: 51,073,839 | Total sell: 0 .  
[2026-09-09 13:57:06] [just for you] 📡 Memantau Blok: 51,073,839 | Total sell: 0 .. 
[2026-09-09 13:57:06] [PIPEDOG] 📡 Memantau Blok: 51,073,839 | Total sell: 0 .. 
[2026-09-09 13:57:06] [MIO] 📡 Memantau Blok: 51,073,839 | Total sell: 0 ...
[2026-09-09 13:57:07] [BCOP] 📡 Memantau Blok: 51,073,839 | Total sell: 0 .. 
[2026-09-09 13:57:07] [just for you] 📡 Memantau Blok: 51,073,839 | Total sell: 0 ...
[2026-09-09 13:57:08] [PIPEDOG] 📡 Memantau Blok: 51,073,840 | Total sell: 0 ...
[2026-09-09 13:57:08] [MIO] 📡 Memantau Blok: 51,073,840 | Total sell: 0 .  
[2026-09-09 13:57:09] [BCOP] 📡 Memantau Blok: 51,073,840 | Total sell: 0 ...
[2026-09-09 13:57:09] [just for you] 📡 Memantau Blok: 51,073,840 | Total sell: 0 .  
[2026-09-09 13:57:09] [PIPEDOG] 📡 Memantau Blok: 51,073,840 | Total sell: 0 .  
[2026-09-09 13:57:09] [MIO] 📡 Memantau Blok: 51,073,840 | Total sell: 0 .. 
[2026-09-09 13:57:10] [BCOP] 📡 Memantau Blok: 51,073,841 | Total sell: 0 .  
[2026-09-09 13:57:10] [just for you] 📡 Memantau Blok: 51,073,841 | Total sell: 0 .. 
[2026-09-09 13:57:10] [PIPEDOG] 📡 Memantau Blok: 51,073,841 | Total sell: 0 .. 
[2026-09-09 13:57:11] [MIO] 📡 Memantau Blok: 51,073,841 | Total sell: 0 ...
[2026-09-09 13:57:12] [BCOP] 📡 Memantau Blok: 51,073,842 | Total sell: 0 .. 
[2026-09-09 13:57:12] [just for you] 📡 Memantau Blok: 51,073,842 | Total sell: 0 ...
[2026-09-09 13:57:12] [PIPEDOG] 📡 Memantau Blok: 51,073,842 | Total sell: 0 ...
[2026-09-09 13:57:12] [MIO] 📡 Memantau Blok: 51,073,842 | Total sell: 0 .  
[2026-09-09 13:57:13] [BCOP] 📡 Memantau Blok: 51,073,842 | Total sell: 0 ...
[2026-09-09 13:57:13] [just for you] 📡 Memantau Blok: 51,073,843 | Total sell: 0 .  
[2026-09-09 13:57:14] [PIPEDOG] 📡 Memantau Blok: 51,073,843 | Total sell: 0 .  
[2026-09-09 13:57:14] [MIO] 📡 Memantau Blok: 51,073,843 | Total sell: 0 .. 
[2026-09-09 13:57:15] [BCOP] 📡 Memantau Blok: 51,073,843 | Total sell: 0 .  
[2026-09-09 13:57:15] [just for you] 📡 Memantau Blok: 51,073,843 | Total sell: 0 .. 
[2026-09-09 13:57:15] [PIPEDOG] 📡 Memantau Blok: 51,073,843 | Total sell: 0 .. 
[2026-09-09 13:57:15] [MIO] 📡 Memantau Blok: 51,073,844 | Total sell: 0 ...
[2026-09-09 13:57:16] [BCOP] 📡 Memantau Blok: 51,073,844 | Total sell: 0 .. 
[2026-09-09 13:57:16] [just for you] 📡 Memantau Blok: 51,073,844 | Total sell: 0 ...
[2026-09-09 13:57:17] [PIPEDOG] 📡 Memantau Blok: 51,073,844 | Total sell: 0 ...
[2026-09-09 13:57:17] [MIO] 📡 Memantau Blok: 51,073,844 | Total sell: 0 .  
[2026-09-09 13:57:18] [BCOP] 📡 Memantau Blok: 51,073,845 | Total sell: 0 ...
[2026-09-09 13:57:18] [just for you] 📡 Memantau Blok: 51,073,845 | Total sell: 0 .  
[2026-09-09 13:57:18] [PIPEDOG] 📡 Memantau Blok: 51,073,845 | Total sell: 0 .  
[2026-09-09 13:57:18] [MIO] 📡 Memantau Blok: 51,073,845 | Total sell: 0 .. 
[2026-09-09 13:57:19] [BCOP] 📡 Memantau Blok: 51,073,845 | Total sell: 0 .  
[2026-09-09 13:57:20] [just for you] 📡 Memantau Blok: 51,073,846 | Total sell: 0 .. 
[2026-09-09 13:57:20] [PIPEDOG] 📡 Memantau Blok: 51,073,846 | Total sell: 0 .. 
[2026-09-09 13:57:20] [MIO] 📡 Memantau Blok: 51,073,846 | Total sell: 0 ...
[2026-09-09 13:57:21] [BCOP] 📡 Memantau Blok: 51,073,846 | Total sell: 0 .. 
[2026-09-09 13:57:21] [just for you] 📡 Memantau Blok: 51,073,846 | Total sell: 0 ...
[2026-09-09 13:57:21] [PIPEDOG] 📡 Memantau Blok: 51,073,846 | Total sell: 0 ...
[2026-09-09 13:57:22] [MIO] 📡 Memantau Blok: 51,073,847 | Total sell: 0 .  
[2026-09-09 13:57:22] [BCOP] 📡 Memantau Blok: 51,073,847 | Total sell: 0 ...
[2026-09-09 13:57:23] [just for you] 📡 Memantau Blok: 51,073,847 | Total sell: 0 .  
[2026-09-09 13:57:23] [PIPEDOG] 📡 Memantau Blok: 51,073,847 | Total sell: 0 .  
[2026-09-09 13:57:23] [MIO] 📡 Memantau Blok: 51,073,847 | Total sell: 0 .. 
[2026-09-09 13:57:24] [BCOP] 📡 Memantau Blok: 51,073,848 | Total sell: 0 .  
[2026-09-09 13:57:24] [just for you] 📡 Memantau Blok: 51,073,848 | Total sell: 0 .. 
[2026-09-09 13:57:24] [PIPEDOG] 📡 Memantau Blok: 51,073,848 | Total sell: 0 .. 
[2026-09-09 13:57:25] [MIO] 📡 Memantau Blok: 51,073,848 | Total sell: 0 ...
[2026-09-09 13:57:26] [BCOP] 📡 Memantau Blok: 51,073,849 | Total sell: 0 .. 
[2026-09-09 13:57:26] [PIPEDOG] 📡 Memantau Blok: 51,073,849 | Total sell: 0 ...
[2026-09-09 13:57:26] [just for you] 📡 Memantau Blok: 51,073,849 | Total sell: 0 ...
[2026-09-09 13:57:26] [MIO] 📡 Memantau Blok: 51,073,849 | Total sell: 0 .  
[2026-09-09 13:57:27] [BCOP] 📡 Memantau Blok: 51,073,849 | Total sell: 0 ...
[2026-09-09 13:57:27] [just for you] 📡 Memantau Blok: 51,073,849 | Total sell: 0 .  
[2026-09-09 13:57:27] [PIPEDOG] 📡 Memantau Blok: 51,073,849 | Total sell: 0 .  
[2026-09-09 13:57:28] [MIO] 📡 Memantau Blok: 51,073,850 | Total sell: 0 .. 
[2026-09-09 13:57:29] [BCOP] 📡 Memantau Blok: 51,073,850 | Total sell: 0 .  
[2026-09-09 13:57:29] [just for you] 📡 Memantau Blok: 51,073,850 | Total sell: 0 .. 
[2026-09-09 13:57:29] [PIPEDOG] 📡 Memantau Blok: 51,073,850 | Total sell: 0 .. 
[2026-09-09 13:57:29] [MIO] 📡 Memantau Blok: 51,073,850 | Total sell: 0 ...
[2026-09-09 13:57:30] [BCOP] 📡 Memantau Blok: 51,073,851 | Total sell: 0 .. 
[2026-09-09 13:57:30] [PIPEDOG] 📡 Memantau Blok: 51,073,851 | Total sell: 0 ...
[2026-09-09 13:57:30] [just for you] 📡 Memantau Blok: 51,073,851 | Total sell: 0 ...
[2026-09-09 13:57:31] [MIO] 📡 Memantau Blok: 51,073,851 | Total sell: 0 .  
[2026-09-09 13:57:32] [BCOP] 📡 Memantau Blok: 51,073,852 | Total sell: 0 ...
[2026-09-09 13:57:32] [PIPEDOG] 📡 Memantau Blok: 51,073,852 | Total sell: 0 .  
[2026-09-09 13:57:32] [just for you] 📡 Memantau Blok: 51,073,852 | Total sell: 0 .  
[2026-09-09 13:57:32] [MIO] 📡 Memantau Blok: 51,073,852 | Total sell: 0 .. 
[2026-09-09 13:57:33] [BCOP] 📡 Memantau Blok: 51,073,852 | Total sell: 0 .  
[2026-09-09 13:57:33] [PIPEDOG] 📡 Memantau Blok: 51,073,852 | Total sell: 0 .. 
[2026-09-09 13:57:34] [just for you] 📡 Memantau Blok: 51,073,853 | Total sell: 0 .. 
[2026-09-09 13:57:34] [MIO] 📡 Memantau Blok: 51,073,853 | Total sell: 0 ...
[2026-09-09 13:57:35] [BCOP] 📡 Memantau Blok: 51,073,853 | Total sell: 0 .. 
[2026-09-09 13:57:35] [PIPEDOG] 📡 Memantau Blok: 51,073,853 | Total sell: 0 ...
[2026-09-09 13:57:35] [just for you] 📡 Memantau Blok: 51,073,853 | Total sell: 0 ...
[2026-09-09 13:57:36] [MIO] 📡 Memantau Blok: 51,073,854 | Total sell: 0 .  
[2026-09-09 13:57:36] [BCOP] 📡 Memantau Blok: 51,073,854 | Total sell: 0 ...
[2026-09-09 13:57:36] [PIPEDOG] 📡 Memantau Blok: 51,073,854 | Total sell: 0 .  
[2026-09-09 13:57:36] [just for you] 📡 Memantau Blok: 51,073,854 | Total sell: 0 .  
[2026-09-09 13:57:37] [MIO] 📡 Memantau Blok: 51,073,854 | Total sell: 0 .. 
[2026-09-09 13:57:38] [BCOP] 📡 Memantau Blok: 51,073,855 | Total sell: 0 .  
[2026-09-09 13:57:38] [PIPEDOG] 📡 Memantau Blok: 51,073,855 | Total sell: 0 .. 
[2026-09-09 13:57:38] [just for you] 📡 Memantau Blok: 51,073,855 | Total sell: 0 .. 
[2026-09-09 13:57:39] [MIO] 📡 Memantau Blok: 51,073,855 | Total sell: 0 ...
[2026-09-09 13:57:40] [BCOP] 📡 Memantau Blok: 51,073,856 | Total sell: 0 .. 
[2026-09-09 13:57:40] [PIPEDOG] 📡 Memantau Blok: 51,073,856 | Total sell: 0 ...
[2026-09-09 13:57:40] [just for you] 📡 Memantau Blok: 51,073,856 | Total sell: 0 ...
[2026-09-09 13:57:40] [MIO] 📡 Memantau Blok: 51,073,856 | Total sell: 0 .  
[2026-09-09 13:57:41] [BCOP] 📡 Memantau Blok: 51,073,856 | Total sell: 0 ...
[2026-09-09 13:57:41] [just for you] 📡 Memantau Blok: 51,073,856 | Total sell: 0 .  
[2026-09-09 13:57:41] [PIPEDOG] 📡 Memantau Blok: 51,073,856 | Total sell: 0 .  
[2026-09-09 13:57:42] [MIO] 📡 Memantau Blok: 51,073,857 | Total sell: 0 .. 
[2026-09-09 13:57:42] [BCOP] 📡 Memantau Blok: 51,073,857 | Total sell: 0 .  
[2026-09-09 13:57:43] [PIPEDOG] 📡 Memantau Blok: 51,073,857 | Total sell: 0 .. 
[2026-09-09 13:57:43] [just for you] 📡 Memantau Blok: 51,073,857 | Total sell: 0 .. 
[2026-09-09 13:57:43] [MIO] 📡 Memantau Blok: 51,073,857 | Total sell: 0 ...
[2026-09-09 13:57:44] [BCOP] 📡 Memantau Blok: 51,073,858 | Total sell: 0 .. 
[2026-09-09 13:57:44] [PIPEDOG] 📡 Memantau Blok: 51,073,858 | Total sell: 0 ...
[2026-09-09 13:57:44] [just for you] 📡 Memantau Blok: 51,073,858 | Total sell: 0 ...
[2026-09-09 13:57:45] [MIO] 📡 Memantau Blok: 51,073,858 | Total sell: 0 .  
[2026-09-09 13:57:46] [BCOP] 📡 Memantau Blok: 51,073,859 | Total sell: 0 ...
[2026-09-09 13:57:46] [PIPEDOG] 📡 Memantau Blok: 51,073,859 | Total sell: 0 .  
[2026-09-09 13:57:46] [just for you] 📡 Memantau Blok: 51,073,859 | Total sell: 0 .  
[2026-09-09 13:57:46] [MIO] 📡 Memantau Blok: 51,073,859 | Total sell: 0 .. 
[2026-09-09 13:57:47] [BCOP] 📡 Memantau Blok: 51,073,859 | Total sell: 0 .  
[2026-09-09 13:57:47] [PIPEDOG] 📡 Memantau Blok: 51,073,859 | Total sell: 0 .. 
[2026-09-09 13:57:47] [just for you] 📡 Memantau Blok: 51,073,859 | Total sell: 0 .. 
[2026-09-09 13:57:48] [MIO] 📡 Memantau Blok: 51,073,860 | Total sell: 0 ...
[2026-09-09 13:57:49] [PIPEDOG] 📡 Memantau Blok: 51,073,860 | Total sell: 0 ...
[2026-09-09 13:57:49] [BCOP] 📡 Memantau Blok: 51,073,860 | Total sell: 0 .. 
[2026-09-09 13:57:49] [just for you] 📡 Memantau Blok: 51,073,860 | Total sell: 0 ...
[2026-09-09 13:57:50] [MIO] 📡 Memantau Blok: 51,073,861 | Total sell: 0 .  
[2026-09-09 13:57:50] [PIPEDOG] 📡 Memantau Blok: 51,073,861 | Total sell: 0 .  
[2026-09-09 13:57:50] [BCOP] 📡 Memantau Blok: 51,073,861 | Total sell: 0 ...
[2026-09-09 13:57:50] [just for you] 📡 Memantau Blok: 51,073,861 | Total sell: 0 .  
[2026-09-09 13:57:51] [MIO] 📡 Memantau Blok: 51,073,861 | Total sell: 0 .. 
[2026-09-09 13:57:52] [PIPEDOG] 📡 Memantau Blok: 51,073,862 | Total sell: 0 .. 
[2026-09-09 13:57:52] [BCOP] 📡 Memantau Blok: 51,073,862 | Total sell: 0 .  
[2026-09-09 13:57:52] [just for you] 📡 Memantau Blok: 51,073,862 | Total sell: 0 .. 
[2026-09-09 13:57:53] [MIO] 📡 Memantau Blok: 51,073,862 | Total sell: 0 ...
[2026-09-09 13:57:53] [PIPEDOG] 📡 Memantau Blok: 51,073,862 | Total sell: 0 ...
[2026-09-09 13:57:53] [BCOP] 📡 Memantau Blok: 51,073,862 | Total sell: 0 .. 
[2026-09-09 13:57:54] [just for you] 📡 Memantau Blok: 51,073,863 | Total sell: 0 ...
[2026-09-09 13:57:54] [MIO] 📡 Memantau Blok: 51,073,863 | Total sell: 0 .  
[2026-09-09 13:57:55] [PIPEDOG] 📡 Memantau Blok: 51,073,863 | Total sell: 0 .  
[2026-09-09 13:57:55] [BCOP] 📡 Memantau Blok: 51,073,863 | Total sell: 0 ...
[2026-09-09 13:57:55] [just for you] 📡 Memantau Blok: 51,073,863 | Total sell: 0 .  
[2026-09-09 13:57:56] [MIO] 📡 Memantau Blok: 51,073,864 | Total sell: 0 .. 
[2026-09-09 13:57:56] [PIPEDOG] 📡 Memantau Blok: 51,073,864 | Total sell: 0 .. 
[2026-09-09 13:57:56] [BCOP] 📡 Memantau Blok: 51,073,864 | Total sell: 0 .  
[2026-09-09 13:57:57] [just for you] 📡 Memantau Blok: 51,073,864 | Total sell: 0 .. 
[2026-09-09 13:57:58] [MIO] 📡 Memantau Blok: 51,073,865 | Total sell: 0 ...
[2026-09-09 13:57:58] [PIPEDOG] 📡 Memantau Blok: 51,073,865 | Total sell: 0 ...
[2026-09-09 13:57:58] [BCOP] 📡 Memantau Blok: 51,073,865 | Total sell: 0 .. 
[2026-09-09 13:57:58] [just for you] 📡 Memantau Blok: 51,073,865 | Total sell: 0 ...
[2026-09-09 13:57:59] [MIO] 📡 Memantau Blok: 51,073,865 | Total sell: 0 .  
[2026-09-09 13:58:00] [PIPEDOG] 📡 Memantau Blok: 51,073,866 | Total sell: 0 .  
[2026-09-09 13:58:00] [BCOP] 📡 Memantau Blok: 51,073,866 | Total sell: 0 ...
[2026-09-09 13:58:00] [just for you] 📡 Memantau Blok: 51,073,866 | Total sell: 0 .  
[2026-09-09 13:58:00] [MIO] 📡 Memantau Blok: 51,073,866 | Total sell: 0 .. 
[2026-09-09 13:58:01] [BCOP] 📡 Memantau Blok: 51,073,866 | Total sell: 0 .  
[2026-09-09 13:58:01] [PIPEDOG] 📡 Memantau Blok: 51,073,866 | Total sell: 0 .. 
[2026-09-09 13:58:01] [just for you] 📡 Memantau Blok: 51,073,867 | Total sell: 0 .. 
[2026-09-09 13:58:02] [MIO] 📡 Memantau Blok: 51,073,867 | Total sell: 0 ...
[2026-09-09 13:58:02] [BCOP] 📡 Memantau Blok: 51,073,867 | Total sell: 0 .. 
[2026-09-09 13:58:02] [PIPEDOG] 📡 Memantau Blok: 51,073,867 | Total sell: 0 ...
[2026-09-09 13:58:03] [just for you] 📡 Memantau Blok: 51,073,867 | Total sell: 0 ...
[2026-09-09 13:58:04] [MIO] 📡 Memantau Blok: 51,073,868 | Total sell: 0 .  
[2026-09-09 13:58:04] [BCOP] 📡 Memantau Blok: 51,073,868 | Total sell: 0 ...
[2026-09-09 13:58:04] [PIPEDOG] 📡 Memantau Blok: 51,073,868 | Total sell: 0 .  
[2026-09-09 13:58:04] [just for you] 📡 Memantau Blok: 51,073,868 | Total sell: 0 .  
[2026-09-09 13:58:05] [MIO] 📡 Memantau Blok: 51,073,868 | Total sell: 0 .. 
[2026-09-09 13:58:06] [BCOP] 📡 Memantau Blok: 51,073,869 | Total sell: 0 .  
[2026-09-09 13:58:06] [PIPEDOG] 📡 Memantau Blok: 51,073,869 | Total sell: 0 .. 
[2026-09-09 13:58:06] [just for you] 📡 Memantau Blok: 51,073,869 | Total sell: 0 .. 
[2026-09-09 13:58:07] [MIO] 📡 Memantau Blok: 51,073,869 | Total sell: 0 ...
[2026-09-09 13:58:07] [PIPEDOG] 📡 Memantau Blok: 51,073,869 | Total sell: 0 ...
[2026-09-09 13:58:07] [BCOP] 📡 Memantau Blok: 51,073,869 | Total sell: 0 .. 
[2026-09-09 13:58:08] [just for you] 📡 Memantau Blok: 51,073,870 | Total sell: 0 ...
[2026-09-09 13:58:08] [MIO] 📡 Memantau Blok: 51,073,870 | Total sell: 0 .  
[2026-09-09 13:58:09] [PIPEDOG] 📡 Memantau Blok: 51,073,870 | Total sell: 0 .  
[2026-09-09 13:58:09] [BCOP] 📡 Memantau Blok: 51,073,870 | Total sell: 0 ...
[2026-09-09 13:58:09] [just for you] 📡 Memantau Blok: 51,073,870 | Total sell: 0 .  
[2026-09-09 13:58:10] [MIO] 📡 Memantau Blok: 51,073,871 | Total sell: 0 .. 
[2026-09-09 13:58:10] [PIPEDOG] 📡 Memantau Blok: 51,073,871 | Total sell: 0 .. 
[2026-09-09 13:58:10] [BCOP] 📡 Memantau Blok: 51,073,871 | Total sell: 0 .  
[2026-09-09 13:58:10] [just for you] 📡 Memantau Blok: 51,073,871 | Total sell: 0 .. 
[2026-09-09 13:58:11] [MIO] 📡 Memantau Blok: 51,073,871 | Total sell: 0 ...
[2026-09-09 13:58:12] [PIPEDOG] 📡 Memantau Blok: 51,073,872 | Total sell: 0 ...
[2026-09-09 13:58:12] [BCOP] 📡 Memantau Blok: 51,073,872 | Total sell: 0 .. 
[2026-09-09 13:58:12] [just for you] 📡 Memantau Blok: 51,073,872 | Total sell: 0 ...
[2026-09-09 13:58:13] [MIO] 📡 Memantau Blok: 51,073,872 | Total sell: 0 .  
[2026-09-09 13:58:13] [PIPEDOG] 📡 Memantau Blok: 51,073,872 | Total sell: 0 .  
[2026-09-09 13:58:13] [BCOP] 📡 Memantau Blok: 51,073,873 | Total sell: 0 ...
[2026-09-09 13:58:14] [just for you] 📡 Memantau Blok: 51,073,873 | Total sell: 0 .  
[2026-09-09 13:58:14] [MIO] 📡 Memantau Blok: 51,073,873 | Total sell: 0 .. 
[2026-09-09 13:58:15] [PIPEDOG] 📡 Memantau Blok: 51,073,873 | Total sell: 0 .. 
[2026-09-09 13:58:15] [BCOP] 📡 Memantau Blok: 51,073,873 | Total sell: 0 .  
[2026-09-09 13:58:15] [just for you] 📡 Memantau Blok: 51,073,873 | Total sell: 0 .. 
[2026-09-09 13:58:16] [MIO] 📡 Memantau Blok: 51,073,874 | Total sell: 0 ...
[2026-09-09 13:58:16] [PIPEDOG] 📡 Memantau Blok: 51,073,874 | Total sell: 0 ...
[2026-09-09 13:58:16] [BCOP] 📡 Memantau Blok: 51,073,874 | Total sell: 0 .. 
[2026-09-09 13:58:17] [just for you] 📡 Memantau Blok: 51,073,874 | Total sell: 0 ...
[2026-09-09 13:58:18] [MIO] 📡 Memantau Blok: 51,073,875 | Total sell: 0 .  
[2026-09-09 13:58:18] [PIPEDOG] 📡 Memantau Blok: 51,073,875 | Total sell: 0 .  
[2026-09-09 13:58:18] [BCOP] 📡 Memantau Blok: 51,073,875 | Total sell: 0 ...
[2026-09-09 13:58:18] [just for you] 📡 Memantau Blok: 51,073,875 | Total sell: 0 .  
[2026-09-09 13:58:19] [MIO] 📡 Memantau Blok: 51,073,875 | Total sell: 0 .. 
[2026-09-09 13:58:19] [PIPEDOG] 📡 Memantau Blok: 51,073,876 | Total sell: 0 .. 
[2026-09-09 13:58:20] [BCOP] 📡 Memantau Blok: 51,073,876 | Total sell: 0 .  
[2026-09-09 13:58:20] [just for you] 📡 Memantau Blok: 51,073,876 | Total sell: 0 .. 
[2026-09-09 13:58:20] [MIO] 📡 Memantau Blok: 51,073,876 | Total sell: 0 ...
[2026-09-09 13:58:21] [PIPEDOG] 📡 Memantau Blok: 51,073,876 | Total sell: 0 ...
[2026-09-09 13:58:21] [BCOP] 📡 Memantau Blok: 51,073,876 | Total sell: 0 .. 
[2026-09-09 13:58:21] [just for you] 📡 Memantau Blok: 51,073,877 | Total sell: 0 ...
[2026-09-09 13:58:22] [MIO] 📡 Memantau Blok: 51,073,877 | Total sell: 0 .  
[2026-09-09 13:58:22] [PIPEDOG] 📡 Memantau Blok: 51,073,877 | Total sell: 0 .  
[2026-09-09 13:58:23] [BCOP] 📡 Memantau Blok: 51,073,877 | Total sell: 0 ...
[2026-09-09 13:58:23] [just for you] 📡 Memantau Blok: 51,073,877 | Total sell: 0 .  
[2026-09-09 13:58:24] [MIO] 📡 Memantau Blok: 51,073,878 | Total sell: 0 .. 
[2026-09-09 13:58:24] [PIPEDOG] 📡 Memantau Blok: 51,073,878 | Total sell: 0 .. 
[2026-09-09 13:58:24] [BCOP] 📡 Memantau Blok: 51,073,878 | Total sell: 0 .  
[2026-09-09 13:58:24] [just for you] 📡 Memantau Blok: 51,073,878 | Total sell: 0 .. 
[2026-09-09 13:58:25] [MIO] 📡 Memantau Blok: 51,073,878 | Total sell: 0 ...
[2026-09-09 13:58:26] [PIPEDOG] 📡 Memantau Blok: 51,073,879 | Total sell: 0 ...
[2026-09-09 13:58:26] [BCOP] 📡 Memantau Blok: 51,073,879 | Total sell: 0 .. 
[2026-09-09 13:58:26] [just for you] 📡 Memantau Blok: 51,073,879 | Total sell: 0 ...
[2026-09-09 13:58:27] [MIO] 📡 Memantau Blok: 51,073,879 | Total sell: 0 .  
[2026-09-09 13:58:27] [PIPEDOG] 📡 Memantau Blok: 51,073,879 | Total sell: 0 .  
[2026-09-09 13:58:27] [BCOP] 📡 Memantau Blok: 51,073,879 | Total sell: 0 ...
[2026-09-09 13:58:28] [just for you] 📡 Memantau Blok: 51,073,880 | Total sell: 0 .  
[2026-09-09 13:58:28] [MIO] 📡 Memantau Blok: 51,073,880 | Total sell: 0 .. 
[2026-09-09 13:58:29] [PIPEDOG] 📡 Memantau Blok: 51,073,880 | Total sell: 0 .. 
[2026-09-09 13:58:29] [BCOP] 📡 Memantau Blok: 51,073,880 | Total sell: 0 .  
[2026-09-09 13:58:29] [just for you] 📡 Memantau Blok: 51,073,880 | Total sell: 0 .. 
[2026-09-09 13:58:30] [MIO] 📡 Memantau Blok: 51,073,881 | Total sell: 0 ...
[2026-09-09 13:58:30] [PIPEDOG] 📡 Memantau Blok: 51,073,881 | Total sell: 0 ...
[2026-09-09 13:58:30] [BCOP] 📡 Memantau Blok: 51,073,881 | Total sell: 0 .. 
[2026-09-09 13:58:30] [just for you] 📡 Memantau Blok: 51,073,881 | Total sell: 0 ...
[2026-09-09 13:58:31] [MIO] 📡 Memantau Blok: 51,073,881 | Total sell: 0 .  
[2026-09-09 13:58:32] [PIPEDOG] 📡 Memantau Blok: 51,073,882 | Total sell: 0 .  
[2026-09-09 13:58:32] [BCOP] 📡 Memantau Blok: 51,073,882 | Total sell: 0 ...
[2026-09-09 13:58:32] [just for you] 📡 Memantau Blok: 51,073,882 | Total sell: 0 .  
[2026-09-09 13:58:33] [MIO] 📡 Memantau Blok: 51,073,882 | Total sell: 0 .. 
[2026-09-09 13:58:33] [PIPEDOG] 📡 Memantau Blok: 51,073,882 | Total sell: 0 .. 
[2026-09-09 13:58:34] [BCOP] 📡 Memantau Blok: 51,073,883 | Total sell: 0 .  
[2026-09-09 13:58:34] [just for you] 📡 Memantau Blok: 51,073,883 | Total sell: 0 .. 
[2026-09-09 13:58:34] [MIO] 📡 Memantau Blok: 51,073,883 | Total sell: 0 ...
[2026-09-09 13:58:35] [PIPEDOG] 📡 Memantau Blok: 51,073,883 | Total sell: 0 ...
[2026-09-09 13:58:35] [BCOP] 📡 Memantau Blok: 51,073,883 | Total sell: 0 .. 
[2026-09-09 13:58:35] [just for you] 📡 Memantau Blok: 51,073,883 | Total sell: 0 ...
[2026-09-09 13:58:36] [MIO] 📡 Memantau Blok: 51,073,884 | Total sell: 0 .  
[2026-09-09 13:58:36] [PIPEDOG] 📡 Memantau Blok: 51,073,884 | Total sell: 0 .  
[2026-09-09 13:58:36] [BCOP] 📡 Memantau Blok: 51,073,884 | Total sell: 0 ...
[2026-09-09 13:58:37] [just for you] 📡 Memantau Blok: 51,073,884 | Total sell: 0 .  
[2026-09-09 13:58:38] [MIO] 📡 Memantau Blok: 51,073,885 | Total sell: 0 .. 
[2026-09-09 13:58:38] [PIPEDOG] 📡 Memantau Blok: 51,073,885 | Total sell: 0 .. 
[2026-09-09 13:58:38] [BCOP] 📡 Memantau Blok: 51,073,885 | Total sell: 0 .  
[2026-09-09 13:58:38] [just for you] 📡 Memantau Blok: 51,073,885 | Total sell: 0 .. 
[2026-09-09 13:58:39] [MIO] 📡 Memantau Blok: 51,073,885 | Total sell: 0 ...
[2026-09-09 13:58:39] [PIPEDOG] 📡 Memantau Blok: 51,073,885 | Total sell: 0 ...
[2026-09-09 13:58:40] [BCOP] 📡 Memantau Blok: 51,073,886 | Total sell: 0 .. 
[2026-09-09 13:58:40] [just for you] 📡 Memantau Blok: 51,073,886 | Total sell: 0 ...
[2026-09-09 13:58:40] [MIO] 📡 Memantau Blok: 51,073,886 | Total sell: 0 .  
[2026-09-09 13:58:41] [PIPEDOG] 📡 Memantau Blok: 51,073,886 | Total sell: 0 .  
[2026-09-09 13:58:41] [BCOP] 📡 Memantau Blok: 51,073,886 | Total sell: 0 ...
[2026-09-09 13:58:41] [just for you] 📡 Memantau Blok: 51,073,886 | Total sell: 0 .  
[2026-09-09 13:58:42] [MIO] 📡 Memantau Blok: 51,073,887 | Total sell: 0 .. 
[2026-09-09 13:58:42] [PIPEDOG] 📡 Memantau Blok: 51,073,887 | Total sell: 0 .. 
[2026-09-09 13:58:43] [BCOP] 📡 Memantau Blok: 51,073,887 | Total sell: 0 .  
[2026-09-09 13:58:43] [just for you] 📡 Memantau Blok: 51,073,887 | Total sell: 0 .. 
[2026-09-09 13:58:44] [MIO] 📡 Memantau Blok: 51,073,888 | Total sell: 0 ...
[2026-09-09 13:58:44] [PIPEDOG] 📡 Memantau Blok: 51,073,888 | Total sell: 0 ...
[2026-09-09 13:58:44] [BCOP] 📡 Memantau Blok: 51,073,888 | Total sell: 0 .. 
[2026-09-09 13:58:44] [just for you] 📡 Memantau Blok: 51,073,888 | Total sell: 0 ...
[2026-09-09 13:58:45] [MIO] 📡 Memantau Blok: 51,073,888 | Total sell: 0 .  
[2026-09-09 13:58:46] [PIPEDOG] 📡 Memantau Blok: 51,073,889 | Total sell: 0 .  
[2026-09-09 13:58:46] [BCOP] 📡 Memantau Blok: 51,073,889 | Total sell: 0 ...
[2026-09-09 13:58:46] [just for you] 📡 Memantau Blok: 51,073,889 | Total sell: 0 .  
[2026-09-09 13:58:47] [MIO] 📡 Memantau Blok: 51,073,889 | Total sell: 0 .. 
[2026-09-09 13:58:47] [PIPEDOG] 📡 Memantau Blok: 51,073,889 | Total sell: 0 .. 
[2026-09-09 13:58:47] [BCOP] 📡 Memantau Blok: 51,073,889 | Total sell: 0 .  
[2026-09-09 13:58:48] [just for you] 📡 Memantau Blok: 51,073,890 | Total sell: 0 .. 
[2026-09-09 13:58:48] [MIO] 📡 Memantau Blok: 51,073,890 | Total sell: 0 ...
[2026-09-09 13:58:48] [PIPEDOG] 📡 Memantau Blok: 51,073,890 | Total sell: 0 ...
[2026-09-09 13:58:49] [BCOP] 📡 Memantau Blok: 51,073,890 | Total sell: 0 .. 
[2026-09-09 13:58:49] [just for you] 📡 Memantau Blok: 51,073,890 | Total sell: 0 ...
[2026-09-09 13:58:50] [MIO] 📡 Memantau Blok: 51,073,891 | Total sell: 0 .  
[2026-09-09 13:58:50] [PIPEDOG] 📡 Memantau Blok: 51,073,891 | Total sell: 0 .  
[2026-09-09 13:58:50] [BCOP] 📡 Memantau Blok: 51,073,891 | Total sell: 0 ...
[2026-09-09 13:58:50] [just for you] 📡 Memantau Blok: 51,073,891 | Total sell: 0 .  
[2026-09-09 13:58:51] [MIO] 📡 Memantau Blok: 51,073,891 | Total sell: 0 .. 
[2026-09-09 13:58:52] [PIPEDOG] 📡 Memantau Blok: 51,073,892 | Total sell: 0 .. 
[2026-09-09 13:58:52] [BCOP] 📡 Memantau Blok: 51,073,892 | Total sell: 0 .  
[2026-09-09 13:58:52] [just for you] 📡 Memantau Blok: 51,073,892 | Total sell: 0 .. 
[2026-09-09 13:58:53] [MIO] 📡 Memantau Blok: 51,073,892 | Total sell: 0 ...
[2026-09-09 13:58:53] [PIPEDOG] 📡 Memantau Blok: 51,073,892 | Total sell: 0 ...
[2026-09-09 13:58:53] [BCOP] 📡 Memantau Blok: 51,073,892 | Total sell: 0 .. 
[2026-09-09 13:58:54] [just for you] 📡 Memantau Blok: 51,073,893 | Total sell: 0 ...
[2026-09-09 13:58:54] [MIO] 📡 Memantau Blok: 51,073,893 | Total sell: 0 .  
[2026-09-09 13:58:55] [PIPEDOG] 📡 Memantau Blok: 51,073,893 | Total sell: 0 .  
[2026-09-09 13:58:55] [BCOP] 📡 Memantau Blok: 51,073,893 | Total sell: 0 ...
[2026-09-09 13:58:55] [just for you] 📡 Memantau Blok: 51,073,893 | Total sell: 0 .  
[2026-09-09 13:58:56] [MIO] 📡 Memantau Blok: 51,073,894 | Total sell: 0 .. 
[2026-09-09 13:58:56] [PIPEDOG] 📡 Memantau Blok: 51,073,894 | Total sell: 0 .. 
[2026-09-09 13:58:56] [BCOP] 📡 Memantau Blok: 51,073,894 | Total sell: 0 .  
[2026-09-09 13:58:57] [just for you] 📡 Memantau Blok: 51,073,894 | Total sell: 0 .. 
[2026-09-09 13:58:57] [MIO] 📡 Memantau Blok: 51,073,895 | Total sell: 0 ...
[2026-09-09 13:58:58] [PIPEDOG] 📡 Memantau Blok: 51,073,895 | Total sell: 0 ...
[2026-09-09 13:58:58] [BCOP] 📡 Memantau Blok: 51,073,895 | Total sell: 0 .. 
[2026-09-09 13:58:58] [just for you] 📡 Memantau Blok: 51,073,895 | Total sell: 0 ...
[2026-09-09 13:58:59] [MIO] 📡 Memantau Blok: 51,073,895 | Total sell: 0 .  
[2026-09-09 13:58:59] [PIPEDOG] 📡 Memantau Blok: 51,073,895 | Total sell: 0 .  
[2026-09-09 13:59:00] [BCOP] 📡 Memantau Blok: 51,073,896 | Total sell: 0 ...
[2026-09-09 13:59:00] [just for you] 📡 Memantau Blok: 51,073,896 | Total sell: 0 .  
[2026-09-09 13:59:00] [MIO] 📡 Memantau Blok: 51,073,896 | Total sell: 0 .. 
[2026-09-09 13:59:01] [PIPEDOG] 📡 Memantau Blok: 51,073,896 | Total sell: 0 .. 
[2026-09-09 13:59:01] [BCOP] 📡 Memantau Blok: 51,073,896 | Total sell: 0 .  
[2026-09-09 13:59:01] [just for you] 📡 Memantau Blok: 51,073,896 | Total sell: 0 .. 
[2026-09-09 13:59:02] [MIO] 📡 Memantau Blok: 51,073,897 | Total sell: 0 ...
[2026-09-09 13:59:02] [PIPEDOG] 📡 Memantau Blok: 51,073,897 | Total sell: 0 ...
[2026-09-09 13:59:03] [BCOP] 📡 Memantau Blok: 51,073,897 | Total sell: 0 .. 
[2026-09-09 13:59:03] [just for you] 📡 Memantau Blok: 51,073,897 | Total sell: 0 ...
[2026-09-09 13:59:04] [MIO] 📡 Memantau Blok: 51,073,898 | Total sell: 0 .  
[2026-09-09 13:59:04] [PIPEDOG] 📡 Memantau Blok: 51,073,898 | Total sell: 0 .  
[2026-09-09 13:59:04] [BCOP] 📡 Memantau Blok: 51,073,898 | Total sell: 0 ...
[2026-09-09 13:59:04] [just for you] 📡 Memantau Blok: 51,073,898 | Total sell: 0 .  
[2026-09-09 13:59:05] [MIO] 📡 Memantau Blok: 51,073,898 | Total sell: 0 .. 
[2026-09-09 13:59:05] [PIPEDOG] 📡 Memantau Blok: 51,073,899 | Total sell: 0 .. 
[2026-09-09 13:59:06] [BCOP] 📡 Memantau Blok: 51,073,899 | Total sell: 0 .  
[2026-09-09 13:59:06] [just for you] 📡 Memantau Blok: 51,073,899 | Total sell: 0 .. 
[2026-09-09 13:59:07] [MIO] 📡 Memantau Blok: 51,073,899 | Total sell: 0 ...
[2026-09-09 13:59:07] [PIPEDOG] 📡 Memantau Blok: 51,073,899 | Total sell: 0 ...
[2026-09-09 13:59:07] [BCOP] 📡 Memantau Blok: 51,073,899 | Total sell: 0 .. 
[2026-09-09 13:59:07] [just for you] 📡 Memantau Blok: 51,073,899 | Total sell: 0 ...
[2026-09-09 13:59:08] [MIO] 📡 Memantau Blok: 51,073,900 | Total sell: 0 .  
[2026-09-09 13:59:08] [PIPEDOG] 📡 Memantau Blok: 51,073,900 | Total sell: 0 .  
[2026-09-09 13:59:09] [BCOP] 📡 Memantau Blok: 51,073,900 | Total sell: 0 ...
[2026-09-09 13:59:09] [just for you] 📡 Memantau Blok: 51,073,900 | Total sell: 0 .  
[2026-09-09 13:59:10] [MIO] 📡 Memantau Blok: 51,073,901 | Total sell: 0 .. 
[2026-09-09 13:59:10] [PIPEDOG] 📡 Memantau Blok: 51,073,901 | Total sell: 0 .. 
[2026-09-09 13:59:10] [BCOP] 📡 Memantau Blok: 51,073,901 | Total sell: 0 .  
[2026-09-09 13:59:10] [just for you] 📡 Memantau Blok: 51,073,901 | Total sell: 0 .. 
[2026-09-09 13:59:11] [MIO] 📡 Memantau Blok: 51,073,901 | Total sell: 0 ...
[2026-09-09 13:59:12] [PIPEDOG] 📡 Memantau Blok: 51,073,902 | Total sell: 0 ...
[2026-09-09 13:59:12] [BCOP] 📡 Memantau Blok: 51,073,902 | Total sell: 0 .. 
[2026-09-09 13:59:12] [just for you] 📡 Memantau Blok: 51,073,902 | Total sell: 0 ...
[2026-09-09 13:59:13] [MIO] 📡 Memantau Blok: 51,073,902 | Total sell: 0 .  
[2026-09-09 13:59:13] [PIPEDOG] 📡 Memantau Blok: 51,073,902 | Total sell: 0 .  
[2026-09-09 13:59:14] [BCOP] 📡 Memantau Blok: 51,073,903 | Total sell: 0 ...
[2026-09-09 13:59:14] [just for you] 📡 Memantau Blok: 51,073,903 | Total sell: 0 .  
[2026-09-09 13:59:14] [MIO] 📡 Memantau Blok: 51,073,903 | Total sell: 0 .. 
[2026-09-09 13:59:15] [PIPEDOG] 📡 Memantau Blok: 51,073,903 | Total sell: 0 .. 
[2026-09-09 13:59:15] [BCOP] 📡 Memantau Blok: 51,073,903 | Total sell: 0 .  
[2026-09-09 13:59:15] [just for you] 📡 Memantau Blok: 51,073,903 | Total sell: 0 .. 
[2026-09-09 13:59:16] [MIO] 📡 Memantau Blok: 51,073,904 | Total sell: 0 ...
[2026-09-09 13:59:16] [PIPEDOG] 📡 Memantau Blok: 51,073,904 | Total sell: 0 ...
[2026-09-09 13:59:16] [BCOP] 📡 Memantau Blok: 51,073,904 | Total sell: 0 .. 
[2026-09-09 13:59:17] [just for you] 📡 Memantau Blok: 51,073,904 | Total sell: 0 ...
[2026-09-09 13:59:17] [MIO] 📡 Memantau Blok: 51,073,905 | Total sell: 0 .  
[2026-09-09 13:59:18] [PIPEDOG] 📡 Memantau Blok: 51,073,905 | Total sell: 0 .  
[2026-09-09 13:59:18] [BCOP] 📡 Memantau Blok: 51,073,905 | Total sell: 0 ...
[2026-09-09 13:59:18] [just for you] 📡 Memantau Blok: 51,073,905 | Total sell: 0 .  
[2026-09-09 13:59:19] [MIO] 📡 Memantau Blok: 51,073,905 | Total sell: 0 .. 
[2026-09-09 13:59:19] [PIPEDOG] 📡 Memantau Blok: 51,073,905 | Total sell: 0 .. 
[2026-09-09 13:59:20] [BCOP] 📡 Memantau Blok: 51,073,906 | Total sell: 0 .  
[2026-09-09 13:59:20] [just for you] 📡 Memantau Blok: 51,073,906 | Total sell: 0 .. 
[2026-09-09 13:59:20] [MIO] 📡 Memantau Blok: 51,073,906 | Total sell: 0 ...
[2026-09-09 13:59:21] [PIPEDOG] 📡 Memantau Blok: 51,073,906 | Total sell: 0 ...
[2026-09-09 13:59:21] [BCOP] 📡 Memantau Blok: 51,073,906 | Total sell: 0 .. 
[2026-09-09 13:59:21] [just for you] 📡 Memantau Blok: 51,073,906 | Total sell: 0 ...
[2026-09-09 13:59:22] [MIO] 📡 Memantau Blok: 51,073,907 | Total sell: 0 .  
[2026-09-09 13:59:22] [PIPEDOG] 📡 Memantau Blok: 51,073,907 | Total sell: 0 .  
[2026-09-09 13:59:23] [BCOP] 📡 Memantau Blok: 51,073,907 | Total sell: 0 ...
[2026-09-09 13:59:23] [just for you] 📡 Memantau Blok: 51,073,907 | Total sell: 0 .  
[2026-09-09 13:59:24] [PIPEDOG] 📡 Memantau Blok: 51,073,908 | Total sell: 0 .. 
[2026-09-09 13:59:24] [BCOP] 📡 Memantau Blok: 51,073,908 | Total sell: 0 .  
[2026-09-09 13:59:24] [MIO] 📡 Memantau Blok: 51,073,908 | Total sell: 0 .. 
[2026-09-09 13:59:24] [just for you] 📡 Memantau Blok: 51,073,908 | Total sell: 0 .. 
[2026-09-09 13:59:25] [PIPEDOG] 📡 Memantau Blok: 51,073,908 | Total sell: 0 ...
[2026-09-09 13:59:26] [BCOP] 📡 Memantau Blok: 51,073,909 | Total sell: 0 .. 
[2026-09-09 13:59:26] [MIO] 📡 Memantau Blok: 51,073,909 | Total sell: 0 ...
[2026-09-09 13:59:26] [just for you] 📡 Memantau Blok: 51,073,909 | Total sell: 0 ...
[2026-09-09 13:59:27] [PIPEDOG] 📡 Memantau Blok: 51,073,909 | Total sell: 0 .  
[2026-09-09 13:59:27] [BCOP] 📡 Memantau Blok: 51,073,909 | Total sell: 0 ...
[2026-09-09 13:59:27] [MIO] 📡 Memantau Blok: 51,073,910 | Total sell: 0 .  
[2026-09-09 13:59:28] [just for you] 📡 Memantau Blok: 51,073,910 | Total sell: 0 .  
[2026-09-09 13:59:28] [PIPEDOG] 📡 Memantau Blok: 51,073,910 | Total sell: 0 .. 
[2026-09-09 13:59:29] [BCOP] 📡 Memantau Blok: 51,073,910 | Total sell: 0 .  
[2026-09-09 13:59:29] [MIO] 📡 Memantau Blok: 51,073,910 | Total sell: 0 .. 
[2026-09-09 13:59:29] [just for you] 📡 Memantau Blok: 51,073,910 | Total sell: 0 .. 
[2026-09-09 13:59:30] [PIPEDOG] 📡 Memantau Blok: 51,073,911 | Total sell: 0 ...
[2026-09-09 13:59:30] [BCOP] 📡 Memantau Blok: 51,073,911 | Total sell: 0 .. 
[2026-09-09 13:59:30] [MIO] 📡 Memantau Blok: 51,073,911 | Total sell: 0 ...
[2026-09-09 13:59:31] [just for you] 📡 Memantau Blok: 51,073,911 | Total sell: 0 ...
[2026-09-09 13:59:32] [PIPEDOG] 📡 Memantau Blok: 51,073,912 | Total sell: 0 .  
[2026-09-09 13:59:32] [BCOP] 📡 Memantau Blok: 51,073,912 | Total sell: 0 ...
[2026-09-09 13:59:32] [MIO] 📡 Memantau Blok: 51,073,912 | Total sell: 0 .  
[2026-09-09 13:59:32] [just for you] 📡 Memantau Blok: 51,073,912 | Total sell: 0 .  
[2026-09-09 13:59:33] [PIPEDOG] 📡 Memantau Blok: 51,073,912 | Total sell: 0 .. 
[2026-09-09 13:59:34] [BCOP] 📡 Memantau Blok: 51,073,913 | Total sell: 0 .  
[2026-09-09 13:59:34] [MIO] 📡 Memantau Blok: 51,073,913 | Total sell: 0 .. 
[2026-09-09 13:59:34] [just for you] 📡 Memantau Blok: 51,073,913 | Total sell: 0 .. 
[2026-09-09 13:59:35] [PIPEDOG] 📡 Memantau Blok: 51,073,913 | Total sell: 0 ...
[2026-09-09 13:59:35] [BCOP] 📡 Memantau Blok: 51,073,913 | Total sell: 0 .. 
[2026-09-09 13:59:35] [MIO] 📡 Memantau Blok: 51,073,913 | Total sell: 0 ...
[2026-09-09 13:59:35] [just for you] 📡 Memantau Blok: 51,073,914 | Total sell: 0 ...
[2026-09-09 13:59:36] [PIPEDOG] 📡 Memantau Blok: 51,073,914 | Total sell: 0 .  
[2026-09-09 13:59:36] [BCOP] 📡 Memantau Blok: 51,073,914 | Total sell: 0 ...
[2026-09-09 13:59:37] [MIO] 📡 Memantau Blok: 51,073,914 | Total sell: 0 .  
[2026-09-09 13:59:37] [just for you] 📡 Memantau Blok: 51,073,914 | Total sell: 0 .  
[2026-09-09 13:59:38] [PIPEDOG] 📡 Memantau Blok: 51,073,915 | Total sell: 0 .. 
[2026-09-09 13:59:38] [BCOP] 📡 Memantau Blok: 51,073,915 | Total sell: 0 .  
[2026-09-09 13:59:38] [MIO] 📡 Memantau Blok: 51,073,915 | Total sell: 0 .. 
[2026-09-09 13:59:38] [just for you] 📡 Memantau Blok: 51,073,915 | Total sell: 0 .. 
[2026-09-09 13:59:39] [PIPEDOG] 📡 Memantau Blok: 51,073,915 | Total sell: 0 ...
[2026-09-09 13:59:40] [MIO] 📡 Memantau Blok: 51,073,916 | Total sell: 0 ...
[2026-09-09 13:59:40] [BCOP] 📡 Memantau Blok: 51,073,916 | Total sell: 0 .. 
[2026-09-09 13:59:40] [just for you] 📡 Memantau Blok: 51,073,916 | Total sell: 0 ...
[2026-09-09 13:59:41] [PIPEDOG] 📡 Memantau Blok: 51,073,916 | Total sell: 0 .  
[2026-09-09 13:59:41] [MIO] 📡 Memantau Blok: 51,073,916 | Total sell: 0 .  
[2026-09-09 13:59:41] [BCOP] 📡 Memantau Blok: 51,073,916 | Total sell: 0 ...
[2026-09-09 13:59:42] [just for you] 📡 Memantau Blok: 51,073,917 | Total sell: 0 .  
[2026-09-09 13:59:42] [PIPEDOG] 📡 Memantau Blok: 51,073,917 | Total sell: 0 .. 
[2026-09-09 13:59:43] [MIO] 📡 Memantau Blok: 51,073,917 | Total sell: 0 .. 
[2026-09-09 13:59:43] [BCOP] 📡 Memantau Blok: 51,073,917 | Total sell: 0 .  
[2026-09-09 13:59:43] [just for you] 📡 Memantau Blok: 51,073,917 | Total sell: 0 .. 
[2026-09-09 13:59:44] [PIPEDOG] 📡 Memantau Blok: 51,073,918 | Total sell: 0 ...
[2026-09-09 13:59:44] [MIO] 📡 Memantau Blok: 51,073,918 | Total sell: 0 ...
[2026-09-09 13:59:44] [BCOP] 📡 Memantau Blok: 51,073,918 | Total sell: 0 .. 
[2026-09-09 13:59:45] [just for you] 📡 Memantau Blok: 51,073,918 | Total sell: 0 ...
[2026-09-09 13:59:46] [PIPEDOG] 📡 Memantau Blok: 51,073,919 | Total sell: 0 .  
[2026-09-09 13:59:46] [MIO] 📡 Memantau Blok: 51,073,919 | Total sell: 0 .  
[2026-09-09 13:59:46] [BCOP] 📡 Memantau Blok: 51,073,919 | Total sell: 0 ...
[2026-09-09 13:59:46] [just for you] 📡 Memantau Blok: 51,073,919 | Total sell: 0 .  
[2026-09-09 13:59:47] [PIPEDOG] 📡 Memantau Blok: 51,073,919 | Total sell: 0 .. 
[2026-09-09 13:59:47] [BCOP] 📡 Memantau Blok: 51,073,920 | Total sell: 0 .  
[2026-09-09 13:59:48] [MIO] 📡 Memantau Blok: 51,073,920 | Total sell: 0 .. 
[2026-09-09 13:59:48] [just for you] 📡 Memantau Blok: 51,073,920 | Total sell: 0 .. 
[2026-09-09 13:59:48] [PIPEDOG] 📡 Memantau Blok: 51,073,920 | Total sell: 0 ...
[2026-09-09 13:59:49] [BCOP] 📡 Memantau Blok: 51,073,920 | Total sell: 0 .. 
[2026-09-09 13:59:49] [MIO] 📡 Memantau Blok: 51,073,920 | Total sell: 0 ...
[2026-09-09 13:59:49] [just for you] 📡 Memantau Blok: 51,073,920 | Total sell: 0 ...
[2026-09-09 13:59:50] [PIPEDOG] 📡 Memantau Blok: 51,073,921 | Total sell: 0 .  
[2026-09-09 13:59:50] [BCOP] 📡 Memantau Blok: 51,073,921 | Total sell: 0 ...
[2026-09-09 13:59:50] [MIO] 📡 Memantau Blok: 51,073,921 | Total sell: 0 .  
[2026-09-09 13:59:51] [just for you] 📡 Memantau Blok: 51,073,921 | Total sell: 0 .  
[2026-09-09 13:59:52] [PIPEDOG] 📡 Memantau Blok: 51,073,922 | Total sell: 0 .. 
[2026-09-09 13:59:52] [BCOP] 📡 Memantau Blok: 51,073,922 | Total sell: 0 .  
[2026-09-09 13:59:52] [MIO] 📡 Memantau Blok: 51,073,922 | Total sell: 0 .. 
[2026-09-09 13:59:52] [just for you] 📡 Memantau Blok: 51,073,922 | Total sell: 0 .. 
[2026-09-09 13:59:53] [PIPEDOG] 📡 Memantau Blok: 51,073,922 | Total sell: 0 ...
[2026-09-09 13:59:54] [BCOP] 📡 Memantau Blok: 51,073,923 | Total sell: 0 .. 
[2026-09-09 13:59:54] [MIO] 📡 Memantau Blok: 51,073,923 | Total sell: 0 ...
[2026-09-09 13:59:54] [just for you] 📡 Memantau Blok: 51,073,923 | Total sell: 0 ...
[2026-09-09 13:59:55] [PIPEDOG] 📡 Memantau Blok: 51,073,923 | Total sell: 0 .  
[2026-09-09 13:59:55] [BCOP] 📡 Memantau Blok: 51,073,923 | Total sell: 0 ...
[2026-09-09 13:59:55] [MIO] 📡 Memantau Blok: 51,073,923 | Total sell: 0 .  
[2026-09-09 13:59:56] [just for you] 📡 Memantau Blok: 51,073,924 | Total sell: 0 .  
[2026-09-09 13:59:56] [PIPEDOG] 📡 Memantau Blok: 51,073,924 | Total sell: 0 .. 
[2026-09-09 13:59:56] [BCOP] 📡 Memantau Blok: 51,073,924 | Total sell: 0 .  
[2026-09-09 13:59:56] [MIO] 📡 Memantau Blok: 51,073,924 | Total sell: 0 .. 
[2026-09-09 13:59:57] [just for you] 📡 Memantau Blok: 51,073,924 | Total sell: 0 .. 
[2026-09-09 13:59:58] [PIPEDOG] 📡 Memantau Blok: 51,073,925 | Total sell: 0 ...
[2026-09-09 13:59:58] [BCOP] 📡 Memantau Blok: 51,073,925 | Total sell: 0 .. 
[2026-09-09 13:59:58] [MIO] 📡 Memantau Blok: 51,073,925 | Total sell: 0 ...
[2026-09-09 13:59:58] [just for you] 📡 Memantau Blok: 51,073,925 | Total sell: 0 ...
[2026-09-09 13:59:59] [PIPEDOG] 📡 Memantau Blok: 51,073,925 | Total sell: 0 .  
[2026-09-09 14:00:00] [BCOP] 📡 Memantau Blok: 51,073,926 | Total sell: 0 ...
[2026-09-09 14:00:00] [MIO] 📡 Memantau Blok: 51,073,926 | Total sell: 0 .  
[2026-09-09 14:00:00] [just for you] 📡 Memantau Blok: 51,073,926 | Total sell: 0 .  
[2026-09-09 14:00:01] [PIPEDOG] 📡 Memantau Blok: 51,073,926 | Total sell: 0 .. 
[2026-09-09 14:00:01] [MIO] 📡 Memantau Blok: 51,073,926 | Total sell: 0 .. 
[2026-09-09 14:00:01] [BCOP] 📡 Memantau Blok: 51,073,926 | Total sell: 0 .  
[2026-09-09 14:00:02] [just for you] 📡 Memantau Blok: 51,073,927 | Total sell: 0 .. 
[2026-09-09 14:00:02] [PIPEDOG] 📡 Memantau Blok: 51,073,927 | Total sell: 0 ...
[2026-09-09 14:00:03] [MIO] 📡 Memantau Blok: 51,073,927 | Total sell: 0 ...
[2026-09-09 14:00:03] [BCOP] 📡 Memantau Blok: 51,073,927 | Total sell: 0 .. 
[2026-09-09 14:00:03] [just for you] 📡 Memantau Blok: 51,073,927 | Total sell: 0 ...
[2026-09-09 14:00:04] [PIPEDOG] 📡 Memantau Blok: 51,073,928 | Total sell: 0 .  
[2026-09-09 14:00:04] [BCOP] 📡 Memantau Blok: 51,073,928 | Total sell: 0 ...
[2026-09-09 14:00:04] [MIO] 📡 Memantau Blok: 51,073,928 | Total sell: 0 .  
[2026-09-09 14:00:05] [just for you] 📡 Memantau Blok: 51,073,928 | Total sell: 0 .  
[2026-09-09 14:00:06] [PIPEDOG] 📡 Memantau Blok: 51,073,929 | Total sell: 0 .. 
[2026-09-09 14:00:06] [BCOP] 📡 Memantau Blok: 51,073,929 | Total sell: 0 .  
[2026-09-09 14:00:06] [MIO] 📡 Memantau Blok: 51,073,929 | Total sell: 0 .. 
[2026-09-09 14:00:06] [just for you] 📡 Memantau Blok: 51,073,929 | Total sell: 0 .. 
[2026-09-09 14:00:07] [PIPEDOG] 📡 Memantau Blok: 51,073,929 | Total sell: 0 ...
[2026-09-09 14:00:07] [BCOP] 📡 Memantau Blok: 51,073,929 | Total sell: 0 .. 
[2026-09-09 14:00:07] [MIO] 📡 Memantau Blok: 51,073,929 | Total sell: 0 ...
[2026-09-09 14:00:08] [just for you] 📡 Memantau Blok: 51,073,930 | Total sell: 0 ...
[2026-09-09 14:00:08] [PIPEDOG] 📡 Memantau Blok: 51,073,930 | Total sell: 0 .  
[2026-09-09 14:00:09] [BCOP] 📡 Memantau Blok: 51,073,930 | Total sell: 0 ...
[2026-09-09 14:00:09] [MIO] 📡 Memantau Blok: 51,073,930 | Total sell: 0 .  
[2026-09-09 14:00:09] [just for you] 📡 Memantau Blok: 51,073,930 | Total sell: 0 .  
[2026-09-09 14:00:10] [PIPEDOG] 📡 Memantau Blok: 51,073,931 | Total sell: 0 .. 
[2026-09-09 14:00:10] [MIO] 📡 Memantau Blok: 51,073,931 | Total sell: 0 .. 
[2026-09-09 14:00:10] [BCOP] 📡 Memantau Blok: 51,073,931 | Total sell: 0 .  
[2026-09-09 14:00:11] [just for you] 📡 Memantau Blok: 51,073,931 | Total sell: 0 .. 
[2026-09-09 14:00:12] [PIPEDOG] 📡 Memantau Blok: 51,073,932 | Total sell: 0 ...
[2026-09-09 14:00:12] [BCOP] 📡 Memantau Blok: 51,073,932 | Total sell: 0 .. 
[2026-09-09 14:00:12] [MIO] 📡 Memantau Blok: 51,073,932 | Total sell: 0 ...
[2026-09-09 14:00:12] [just for you] 📡 Memantau Blok: 51,073,932 | Total sell: 0 ...
[2026-09-09 14:00:13] [PIPEDOG] 📡 Memantau Blok: 51,073,932 | Total sell: 0 .  
[2026-09-09 14:00:14] [BCOP] 📡 Memantau Blok: 51,073,932 | Total sell: 0 ...
[2026-09-09 14:00:14] [MIO] 📡 Memantau Blok: 51,073,932 | Total sell: 0 .  
[2026-09-09 14:00:14] [just for you] 📡 Memantau Blok: 51,073,933 | Total sell: 0 .  
[2026-09-09 14:00:15] [PIPEDOG] 📡 Memantau Blok: 51,073,933 | Total sell: 0 .. 
[2026-09-09 14:00:15] [BCOP] 📡 Memantau Blok: 51,073,933 | Total sell: 0 .  
[2026-09-09 14:00:15] [MIO] 📡 Memantau Blok: 51,073,933 | Total sell: 0 .. 
[2026-09-09 14:00:16] [just for you] 📡 Memantau Blok: 51,073,934 | Total sell: 0 .. 
[2026-09-09 14:00:16] [PIPEDOG] 📡 Memantau Blok: 51,073,934 | Total sell: 0 ...
[2026-09-09 14:00:16] [BCOP] 📡 Memantau Blok: 51,073,934 | Total sell: 0 .. 
[2026-09-09 14:00:17] [MIO] 📡 Memantau Blok: 51,073,934 | Total sell: 0 ...
[2026-09-09 14:00:18] [just for you] 📡 Memantau Blok: 51,073,935 | Total sell: 0 ...
[2026-09-09 14:00:18] [PIPEDOG] 📡 Memantau Blok: 51,073,935 | Total sell: 0 .  
[2026-09-09 14:00:18] [BCOP] 📡 Memantau Blok: 51,073,935 | Total sell: 0 ...
[2026-09-09 14:00:18] [MIO] 📡 Memantau Blok: 51,073,935 | Total sell: 0 .  
[2026-09-09 14:00:19] [just for you] 📡 Memantau Blok: 51,073,935 | Total sell: 0 .  
[2026-09-09 14:00:19] [PIPEDOG] 📡 Memantau Blok: 51,073,935 | Total sell: 0 .. 
[2026-09-09 14:00:20] [BCOP] 📡 Memantau Blok: 51,073,936 | Total sell: 0 .  
[2026-09-09 14:00:20] [MIO] 📡 Memantau Blok: 51,073,936 | Total sell: 0 .. 
[2026-09-09 14:00:20] [just for you] 📡 Memantau Blok: 51,073,936 | Total sell: 0 .. 
[2026-09-09 14:00:21] [PIPEDOG] 📡 Memantau Blok: 51,073,936 | Total sell: 0 ...
[2026-09-09 14:00:21] [BCOP] 📡 Memantau Blok: 51,073,936 | Total sell: 0 .. 
[2026-09-09 14:00:22] [MIO] 📡 Memantau Blok: 51,073,937 | Total sell: 0 ...
[2026-09-09 14:00:22] [just for you] 📡 Memantau Blok: 51,073,937 | Total sell: 0 ...
[2026-09-09 14:00:22] [PIPEDOG] 📡 Memantau Blok: 51,073,937 | Total sell: 0 .  
[2026-09-09 14:00:23] [BCOP] 📡 Memantau Blok: 51,073,937 | Total sell: 0 ...
[2026-09-09 14:00:23] [MIO] 📡 Memantau Blok: 51,073,937 | Total sell: 0 .  
[2026-09-09 14:00:24] [just for you] 📡 Memantau Blok: 51,073,938 | Total sell: 0 .  
[2026-09-09 14:00:24] [PIPEDOG] 📡 Memantau Blok: 51,073,938 | Total sell: 0 .. 
[2026-09-09 14:00:24] [BCOP] 📡 Memantau Blok: 51,073,938 | Total sell: 0 .  
[2026-09-09 14:00:25] [MIO] 📡 Memantau Blok: 51,073,938 | Total sell: 0 .. 
[2026-09-09 14:00:25] [just for you] 📡 Memantau Blok: 51,073,938 | Total sell: 0 .. 
[2026-09-09 14:00:26] [PIPEDOG] 📡 Memantau Blok: 51,073,939 | Total sell: 0 ...
[2026-09-09 14:00:26] [BCOP] 📡 Memantau Blok: 51,073,939 | Total sell: 0 .. 
[2026-09-09 14:00:26] [MIO] 📡 Memantau Blok: 51,073,939 | Total sell: 0 ...
[2026-09-09 14:00:27] [just for you] 📡 Memantau Blok: 51,073,939 | Total sell: 0 ...
[2026-09-09 14:00:27] [PIPEDOG] 📡 Memantau Blok: 51,073,939 | Total sell: 0 .  
[2026-09-09 14:00:27] [BCOP] 📡 Memantau Blok: 51,073,939 | Total sell: 0 ...
[2026-09-09 14:00:28] [MIO] 📡 Memantau Blok: 51,073,940 | Total sell: 0 .  
[2026-09-09 14:00:28] [just for you] 📡 Memantau Blok: 51,073,940 | Total sell: 0 .  
[2026-09-09 14:00:28] [PIPEDOG] 📡 Memantau Blok: 51,073,940 | Total sell: 0 .. 
[2026-09-09 14:00:29] [BCOP] 📡 Memantau Blok: 51,073,940 | Total sell: 0 .  
[2026-09-09 14:00:29] [MIO] 📡 Memantau Blok: 51,073,940 | Total sell: 0 .. 
[2026-09-09 14:00:30] [just for you] 📡 Memantau Blok: 51,073,941 | Total sell: 0 .. 
[2026-09-09 14:00:30] [PIPEDOG] 📡 Memantau Blok: 51,073,941 | Total sell: 0 ...
[2026-09-09 14:00:30] [BCOP] 📡 Memantau Blok: 51,073,941 | Total sell: 0 .. 
[2026-09-09 14:00:31] [MIO] 📡 Memantau Blok: 51,073,941 | Total sell: 0 ...
[2026-09-09 14:00:31] [just for you] 📡 Memantau Blok: 51,073,941 | Total sell: 0 ...
[2026-09-09 14:00:32] [PIPEDOG] 📡 Memantau Blok: 51,073,942 | Total sell: 0 .  
[2026-09-09 14:00:32] [BCOP] 📡 Memantau Blok: 51,073,942 | Total sell: 0 ...
[2026-09-09 14:00:32] [MIO] 📡 Memantau Blok: 51,073,942 | Total sell: 0 .  
[2026-09-09 14:00:33] [just for you] 📡 Memantau Blok: 51,073,942 | Total sell: 0 .  
[2026-09-09 14:00:33] [PIPEDOG] 📡 Memantau Blok: 51,073,942 | Total sell: 0 .. 
[2026-09-09 14:00:33] [BCOP] 📡 Memantau Blok: 51,073,942 | Total sell: 0 .  
[2026-09-09 14:00:34] [MIO] 📡 Memantau Blok: 51,073,943 | Total sell: 0 .. 
[2026-09-09 14:00:34] [just for you] 📡 Memantau Blok: 51,073,943 | Total sell: 0 .. 
[2026-09-09 14:00:35] [PIPEDOG] 📡 Memantau Blok: 51,073,943 | Total sell: 0 ...
[2026-09-09 14:00:35] [BCOP] 📡 Memantau Blok: 51,073,943 | Total sell: 0 .. 
[2026-09-09 14:00:35] [MIO] 📡 Memantau Blok: 51,073,944 | Total sell: 0 ...
[2026-09-09 14:00:36] [just for you] 📡 Memantau Blok: 51,073,944 | Total sell: 0 ...
[2026-09-09 14:00:36] [PIPEDOG] 📡 Memantau Blok: 51,073,944 | Total sell: 0 .  
[2026-09-09 14:00:36] [BCOP] 📡 Memantau Blok: 51,073,944 | Total sell: 0 ...
[2026-09-09 14:00:37] [MIO] 📡 Memantau Blok: 51,073,944 | Total sell: 0 .  
[2026-09-09 14:00:38] [just for you] 📡 Memantau Blok: 51,073,945 | Total sell: 0 .  
[2026-09-09 14:00:38] [PIPEDOG] 📡 Memantau Blok: 51,073,945 | Total sell: 0 .. 
[2026-09-09 14:00:38] [BCOP] 📡 Memantau Blok: 51,073,945 | Total sell: 0 .  
[2026-09-09 14:00:38] [MIO] 📡 Memantau Blok: 51,073,945 | Total sell: 0 .. 
[2026-09-09 14:00:39] [just for you] 📡 Memantau Blok: 51,073,945 | Total sell: 0 .. 
[2026-09-09 14:00:39] [PIPEDOG] 📡 Memantau Blok: 51,073,945 | Total sell: 0 ...
[2026-09-09 14:00:40] [BCOP] 📡 Memantau Blok: 51,073,946 | Total sell: 0 .. 
[2026-09-09 14:00:40] [MIO] 📡 Memantau Blok: 51,073,946 | Total sell: 0 ...
[2026-09-09 14:00:40] [just for you] 📡 Memantau Blok: 51,073,946 | Total sell: 0 ...
[2026-09-09 14:00:41] [PIPEDOG] 📡 Memantau Blok: 51,073,946 | Total sell: 0 .  
[2026-09-09 14:00:41] [BCOP] 📡 Memantau Blok: 51,073,946 | Total sell: 0 ...
[2026-09-09 14:00:42] [MIO] 📡 Memantau Blok: 51,073,947 | Total sell: 0 .  
[2026-09-09 14:00:42] [just for you] 📡 Memantau Blok: 51,073,947 | Total sell: 0 .  
[2026-09-09 14:00:42] [PIPEDOG] 📡 Memantau Blok: 51,073,947 | Total sell: 0 .. 
[2026-09-09 14:00:42] [BCOP] 📡 Memantau Blok: 51,073,947 | Total sell: 0 .  
[2026-09-09 14:00:43] [MIO] 📡 Memantau Blok: 51,073,947 | Total sell: 0 .. 
[2026-09-09 14:00:44] [just for you] 📡 Memantau Blok: 51,073,948 | Total sell: 0 .. 
[2026-09-09 14:00:44] [PIPEDOG] 📡 Memantau Blok: 51,073,948 | Total sell: 0 ...
[2026-09-09 14:00:44] [BCOP] 📡 Memantau Blok: 51,073,948 | Total sell: 0 .. 
[2026-09-09 14:00:45] [MIO] 📡 Memantau Blok: 51,073,948 | Total sell: 0 ...
[2026-09-09 14:00:45] [just for you] 📡 Memantau Blok: 51,073,948 | Total sell: 0 ...
[2026-09-09 14:00:45] [PIPEDOG] 📡 Memantau Blok: 51,073,948 | Total sell: 0 .  
[2026-09-09 14:00:46] [BCOP] 📡 Memantau Blok: 51,073,949 | Total sell: 0 ...
[2026-09-09 14:00:46] [MIO] 📡 Memantau Blok: 51,073,949 | Total sell: 0 .  
[2026-09-09 14:00:47] [just for you] 📡 Memantau Blok: 51,073,949 | Total sell: 0 .  
[2026-09-09 14:00:47] [PIPEDOG] 📡 Memantau Blok: 51,073,949 | Total sell: 0 .. 
[2026-09-09 14:00:47] [BCOP] 📡 Memantau Blok: 51,073,949 | Total sell: 0 .  
[2026-09-09 14:00:48] [MIO] 📡 Memantau Blok: 51,073,950 | Total sell: 0 .. 
[2026-09-09 14:00:48] [just for you] 📡 Memantau Blok: 51,073,950 | Total sell: 0 .. 
[2026-09-09 14:00:48] [PIPEDOG] 📡 Memantau Blok: 51,073,950 | Total sell: 0 ...
[2026-09-09 14:00:49] [BCOP] 📡 Memantau Blok: 51,073,950 | Total sell: 0 .. 
[2026-09-09 14:00:50] [MIO] 📡 Memantau Blok: 51,073,951 | Total sell: 0 ...
[2026-09-09 14:00:50] [just for you] 📡 Memantau Blok: 51,073,951 | Total sell: 0 ...
[2026-09-09 14:00:50] [PIPEDOG] 📡 Memantau Blok: 51,073,951 | Total sell: 0 .  
[2026-09-09 14:00:50] [BCOP] 📡 Memantau Blok: 51,073,951 | Total sell: 0 ...
[2026-09-09 14:00:51] [MIO] 📡 Memantau Blok: 51,073,951 | Total sell: 0 .  
[2026-09-09 14:00:51] [just for you] 📡 Memantau Blok: 51,073,951 | Total sell: 0 .  
[2026-09-09 14:00:51] [PIPEDOG] 📡 Memantau Blok: 51,073,951 | Total sell: 0 .. 
[2026-09-09 14:00:52] [BCOP] 📡 Memantau Blok: 51,073,952 | Total sell: 0 .  
[2026-09-09 14:00:52] [MIO] 📡 Memantau Blok: 51,073,952 | Total sell: 0 .. 
[2026-09-09 14:00:53] [just for you] 📡 Memantau Blok: 51,073,952 | Total sell: 0 .. 
[2026-09-09 14:00:53] [PIPEDOG] 📡 Memantau Blok: 51,073,952 | Total sell: 0 ...
[2026-09-09 14:00:53] [BCOP] 📡 Memantau Blok: 51,073,952 | Total sell: 0 .. 
[2026-09-09 14:00:54] [MIO] 📡 Memantau Blok: 51,073,953 | Total sell: 0 ...
[2026-09-09 14:00:54] [just for you] 📡 Memantau Blok: 51,073,953 | Total sell: 0 ...
[2026-09-09 14:00:54] [PIPEDOG] 📡 Memantau Blok: 51,073,953 | Total sell: 0 .  
[2026-09-09 14:00:55] [BCOP] 📡 Memantau Blok: 51,073,953 | Total sell: 0 ...
[2026-09-09 14:00:56] [MIO] 📡 Memantau Blok: 51,073,954 | Total sell: 0 .  
[2026-09-09 14:00:56] [just for you] 📡 Memantau Blok: 51,073,954 | Total sell: 0 .  
[2026-09-09 14:00:56] [PIPEDOG] 📡 Memantau Blok: 51,073,954 | Total sell: 0 .. 
[2026-09-09 14:00:56] [BCOP] 📡 Memantau Blok: 51,073,954 | Total sell: 0 .  
[2026-09-09 14:00:57] [MIO] 📡 Memantau Blok: 51,073,954 | Total sell: 0 .. 
[2026-09-09 14:00:58] [just for you] 📡 Memantau Blok: 51,073,955 | Total sell: 0 .. 
[2026-09-09 14:00:58] [PIPEDOG] 📡 Memantau Blok: 51,073,955 | Total sell: 0 ...
[2026-09-09 14:00:58] [BCOP] 📡 Memantau Blok: 51,073,955 | Total sell: 0 .. 
[2026-09-09 14:00:59] [MIO] 📡 Memantau Blok: 51,073,955 | Total sell: 0 ...
[2026-09-09 14:00:59] [just for you] 📡 Memantau Blok: 51,073,955 | Total sell: 0 ...
[2026-09-09 14:00:59] [PIPEDOG] 📡 Memantau Blok: 51,073,955 | Total sell: 0 .  
[2026-09-09 14:01:00] [BCOP] 📡 Memantau Blok: 51,073,956 | Total sell: 0 ...
[2026-09-09 14:01:00] [MIO] 📡 Memantau Blok: 51,073,956 | Total sell: 0 .  
[2026-09-09 14:01:00] [just for you] 📡 Memantau Blok: 51,073,956 | Total sell: 0 .  
[2026-09-09 14:01:01] [PIPEDOG] 📡 Memantau Blok: 51,073,956 | Total sell: 0 .. 
[2026-09-09 14:01:01] [BCOP] 📡 Memantau Blok: 51,073,956 | Total sell: 0 .  
[2026-09-09 14:01:02] [MIO] 📡 Memantau Blok: 51,073,957 | Total sell: 0 .. 
[2026-09-09 14:01:02] [just for you] 📡 Memantau Blok: 51,073,957 | Total sell: 0 .. 
[2026-09-09 14:01:02] [PIPEDOG] 📡 Memantau Blok: 51,073,957 | Total sell: 0 ...
[2026-09-09 14:01:02] [BCOP] 📡 Memantau Blok: 51,073,957 | Total sell: 0 .. 
[2026-09-09 14:01:04] [MIO] 📡 Memantau Blok: 51,073,958 | Total sell: 0 ...
[2026-09-09 14:01:04] [just for you] 📡 Memantau Blok: 51,073,958 | Total sell: 0 ...
[2026-09-09 14:01:04] [PIPEDOG] 📡 Memantau Blok: 51,073,958 | Total sell: 0 .  
[2026-09-09 14:01:04] [BCOP] 📡 Memantau Blok: 51,073,958 | Total sell: 0 ...
[2026-09-09 14:01:05] [MIO] 📡 Memantau Blok: 51,073,958 | Total sell: 0 .  
[2026-09-09 14:01:05] [just for you] 📡 Memantau Blok: 51,073,958 | Total sell: 0 .  
[2026-09-09 14:01:05] [PIPEDOG] 📡 Memantau Blok: 51,073,958 | Total sell: 0 .. 
[2026-09-09 14:01:06] [BCOP] 📡 Memantau Blok: 51,073,959 | Total sell: 0 .  
[2026-09-09 14:01:06] [MIO] 📡 Memantau Blok: 51,073,959 | Total sell: 0 .. 
[2026-09-09 14:01:07] [just for you] 📡 Memantau Blok: 51,073,959 | Total sell: 0 .. 
[2026-09-09 14:01:07] [PIPEDOG] 📡 Memantau Blok: 51,073,959 | Total sell: 0 ...
[2026-09-09 14:01:07] [BCOP] 📡 Memantau Blok: 51,073,959 | Total sell: 0 .. 
[2026-09-09 14:01:08] [MIO] 📡 Memantau Blok: 51,073,960 | Total sell: 0 ...
[2026-09-09 14:01:08] [just for you] 📡 Memantau Blok: 51,073,960 | Total sell: 0 ...
[2026-09-09 14:01:08] [PIPEDOG] 📡 Memantau Blok: 51,073,960 | Total sell: 0 .  
[2026-09-09 14:01:09] [BCOP] 📡 Memantau Blok: 51,073,960 | Total sell: 0 ...
[2026-09-09 14:01:10] [MIO] 📡 Memantau Blok: 51,073,961 | Total sell: 0 .  
[2026-09-09 14:01:10] [just for you] 📡 Memantau Blok: 51,073,961 | Total sell: 0 .  
[2026-09-09 14:01:10] [PIPEDOG] 📡 Memantau Blok: 51,073,961 | Total sell: 0 .. 
[2026-09-09 14:01:10] [BCOP] 📡 Memantau Blok: 51,073,961 | Total sell: 0 .  
[2026-09-09 14:01:11] [MIO] 📡 Memantau Blok: 51,073,961 | Total sell: 0 .. 
[2026-09-09 14:01:11] [just for you] 📡 Memantau Blok: 51,073,961 | Total sell: 0 .. 
[2026-09-09 14:01:12] [PIPEDOG] 📡 Memantau Blok: 51,073,962 | Total sell: 0 ...
[2026-09-09 14:01:12] [BCOP] 📡 Memantau Blok: 51,073,962 | Total sell: 0 .. 
[2026-09-09 14:01:13] [MIO] 📡 Memantau Blok: 51,073,962 | Total sell: 0 ...
[2026-09-09 14:01:13] [just for you] 📡 Memantau Blok: 51,073,962 | Total sell: 0 ...
[2026-09-09 14:01:13] [PIPEDOG] 📡 Memantau Blok: 51,073,962 | Total sell: 0 .  
[2026-09-09 14:01:13] [BCOP] 📡 Memantau Blok: 51,073,963 | Total sell: 0 ...
[2026-09-09 14:01:14] [MIO] 📡 Memantau Blok: 51,073,963 | Total sell: 0 .  
[2026-09-09 14:01:14] [just for you] 📡 Memantau Blok: 51,073,963 | Total sell: 0 .  
[2026-09-09 14:01:15] [PIPEDOG] 📡 Memantau Blok: 51,073,963 | Total sell: 0 .. 
[2026-09-09 14:01:15] [BCOP] 📡 Memantau Blok: 51,073,963 | Total sell: 0 .  
[2026-09-09 14:01:16] [MIO] 📡 Memantau Blok: 51,073,964 | Total sell: 0 .. 
[2026-09-09 14:01:16] [just for you] 📡 Memantau Blok: 51,073,964 | Total sell: 0 .. 
[2026-09-09 14:01:16] [PIPEDOG] 📡 Memantau Blok: 51,073,964 | Total sell: 0 ...
[2026-09-09 14:01:16] [BCOP] 📡 Memantau Blok: 51,073,964 | Total sell: 0 .. 
[2026-09-09 14:01:17] [MIO] 📡 Memantau Blok: 51,073,964 | Total sell: 0 ...
[2026-09-09 14:01:18] [just for you] 📡 Memantau Blok: 51,073,965 | Total sell: 0 ...
[2026-09-09 14:01:18] [PIPEDOG] 📡 Memantau Blok: 51,073,965 | Total sell: 0 .  
[2026-09-09 14:01:18] [BCOP] 📡 Memantau Blok: 51,073,965 | Total sell: 0 ...
[2026-09-09 14:01:19] [MIO] 📡 Memantau Blok: 51,073,965 | Total sell: 0 .  
[2026-09-09 14:01:19] [just for you] 📡 Memantau Blok: 51,073,965 | Total sell: 0 .  
[2026-09-09 14:01:19] [PIPEDOG] 📡 Memantau Blok: 51,073,965 | Total sell: 0 .. 
[2026-09-09 14:01:20] [BCOP] 📡 Memantau Blok: 51,073,966 | Total sell: 0 .  
[2026-09-09 14:01:20] [MIO] 📡 Memantau Blok: 51,073,966 | Total sell: 0 .. 
[2026-09-09 14:01:21] [just for you] 📡 Memantau Blok: 51,073,966 | Total sell: 0 .. 
[2026-09-09 14:01:21] [PIPEDOG] 📡 Memantau Blok: 51,073,966 | Total sell: 0 ...
[2026-09-09 14:01:21] [BCOP] 📡 Memantau Blok: 51,073,966 | Total sell: 0 .. 
[2026-09-09 14:01:22] [MIO] 📡 Memantau Blok: 51,073,967 | Total sell: 0 ...
[2026-09-09 14:01:22] [PIPEDOG] 📡 Memantau Blok: 51,073,967 | Total sell: 0 .  
[2026-09-09 14:01:22] [just for you] 📡 Memantau Blok: 51,073,967 | Total sell: 0 ...
[2026-09-09 14:01:22] [BCOP] 📡 Memantau Blok: 51,073,967 | Total sell: 0 ...
[2026-09-09 14:01:24] [MIO] 📡 Memantau Blok: 51,073,968 | Total sell: 0 .  
[2026-09-09 14:01:24] [PIPEDOG] 📡 Memantau Blok: 51,073,968 | Total sell: 0 .. 
[2026-09-09 14:01:24] [just for you] 📡 Memantau Blok: 51,073,968 | Total sell: 0 .  
[2026-09-09 14:01:24] [BCOP] 📡 Memantau Blok: 51,073,968 | Total sell: 0 .  
[2026-09-09 14:01:25] [MIO] 📡 Memantau Blok: 51,073,968 | Total sell: 0 .. 
[2026-09-09 14:01:25] [PIPEDOG] 📡 Memantau Blok: 51,073,968 | Total sell: 0 ...
[2026-09-09 14:01:25] [just for you] 📡 Memantau Blok: 51,073,969 | Total sell: 0 .. 
[2026-09-09 14:01:26] [BCOP] 📡 Memantau Blok: 51,073,969 | Total sell: 0 .. 
[2026-09-09 14:01:26] [MIO] 📡 Memantau Blok: 51,073,969 | Total sell: 0 ...
[2026-09-09 14:01:27] [PIPEDOG] 📡 Memantau Blok: 51,073,969 | Total sell: 0 .  
[2026-09-09 14:01:27] [just for you] 📡 Memantau Blok: 51,073,969 | Total sell: 0 ...
[2026-09-09 14:01:27] [BCOP] 📡 Memantau Blok: 51,073,969 | Total sell: 0 ...
[2026-09-09 14:01:28] [MIO] 📡 Memantau Blok: 51,073,970 | Total sell: 0 .  
[2026-09-09 14:01:28] [PIPEDOG] 📡 Memantau Blok: 51,073,970 | Total sell: 0 .. 
[2026-09-09 14:01:28] [just for you] 📡 Memantau Blok: 51,073,970 | Total sell: 0 .  
[2026-09-09 14:01:29] [BCOP] 📡 Memantau Blok: 51,073,970 | Total sell: 0 .  
[2026-09-09 14:01:30] [MIO] 📡 Memantau Blok: 51,073,971 | Total sell: 0 .. 
[2026-09-09 14:01:30] [PIPEDOG] 📡 Memantau Blok: 51,073,971 | Total sell: 0 ...
[2026-09-09 14:01:30] [just for you] 📡 Memantau Blok: 51,073,971 | Total sell: 0 .. 
[2026-09-09 14:01:30] [BCOP] 📡 Memantau Blok: 51,073,971 | Total sell: 0 .. 
[2026-09-09 14:01:31] [MIO] 📡 Memantau Blok: 51,073,971 | Total sell: 0 ...
[2026-09-09 14:01:31] [PIPEDOG] 📡 Memantau Blok: 51,073,972 | Total sell: 0 .  
[2026-09-09 14:01:31] [just for you] 📡 Memantau Blok: 51,073,972 | Total sell: 0 ...
[2026-09-09 14:01:32] [BCOP] 📡 Memantau Blok: 51,073,972 | Total sell: 0 ...
[2026-09-09 14:01:33] [MIO] 📡 Memantau Blok: 51,073,972 | Total sell: 0 .  
[2026-09-09 14:01:33] [PIPEDOG] 📡 Memantau Blok: 51,073,972 | Total sell: 0 .. 
[2026-09-09 14:01:33] [just for you] 📡 Memantau Blok: 51,073,972 | Total sell: 0 .  
[2026-09-09 14:01:33] [BCOP] 📡 Memantau Blok: 51,073,972 | Total sell: 0 .  
[2026-09-09 14:01:34] [MIO] 📡 Memantau Blok: 51,073,973 | Total sell: 0 .. 
[2026-09-09 14:01:34] [PIPEDOG] 📡 Memantau Blok: 51,073,973 | Total sell: 0 ...
[2026-09-09 14:01:34] [just for you] 📡 Memantau Blok: 51,073,973 | Total sell: 0 .. 
[2026-09-09 14:01:35] [BCOP] 📡 Memantau Blok: 51,073,973 | Total sell: 0 .. 
[2026-09-09 14:01:36] [MIO] 📡 Memantau Blok: 51,073,974 | Total sell: 0 ...
[2026-09-09 14:01:36] [PIPEDOG] 📡 Memantau Blok: 51,073,974 | Total sell: 0 .  
[2026-09-09 14:01:36] [just for you] 📡 Memantau Blok: 51,073,974 | Total sell: 0 ...
[2026-09-09 14:01:36] [BCOP] 📡 Memantau Blok: 51,073,974 | Total sell: 0 ...
[2026-09-09 14:01:37] [MIO] 📡 Memantau Blok: 51,073,974 | Total sell: 0 .  
[2026-09-09 14:01:38] [just for you] 📡 Memantau Blok: 51,073,975 | Total sell: 0 .  
[2026-09-09 14:01:38] [PIPEDOG] 📡 Memantau Blok: 51,073,975 | Total sell: 0 .. 
[2026-09-09 14:01:38] [BCOP] 📡 Memantau Blok: 51,073,975 | Total sell: 0 .  
[2026-09-09 14:01:39] [MIO] 📡 Memantau Blok: 51,073,975 | Total sell: 0 .. 
[2026-09-09 14:01:39] [PIPEDOG] 📡 Memantau Blok: 51,073,975 | Total sell: 0 ...
[2026-09-09 14:01:39] [just for you] 📡 Memantau Blok: 51,073,975 | Total sell: 0 .. 
[2026-09-09 14:01:39] [BCOP] 📡 Memantau Blok: 51,073,976 | Total sell: 0 .. 
[2026-09-09 14:01:40] [MIO] 📡 Memantau Blok: 51,073,976 | Total sell: 0 ...
[2026-09-09 14:01:40] [just for you] 📡 Memantau Blok: 51,073,976 | Total sell: 0 ...
[2026-09-09 14:01:40] [PIPEDOG] 📡 Memantau Blok: 51,073,976 | Total sell: 0 .  
[2026-09-09 14:01:41] [BCOP] 📡 Memantau Blok: 51,073,976 | Total sell: 0 ...
[2026-09-09 14:01:42] [MIO] 📡 Memantau Blok: 51,073,977 | Total sell: 0 .  
[2026-09-09 14:01:42] [PIPEDOG] 📡 Memantau Blok: 51,073,977 | Total sell: 0 .. 
[2026-09-09 14:01:42] [just for you] 📡 Memantau Blok: 51,073,977 | Total sell: 0 .  
[2026-09-09 14:01:42] [BCOP] 📡 Memantau Blok: 51,073,977 | Total sell: 0 .  
[2026-09-09 14:01:43] [MIO] 📡 Memantau Blok: 51,073,977 | Total sell: 0 .. 
[2026-09-09 14:01:44] [PIPEDOG] 📡 Memantau Blok: 51,073,978 | Total sell: 0 ...
[2026-09-09 14:01:44] [just for you] 📡 Memantau Blok: 51,073,978 | Total sell: 0 .. 
[2026-09-09 14:01:44] [BCOP] 📡 Memantau Blok: 51,073,978 | Total sell: 0 .. 
[2026-09-09 14:01:45] [MIO] 📡 Memantau Blok: 51,073,978 | Total sell: 0 ...
[2026-09-09 14:01:45] [PIPEDOG] 📡 Memantau Blok: 51,073,978 | Total sell: 0 .  
[2026-09-09 14:01:45] [just for you] 📡 Memantau Blok: 51,073,978 | Total sell: 0 ...
[2026-09-09 14:01:46] [BCOP] 📡 Memantau Blok: 51,073,979 | Total sell: 0 ...
[2026-09-09 14:01:46] [MIO] 📡 Memantau Blok: 51,073,979 | Total sell: 0 .  
[2026-09-09 14:01:47] [PIPEDOG] 📡 Memantau Blok: 51,073,979 | Total sell: 0 .. 
[2026-09-09 14:01:47] [just for you] 📡 Memantau Blok: 51,073,979 | Total sell: 0 .  
[2026-09-09 14:01:47] [BCOP] 📡 Memantau Blok: 51,073,979 | Total sell: 0 .  
[2026-09-09 14:01:48] [MIO] 📡 Memantau Blok: 51,073,980 | Total sell: 0 .. 
[2026-09-09 14:01:48] [PIPEDOG] 📡 Memantau Blok: 51,073,980 | Total sell: 0 ...
[2026-09-09 14:01:48] [just for you] 📡 Memantau Blok: 51,073,980 | Total sell: 0 .. 
[2026-09-09 14:01:49] [BCOP] 📡 Memantau Blok: 51,073,980 | Total sell: 0 .. 
[2026-09-09 14:01:50] [MIO] 📡 Memantau Blok: 51,073,981 | Total sell: 0 ...
[2026-09-09 14:01:50] [PIPEDOG] 📡 Memantau Blok: 51,073,981 | Total sell: 0 .  
[2026-09-09 14:01:50] [just for you] 📡 Memantau Blok: 51,073,981 | Total sell: 0 ...
[2026-09-09 14:01:50] [BCOP] 📡 Memantau Blok: 51,073,981 | Total sell: 0 ...
[2026-09-09 14:01:51] [MIO] 📡 Memantau Blok: 51,073,981 | Total sell: 0 .  
[2026-09-09 14:01:51] [PIPEDOG] 📡 Memantau Blok: 51,073,981 | Total sell: 0 .. 
[2026-09-09 14:01:52] [just for you] 📡 Memantau Blok: 51,073,982 | Total sell: 0 .  
[2026-09-09 14:01:52] [BCOP] 📡 Memantau Blok: 51,073,982 | Total sell: 0 .  
[2026-09-09 14:01:52] [MIO] 📡 Memantau Blok: 51,073,982 | Total sell: 0 .. 
[2026-09-09 14:01:53] [PIPEDOG] 📡 Memantau Blok: 51,073,982 | Total sell: 0 ...
[2026-09-09 14:01:53] [just for you] 📡 Memantau Blok: 51,073,982 | Total sell: 0 .. 
[2026-09-09 14:01:53] [BCOP] 📡 Memantau Blok: 51,073,982 | Total sell: 0 .. 
[2026-09-09 14:01:54] [MIO] 📡 Memantau Blok: 51,073,983 | Total sell: 0 ...
[2026-09-09 14:01:54] [PIPEDOG] 📡 Memantau Blok: 51,073,983 | Total sell: 0 .  
[2026-09-09 14:01:54] [just for you] 📡 Memantau Blok: 51,073,983 | Total sell: 0 ...
[2026-09-09 14:01:55] [BCOP] 📡 Memantau Blok: 51,073,983 | Total sell: 0 ...
[2026-09-09 14:01:56] [MIO] 📡 Memantau Blok: 51,073,984 | Total sell: 0 .  
[2026-09-09 14:01:56] [PIPEDOG] 📡 Memantau Blok: 51,073,984 | Total sell: 0 .. 
[2026-09-09 14:01:56] [just for you] 📡 Memantau Blok: 51,073,984 | Total sell: 0 .  
[2026-09-09 14:01:56] [BCOP] 📡 Memantau Blok: 51,073,984 | Total sell: 0 .  
[2026-09-09 14:01:57] [MIO] 📡 Memantau Blok: 51,073,984 | Total sell: 0 .. 
[2026-09-09 14:01:57] [PIPEDOG] 📡 Memantau Blok: 51,073,985 | Total sell: 0 ...
[2026-09-09 14:01:58] [just for you] 📡 Memantau Blok: 51,073,985 | Total sell: 0 .. 
[2026-09-09 14:01:58] [BCOP] 📡 Memantau Blok: 51,073,985 | Total sell: 0 .. 
[2026-09-09 14:01:59] [MIO] 📡 Memantau Blok: 51,073,985 | Total sell: 0 ...
[2026-09-09 14:01:59] [PIPEDOG] 📡 Memantau Blok: 51,073,985 | Total sell: 0 .  
[2026-09-09 14:01:59] [just for you] 📡 Memantau Blok: 51,073,985 | Total sell: 0 ...
[2026-09-09 14:02:00] [BCOP] 📡 Memantau Blok: 51,073,986 | Total sell: 0 ...
[2026-09-09 14:02:00] [MIO] 📡 Memantau Blok: 51,073,986 | Total sell: 0 .  
[2026-09-09 14:02:00] [PIPEDOG] 📡 Memantau Blok: 51,073,986 | Total sell: 0 .. 
[2026-09-09 14:02:01] [just for you] 📡 Memantau Blok: 51,073,986 | Total sell: 0 .  
[2026-09-09 14:02:01] [BCOP] 📡 Memantau Blok: 51,073,986 | Total sell: 0 .  
[2026-09-09 14:02:02] [MIO] 📡 Memantau Blok: 51,073,987 | Total sell: 0 .. 
[2026-09-09 14:02:02] [PIPEDOG] 📡 Memantau Blok: 51,073,987 | Total sell: 0 ...
[2026-09-09 14:02:02] [just for you] 📡 Memantau Blok: 51,073,987 | Total sell: 0 .. 
[2026-09-09 14:02:02] [BCOP] 📡 Memantau Blok: 51,073,987 | Total sell: 0 .. 
[2026-09-09 14:02:03] [MIO] 📡 Memantau Blok: 51,073,987 | Total sell: 0 ...
[2026-09-09 14:02:04] [PIPEDOG] 📡 Memantau Blok: 51,073,988 | Total sell: 0 .  
[2026-09-09 14:02:04] [just for you] 📡 Memantau Blok: 51,073,988 | Total sell: 0 ...
[2026-09-09 14:02:04] [BCOP] 📡 Memantau Blok: 51,073,988 | Total sell: 0 ...
[2026-09-09 14:02:05] [MIO] 📡 Memantau Blok: 51,073,988 | Total sell: 0 .  
[2026-09-09 14:02:05] [PIPEDOG] 📡 Memantau Blok: 51,073,988 | Total sell: 0 .. 
[2026-09-09 14:02:05] [just for you] 📡 Memantau Blok: 51,073,988 | Total sell: 0 .  
[2026-09-09 14:02:06] [BCOP] 📡 Memantau Blok: 51,073,989 | Total sell: 0 .  
[2026-09-09 14:02:06] [MIO] 📡 Memantau Blok: 51,073,989 | Total sell: 0 .. 
[2026-09-09 14:02:07] [PIPEDOG] 📡 Memantau Blok: 51,073,989 | Total sell: 0 ...
[2026-09-09 14:02:07] [just for you] 📡 Memantau Blok: 51,073,989 | Total sell: 0 .. 
[2026-09-09 14:02:07] [BCOP] 📡 Memantau Blok: 51,073,989 | Total sell: 0 .. 
[2026-09-09 14:02:08] [MIO] 📡 Memantau Blok: 51,073,990 | Total sell: 0 ...
[2026-09-09 14:02:08] [PIPEDOG] 📡 Memantau Blok: 51,073,990 | Total sell: 0 .  
[2026-09-09 14:02:08] [just for you] 📡 Memantau Blok: 51,073,990 | Total sell: 0 ...
[2026-09-09 14:02:09] [BCOP] 📡 Memantau Blok: 51,073,990 | Total sell: 0 ...
[2026-09-09 14:02:10] [MIO] 📡 Memantau Blok: 51,073,991 | Total sell: 0 .  
[2026-09-09 14:02:10] [PIPEDOG] 📡 Memantau Blok: 51,073,991 | Total sell: 0 .. 
[2026-09-09 14:02:10] [just for you] 📡 Memantau Blok: 51,073,991 | Total sell: 0 .  
[2026-09-09 14:02:10] [BCOP] 📡 Memantau Blok: 51,073,991 | Total sell: 0 .  
[2026-09-09 14:02:11] [MIO] 📡 Memantau Blok: 51,073,991 | Total sell: 0 .. 
[2026-09-09 14:02:11] [PIPEDOG] 📡 Memantau Blok: 51,073,991 | Total sell: 0 ...
[2026-09-09 14:02:12] [just for you] 📡 Memantau Blok: 51,073,992 | Total sell: 0 .. 
[2026-09-09 14:02:12] [BCOP] 📡 Memantau Blok: 51,073,992 | Total sell: 0 .. 
[2026-09-09 14:02:13] [MIO] 📡 Memantau Blok: 51,073,992 | Total sell: 0 ...
[2026-09-09 14:02:13] [PIPEDOG] 📡 Memantau Blok: 51,073,992 | Total sell: 0 .  
[2026-09-09 14:02:13] [just for you] 📡 Memantau Blok: 51,073,992 | Total sell: 0 ...
[2026-09-09 14:02:13] [BCOP] 📡 Memantau Blok: 51,073,993 | Total sell: 0 ...
[2026-09-09 14:02:14] [MIO] 📡 Memantau Blok: 51,073,993 | Total sell: 0 .  
[2026-09-09 14:02:14] [PIPEDOG] 📡 Memantau Blok: 51,073,993 | Total sell: 0 .. 
[2026-09-09 14:02:15] [just for you] 📡 Memantau Blok: 51,073,993 | Total sell: 0 .  
[2026-09-09 14:02:15] [BCOP] 📡 Memantau Blok: 51,073,993 | Total sell: 0 .  
[2026-09-09 14:02:16] [MIO] 📡 Memantau Blok: 51,073,994 | Total sell: 0 .. 
[2026-09-09 14:02:16] [PIPEDOG] 📡 Memantau Blok: 51,073,994 | Total sell: 0 ...
[2026-09-09 14:02:16] [just for you] 📡 Memantau Blok: 51,073,994 | Total sell: 0 .. 
[2026-09-09 14:02:16] [BCOP] 📡 Memantau Blok: 51,073,994 | Total sell: 0 .. 
[2026-09-09 14:02:17] [MIO] 📡 Memantau Blok: 51,073,994 | Total sell: 0 ...
[2026-09-09 14:02:17] [PIPEDOG] 📡 Memantau Blok: 51,073,995 | Total sell: 0 .  
[2026-09-09 14:02:18] [just for you] 📡 Memantau Blok: 51,073,995 | Total sell: 0 ...
[2026-09-09 14:02:18] [BCOP] 📡 Memantau Blok: 51,073,995 | Total sell: 0 ...
[2026-09-09 14:02:19] [MIO] 📡 Memantau Blok: 51,073,995 | Total sell: 0 .  
[2026-09-09 14:02:19] [PIPEDOG] 📡 Memantau Blok: 51,073,995 | Total sell: 0 .. 
[2026-09-09 14:02:19] [just for you] 📡 Memantau Blok: 51,073,995 | Total sell: 0 .  
[2026-09-09 14:02:20] [BCOP] 📡 Memantau Blok: 51,073,996 | Total sell: 0 .  
[2026-09-09 14:02:20] [MIO] 📡 Memantau Blok: 51,073,996 | Total sell: 0 .. 
[2026-09-09 14:02:20] [PIPEDOG] 📡 Memantau Blok: 51,073,996 | Total sell: 0 ...
[2026-09-09 14:02:21] [just for you] 📡 Memantau Blok: 51,073,996 | Total sell: 0 .. 
[2026-09-09 14:02:21] [BCOP] 📡 Memantau Blok: 51,073,996 | Total sell: 0 .. 
[2026-09-09 14:02:22] [MIO] 📡 Memantau Blok: 51,073,997 | Total sell: 0 ...
[2026-09-09 14:02:22] [PIPEDOG] 📡 Memantau Blok: 51,073,997 | Total sell: 0 .  
[2026-09-09 14:02:22] [just for you] 📡 Memantau Blok: 51,073,997 | Total sell: 0 ...
[2026-09-09 14:02:23] [BCOP] 📡 Memantau Blok: 51,073,997 | Total sell: 0 ...
[2026-09-09 14:02:24] [MIO] 📡 Memantau Blok: 51,073,997 | Total sell: 0 .  
[2026-09-09 14:02:24] [PIPEDOG] 📡 Memantau Blok: 51,073,998 | Total sell: 0 .. 
[2026-09-09 14:02:24] [just for you] 📡 Memantau Blok: 51,073,998 | Total sell: 0 .  
[2026-09-09 14:02:24] [BCOP] 📡 Memantau Blok: 51,073,998 | Total sell: 0 .  
[2026-09-09 14:02:25] [MIO] 📡 Memantau Blok: 51,073,998 | Total sell: 0 .. 
[2026-09-09 14:02:25] [PIPEDOG] 📡 Memantau Blok: 51,073,998 | Total sell: 0 ...
[2026-09-09 14:02:25] [just for you] 📡 Memantau Blok: 51,073,998 | Total sell: 0 .. 
[2026-09-09 14:02:26] [BCOP] 📡 Memantau Blok: 51,073,999 | Total sell: 0 .. 
[2026-09-09 14:02:26] [MIO] 📡 Memantau Blok: 51,073,999 | Total sell: 0 ...
[2026-09-09 14:02:27] [PIPEDOG] 📡 Memantau Blok: 51,073,999 | Total sell: 0 .  
[2026-09-09 14:02:27] [just for you] 📡 Memantau Blok: 51,073,999 | Total sell: 0 ...
[2026-09-09 14:02:27] [BCOP] 📡 Memantau Blok: 51,073,999 | Total sell: 0 ...
[2026-09-09 14:02:28] [MIO] 📡 Memantau Blok: 51,074,000 | Total sell: 0 .  
[2026-09-09 14:02:28] [PIPEDOG] 📡 Memantau Blok: 51,074,000 | Total sell: 0 .. 
[2026-09-09 14:02:28] [just for you] 📡 Memantau Blok: 51,074,000 | Total sell: 0 .  
[2026-09-09 14:02:29] [BCOP] 📡 Memantau Blok: 51,074,000 | Total sell: 0 .  
[2026-09-09 14:02:30] [MIO] 📡 Memantau Blok: 51,074,001 | Total sell: 0 .. 
[2026-09-09 14:02:30] [PIPEDOG] 📡 Memantau Blok: 51,074,001 | Total sell: 0 ...
[2026-09-09 14:02:30] [BCOP] 📡 Memantau Blok: 51,074,001 | Total sell: 0 .. 
[2026-09-09 14:02:31] [MIO] 📡 Memantau Blok: 51,074,001 | Total sell: 0 ...
[2026-09-09 14:02:31] [PIPEDOG] 📡 Memantau Blok: 51,074,001 | Total sell: 0 .  
[2026-09-09 14:02:32] [BCOP] 📡 Memantau Blok: 51,074,002 | Total sell: 0 ...
[2026-09-09 14:02:33] [MIO] 📡 Memantau Blok: 51,074,002 | Total sell: 0 .  
[2026-09-09 14:02:33] [PIPEDOG] 📡 Memantau Blok: 51,074,002 | Total sell: 0 .. 
[2026-09-09 14:02:34] [BCOP] 📡 Memantau Blok: 51,074,003 | Total sell: 0 .  
[2026-09-09 14:02:34] [PIPEDOG] 📡 Memantau Blok: 51,074,003 | Total sell: 0 ...
[2026-09-09 14:02:34] [MIO] 📡 Memantau Blok: 51,074,003 | Total sell: 0 .. 
[2026-09-09 14:02:35] [BCOP] 📡 Memantau Blok: 51,074,003 | Total sell: 0 .. 
[2026-09-09 14:02:36] [PIPEDOG] 📡 Memantau Blok: 51,074,004 | Total sell: 0 .  
[2026-09-09 14:02:36] [MIO] 📡 Memantau Blok: 51,074,004 | Total sell: 0 ...
[2026-09-09 14:02:36] [BCOP] 📡 Memantau Blok: 51,074,004 | Total sell: 0 ...
[2026-09-09 14:02:37] [MIO] 📡 Memantau Blok: 51,074,005 | Total sell: 0 .  
[2026-09-09 14:02:38] [PIPEDOG] 📡 Memantau Blok: 51,074,005 | Total sell: 0 .. 
[2026-09-09 14:02:38] [BCOP] 📡 Memantau Blok: 51,074,005 | Total sell: 0 .  
[2026-09-09 14:02:39] [MIO] 📡 Memantau Blok: 51,074,005 | Total sell: 0 .. 
[2026-09-09 14:02:39] [PIPEDOG] 📡 Memantau Blok: 51,074,005 | Total sell: 0 ...
[2026-09-09 14:02:40] [BCOP] 📡 Memantau Blok: 51,074,006 | Total sell: 0 .. 
[2026-09-09 14:02:40] [MIO] 📡 Memantau Blok: 51,074,006 | Total sell: 0 ...
[2026-09-09 14:02:41] [PIPEDOG] 📡 Memantau Blok: 51,074,006 | Total sell: 0 .  
[2026-09-09 14:02:41] [BCOP] 📡 Memantau Blok: 51,074,006 | Total sell: 0 ...
[2026-09-09 14:02:42] [MIO] 📡 Memantau Blok: 51,074,007 | Total sell: 0 .  
[2026-09-09 14:02:42] [PIPEDOG] 📡 Memantau Blok: 51,074,007 | Total sell: 0 .. 
[2026-09-09 14:02:43] [BCOP] 📡 Memantau Blok: 51,074,007 | Total sell: 0 .  
[2026-09-09 14:02:44] [MIO] 📡 Memantau Blok: 51,074,008 | Total sell: 0 .. 
[2026-09-09 14:02:44] [PIPEDOG] 📡 Memantau Blok: 51,074,008 | Total sell: 0 ...
[2026-09-09 14:02:44] [BCOP] 📡 Memantau Blok: 51,074,008 | Total sell: 0 .. 
[2026-09-09 14:02:45] [MIO] 📡 Memantau Blok: 51,074,008 | Total sell: 0 ...
[2026-09-09 14:02:45] [PIPEDOG] 📡 Memantau Blok: 51,074,008 | Total sell: 0 .  
[2026-09-09 14:02:45] [just for you] 📡 Memantau Blok: 51,074,001 | Total sell: 0 .. 
[2026-09-09 14:02:46] [BCOP] 📡 Memantau Blok: 51,074,009 | Total sell: 0 ...
[2026-09-09 14:02:47] [MIO] 📡 Memantau Blok: 51,074,009 | Total sell: 0 .  
[2026-09-09 14:02:47] [PIPEDOG] 📡 Memantau Blok: 51,074,009 | Total sell: 0 .. 
[2026-09-09 14:02:47] [just for you] 📡 Memantau Blok: 51,074,009 | Total sell: 0 ...
[2026-09-09 14:02:48] [BCOP] 📡 Memantau Blok: 51,074,010 | Total sell: 0 .  
[2026-09-09 14:02:48] [MIO] 📡 Memantau Blok: 51,074,010 | Total sell: 0 .. 
[2026-09-09 14:02:48] [PIPEDOG] 📡 Memantau Blok: 51,074,010 | Total sell: 0 ...
[2026-09-09 14:02:49] [just for you] 📡 Memantau Blok: 51,074,010 | Total sell: 0 .  
[2026-09-09 14:02:49] [BCOP] 📡 Memantau Blok: 51,074,010 | Total sell: 0 .. 
[2026-09-09 14:02:50] [MIO] 📡 Memantau Blok: 51,074,011 | Total sell: 0 ...
[2026-09-09 14:02:50] [PIPEDOG] 📡 Memantau Blok: 51,074,011 | Total sell: 0 .  
[2026-09-09 14:02:50] [just for you] 📡 Memantau Blok: 51,074,011 | Total sell: 0 .. 
[2026-09-09 14:02:50] [BCOP] 📡 Memantau Blok: 51,074,011 | Total sell: 0 ...
[2026-09-09 14:02:51] [MIO] 📡 Memantau Blok: 51,074,011 | Total sell: 0 .  
[2026-09-09 14:02:52] [PIPEDOG] 📡 Memantau Blok: 51,074,012 | Total sell: 0 .. 
[2026-09-09 14:02:52] [just for you] 📡 Memantau Blok: 51,074,012 | Total sell: 0 ...
[2026-09-09 14:02:52] [BCOP] 📡 Memantau Blok: 51,074,012 | Total sell: 0 .  
[2026-09-09 14:02:53] [MIO] 📡 Memantau Blok: 51,074,012 | Total sell: 0 .. 
[2026-09-09 14:02:53] [PIPEDOG] 📡 Memantau Blok: 51,074,012 | Total sell: 0 ...
[2026-09-09 14:02:53] [just for you] 📡 Memantau Blok: 51,074,013 | Total sell: 0 .  
[2026-09-09 14:02:54] [BCOP] 📡 Memantau Blok: 51,074,013 | Total sell: 0 .. 
[2026-09-09 14:02:54] [MIO] 📡 Memantau Blok: 51,074,013 | Total sell: 0 ...
[2026-09-09 14:02:55] [PIPEDOG] 📡 Memantau Blok: 51,074,013 | Total sell: 0 .  
[2026-09-09 14:02:55] [just for you] 📡 Memantau Blok: 51,074,013 | Total sell: 0 .. 
[2026-09-09 14:02:55] [BCOP] 📡 Memantau Blok: 51,074,013 | Total sell: 0 ...
[2026-09-09 14:02:56] [MIO] 📡 Memantau Blok: 51,074,014 | Total sell: 0 .  
[2026-09-09 14:02:56] [PIPEDOG] 📡 Memantau Blok: 51,074,014 | Total sell: 0 .. 
[2026-09-09 14:02:56] [just for you] 📡 Memantau Blok: 51,074,014 | Total sell: 0 ...
[2026-09-09 14:02:57] [BCOP] 📡 Memantau Blok: 51,074,014 | Total sell: 0 .  
[2026-09-09 14:02:58] [MIO] 📡 Memantau Blok: 51,074,015 | Total sell: 0 .. 
[2026-09-09 14:02:58] [PIPEDOG] 📡 Memantau Blok: 51,074,015 | Total sell: 0 ...
[2026-09-09 14:02:58] [just for you] 📡 Memantau Blok: 51,074,015 | Total sell: 0 .  
[2026-09-09 14:02:58] [BCOP] 📡 Memantau Blok: 51,074,015 | Total sell: 0 .. 
[2026-09-09 14:02:59] [MIO] 📡 Memantau Blok: 51,074,015 | Total sell: 0 ...
[2026-09-09 14:02:59] [PIPEDOG] 📡 Memantau Blok: 51,074,015 | Total sell: 0 .  
[2026-09-09 14:03:00] [just for you] 📡 Memantau Blok: 51,074,016 | Total sell: 0 .. 
[2026-09-09 14:03:00] [BCOP] 📡 Memantau Blok: 51,074,016 | Total sell: 0 ...
[2026-09-09 14:03:00] [MIO] 📡 Memantau Blok: 51,074,016 | Total sell: 0 .  
[2026-09-09 14:03:01] [PIPEDOG] 📡 Memantau Blok: 51,074,016 | Total sell: 0 .. 
[2026-09-09 14:03:01] [just for you] 📡 Memantau Blok: 51,074,016 | Total sell: 0 ...
[2026-09-09 14:03:02] [BCOP] 📡 Memantau Blok: 51,074,017 | Total sell: 0 .  
[2026-09-09 14:03:02] [MIO] 📡 Memantau Blok: 51,074,017 | Total sell: 0 .. 
[2026-09-09 14:03:02] [PIPEDOG] 📡 Memantau Blok: 51,074,017 | Total sell: 0 ...
[2026-09-09 14:03:03] [just for you] 📡 Memantau Blok: 51,074,017 | Total sell: 0 .  
[2026-09-09 14:03:03] [BCOP] 📡 Memantau Blok: 51,074,017 | Total sell: 0 .. 
[2026-09-09 14:03:04] [MIO] 📡 Memantau Blok: 51,074,018 | Total sell: 0 ...
[2026-09-09 14:03:04] [PIPEDOG] 📡 Memantau Blok: 51,074,018 | Total sell: 0 .  
[2026-09-09 14:03:04] [just for you] 📡 Memantau Blok: 51,074,018 | Total sell: 0 .. 
[2026-09-09 14:03:04] [BCOP] 📡 Memantau Blok: 51,074,018 | Total sell: 0 ...
[2026-09-09 14:03:05] [MIO] 📡 Memantau Blok: 51,074,018 | Total sell: 0 .  
[2026-09-09 14:03:05] [PIPEDOG] 📡 Memantau Blok: 51,074,018 | Total sell: 0 .. 
[2026-09-09 14:03:06] [just for you] 📡 Memantau Blok: 51,074,019 | Total sell: 0 ...
[2026-09-09 14:03:06] [BCOP] 📡 Memantau Blok: 51,074,019 | Total sell: 0 .  
[2026-09-09 14:03:07] [MIO] 📡 Memantau Blok: 51,074,019 | Total sell: 0 .. 
[2026-09-09 14:03:07] [PIPEDOG] 📡 Memantau Blok: 51,074,019 | Total sell: 0 ...
[2026-09-09 14:03:08] [just for you] 📡 Memantau Blok: 51,074,020 | Total sell: 0 .  
[2026-09-09 14:03:08] [BCOP] 📡 Memantau Blok: 51,074,020 | Total sell: 0 .. 
[2026-09-09 14:03:08] [MIO] 📡 Memantau Blok: 51,074,020 | Total sell: 0 ...
[2026-09-09 14:03:08] [PIPEDOG] 📡 Memantau Blok: 51,074,020 | Total sell: 0 .  
[2026-09-09 14:03:09] [just for you] 📡 Memantau Blok: 51,074,020 | Total sell: 0 .. 
[2026-09-09 14:03:09] [BCOP] 📡 Memantau Blok: 51,074,020 | Total sell: 0 ...
[2026-09-09 14:03:10] [MIO] 📡 Memantau Blok: 51,074,021 | Total sell: 0 .  
[2026-09-09 14:03:10] [PIPEDOG] 📡 Memantau Blok: 51,074,021 | Total sell: 0 .. 
[2026-09-09 14:03:10] [just for you] 📡 Memantau Blok: 51,074,021 | Total sell: 0 ...
[2026-09-09 14:03:11] [BCOP] 📡 Memantau Blok: 51,074,021 | Total sell: 0 .  
[2026-09-09 14:03:11] [MIO] 📡 Memantau Blok: 51,074,021 | Total sell: 0 .. 
[2026-09-09 14:03:12] [PIPEDOG] 📡 Memantau Blok: 51,074,022 | Total sell: 0 ...
[2026-09-09 14:03:12] [just for you] 📡 Memantau Blok: 51,074,022 | Total sell: 0 .  
[2026-09-09 14:03:12] [BCOP] 📡 Memantau Blok: 51,074,022 | Total sell: 0 .. 
[2026-09-09 14:03:13] [MIO] 📡 Memantau Blok: 51,074,022 | Total sell: 0 ...
[2026-09-09 14:03:13] [PIPEDOG] 📡 Memantau Blok: 51,074,022 | Total sell: 0 .  
[2026-09-09 14:03:14] [just for you] 📡 Memantau Blok: 51,074,023 | Total sell: 0 .. 
[2026-09-09 14:03:14] [BCOP] 📡 Memantau Blok: 51,074,023 | Total sell: 0 ...
[2026-09-09 14:03:14] [MIO] 📡 Memantau Blok: 51,074,023 | Total sell: 0 .  
[2026-09-09 14:03:14] [PIPEDOG] 📡 Memantau Blok: 51,074,023 | Total sell: 0 .. 
[2026-09-09 14:03:15] [just for you] 📡 Memantau Blok: 51,074,023 | Total sell: 0 ...
[2026-09-09 14:03:16] [BCOP] 📡 Memantau Blok: 51,074,024 | Total sell: 0 .  
[2026-09-09 14:03:16] [PIPEDOG] 📡 Memantau Blok: 51,074,024 | Total sell: 0 ...
[2026-09-09 14:03:16] [MIO] 📡 Memantau Blok: 51,074,024 | Total sell: 0 .. 
[2026-09-09 14:03:17] [just for you] 📡 Memantau Blok: 51,074,024 | Total sell: 0 .  
[2026-09-09 14:03:17] [BCOP] 📡 Memantau Blok: 51,074,024 | Total sell: 0 .. 
[2026-09-09 14:03:18] [PIPEDOG] 📡 Memantau Blok: 51,074,025 | Total sell: 0 .  
[2026-09-09 14:03:18] [MIO] 📡 Memantau Blok: 51,074,025 | Total sell: 0 ...
[2026-09-09 14:03:18] [BCOP] 📡 Memantau Blok: 51,074,025 | Total sell: 0 ...
[2026-09-09 14:03:19] [just for you] 📡 Memantau Blok: 51,074,025 | Total sell: 0 .. 
[2026-09-09 14:03:19] [PIPEDOG] 📡 Memantau Blok: 51,074,025 | Total sell: 0 .. 
[2026-09-09 14:03:19] [MIO] 📡 Memantau Blok: 51,074,025 | Total sell: 0 .  
[2026-09-09 14:03:20] [BCOP] 📡 Memantau Blok: 51,074,026 | Total sell: 0 .  
[2026-09-09 14:03:21] [just for you] 📡 Memantau Blok: 51,074,026 | Total sell: 0 ...
[2026-09-09 14:03:21] [PIPEDOG] 📡 Memantau Blok: 51,074,026 | Total sell: 0 ...
[2026-09-09 14:03:21] [MIO] 📡 Memantau Blok: 51,074,026 | Total sell: 0 .. 
[2026-09-09 14:03:22] [BCOP] 📡 Memantau Blok: 51,074,027 | Total sell: 0 .. 
[2026-09-09 14:03:22] [just for you] 📡 Memantau Blok: 51,074,027 | Total sell: 0 .  
[2026-09-09 14:03:22] [MIO] 📡 Memantau Blok: 51,074,027 | Total sell: 0 ...
[2026-09-09 14:03:22] [PIPEDOG] 📡 Memantau Blok: 51,074,027 | Total sell: 0 .  
[2026-09-09 14:03:23] [BCOP] 📡 Memantau Blok: 51,074,027 | Total sell: 0 ...
[2026-09-09 14:03:24] [just for you] 📡 Memantau Blok: 51,074,028 | Total sell: 0 .. 
[2026-09-09 14:03:24] [MIO] 📡 Memantau Blok: 51,074,028 | Total sell: 0 .  
[2026-09-09 14:03:24] [PIPEDOG] 📡 Memantau Blok: 51,074,028 | Total sell: 0 .. 
[2026-09-09 14:03:25] [BCOP] 📡 Memantau Blok: 51,074,028 | Total sell: 0 .  
[2026-09-09 14:03:25] [just for you] 📡 Memantau Blok: 51,074,028 | Total sell: 0 ...
[2026-09-09 14:03:25] [MIO] 📡 Memantau Blok: 51,074,028 | Total sell: 0 .. 
[2026-09-09 14:03:25] [PIPEDOG] 📡 Memantau Blok: 51,074,028 | Total sell: 0 ...
[2026-09-09 14:03:26] [BCOP] 📡 Memantau Blok: 51,074,029 | Total sell: 0 .. 
[2026-09-09 14:03:27] [just for you] 📡 Memantau Blok: 51,074,029 | Total sell: 0 .  
[2026-09-09 14:03:27] [MIO] 📡 Memantau Blok: 51,074,029 | Total sell: 0 ...
[2026-09-09 14:03:27] [PIPEDOG] 📡 Memantau Blok: 51,074,029 | Total sell: 0 .  
[2026-09-09 14:03:28] [BCOP] 📡 Memantau Blok: 51,074,030 | Total sell: 0 ...
[2026-09-09 14:03:28] [just for you] 📡 Memantau Blok: 51,074,030 | Total sell: 0 .. 
[2026-09-09 14:03:28] [MIO] 📡 Memantau Blok: 51,074,030 | Total sell: 0 .  
[2026-09-09 14:03:28] [PIPEDOG] 📡 Memantau Blok: 51,074,030 | Total sell: 0 .. 
[2026-09-09 14:03:29] [BCOP] 📡 Memantau Blok: 51,074,030 | Total sell: 0 .  
[2026-09-09 14:03:30] [just for you] 📡 Memantau Blok: 51,074,031 | Total sell: 0 ...
[2026-09-09 14:03:30] [MIO] 📡 Memantau Blok: 51,074,031 | Total sell: 0 .. 
[2026-09-09 14:03:30] [PIPEDOG] 📡 Memantau Blok: 51,074,031 | Total sell: 0 ...
[2026-09-09 14:03:31] [BCOP] 📡 Memantau Blok: 51,074,031 | Total sell: 0 .. 
[2026-09-09 14:03:31] [just for you] 📡 Memantau Blok: 51,074,031 | Total sell: 0 .  
[2026-09-09 14:03:32] [MIO] 📡 Memantau Blok: 51,074,032 | Total sell: 0 ...
[2026-09-09 14:03:32] [PIPEDOG] 📡 Memantau Blok: 51,074,032 | Total sell: 0 .  
[2026-09-09 14:03:32] [BCOP] 📡 Memantau Blok: 51,074,032 | Total sell: 0 ...
[2026-09-09 14:03:33] [just for you] 📡 Memantau Blok: 51,074,032 | Total sell: 0 .. 
[2026-09-09 14:03:33] [MIO] 📡 Memantau Blok: 51,074,032 | Total sell: 0 .  
[2026-09-09 14:03:33] [PIPEDOG] 📡 Memantau Blok: 51,074,032 | Total sell: 0 .. 
[2026-09-09 14:03:34] [BCOP] 📡 Memantau Blok: 51,074,033 | Total sell: 0 .  
[2026-09-09 14:03:34] [just for you] 📡 Memantau Blok: 51,074,033 | Total sell: 0 ...
[2026-09-09 14:03:34] [PIPEDOG] 📡 Memantau Blok: 51,074,033 | Total sell: 0 ...
[2026-09-09 14:03:34] [MIO] 📡 Memantau Blok: 51,074,033 | Total sell: 0 .. 
[2026-09-09 14:03:35] [BCOP] 📡 Memantau Blok: 51,074,033 | Total sell: 0 .. 
[2026-09-09 14:03:36] [just for you] 📡 Memantau Blok: 51,074,034 | Total sell: 0 .  
[2026-09-09 14:03:36] [PIPEDOG] 📡 Memantau Blok: 51,074,034 | Total sell: 0 .  
[2026-09-09 14:03:36] [MIO] 📡 Memantau Blok: 51,074,034 | Total sell: 0 ...
[2026-09-09 14:03:37] [BCOP] 📡 Memantau Blok: 51,074,034 | Total sell: 0 ...
[2026-09-09 14:03:37] [just for you] 📡 Memantau Blok: 51,074,034 | Total sell: 0 .. 
[2026-09-09 14:03:38] [MIO] 📡 Memantau Blok: 51,074,035 | Total sell: 0 .  
[2026-09-09 14:03:38] [PIPEDOG] 📡 Memantau Blok: 51,074,035 | Total sell: 0 .. 
[2026-09-09 14:03:38] [BCOP] 📡 Memantau Blok: 51,074,035 | Total sell: 0 .  
[2026-09-09 14:03:39] [just for you] 📡 Memantau Blok: 51,074,035 | Total sell: 0 ...
[2026-09-09 14:03:39] [MIO] 📡 Memantau Blok: 51,074,035 | Total sell: 0 .. 
[2026-09-09 14:03:39] [PIPEDOG] 📡 Memantau Blok: 51,074,035 | Total sell: 0 ...
[2026-09-09 14:03:40] [BCOP] 📡 Memantau Blok: 51,074,036 | Total sell: 0 .. 
[2026-09-09 14:03:40] [just for you] 📡 Memantau Blok: 51,074,036 | Total sell: 0 .  
[2026-09-09 14:03:41] [MIO] 📡 Memantau Blok: 51,074,036 | Total sell: 0 ...
[2026-09-09 14:03:41] [PIPEDOG] 📡 Memantau Blok: 51,074,036 | Total sell: 0 .  
[2026-09-09 14:03:42] [BCOP] 📡 Memantau Blok: 51,074,037 | Total sell: 0 ...
[2026-09-09 14:03:42] [just for you] 📡 Memantau Blok: 51,074,037 | Total sell: 0 .. 
[2026-09-09 14:03:42] [MIO] 📡 Memantau Blok: 51,074,037 | Total sell: 0 .  
[2026-09-09 14:03:42] [PIPEDOG] 📡 Memantau Blok: 51,074,037 | Total sell: 0 .. 
[2026-09-09 14:03:43] [BCOP] 📡 Memantau Blok: 51,074,037 | Total sell: 0 .  
[2026-09-09 14:03:44] [just for you] 📡 Memantau Blok: 51,074,038 | Total sell: 0 ...
[2026-09-09 14:03:44] [MIO] 📡 Memantau Blok: 51,074,038 | Total sell: 0 .. 
[2026-09-09 14:03:44] [PIPEDOG] 📡 Memantau Blok: 51,074,038 | Total sell: 0 ...
[2026-09-09 14:03:44] [BCOP] 📡 Memantau Blok: 51,074,038 | Total sell: 0 .. 
[2026-09-09 14:03:45] [just for you] 📡 Memantau Blok: 51,074,038 | Total sell: 0 .  
[2026-09-09 14:03:45] [PIPEDOG] 📡 Memantau Blok: 51,074,038 | Total sell: 0 .  
[2026-09-09 14:03:45] [MIO] 📡 Memantau Blok: 51,074,038 | Total sell: 0 ...
[2026-09-09 14:03:46] [BCOP] 📡 Memantau Blok: 51,074,039 | Total sell: 0 ...
[2026-09-09 14:03:47] [just for you] 📡 Memantau Blok: 51,074,039 | Total sell: 0 .. 
[2026-09-09 14:03:47] [PIPEDOG] 📡 Memantau Blok: 51,074,039 | Total sell: 0 .. 
[2026-09-09 14:03:47] [MIO] 📡 Memantau Blok: 51,074,039 | Total sell: 0 .  
[2026-09-09 14:03:48] [BCOP] 📡 Memantau Blok: 51,074,040 | Total sell: 0 .  
[2026-09-09 14:03:48] [just for you] 📡 Memantau Blok: 51,074,040 | Total sell: 0 ...
[2026-09-09 14:03:48] [PIPEDOG] 📡 Memantau Blok: 51,074,040 | Total sell: 0 ...
[2026-09-09 14:03:48] [MIO] 📡 Memantau Blok: 51,074,040 | Total sell: 0 .. 
[2026-09-09 14:03:49] [BCOP] 📡 Memantau Blok: 51,074,040 | Total sell: 0 .. 
[2026-09-09 14:03:50] [just for you] 📡 Memantau Blok: 51,074,041 | Total sell: 0 .  
[2026-09-09 14:03:50] [PIPEDOG] 📡 Memantau Blok: 51,074,041 | Total sell: 0 .  
[2026-09-09 14:03:50] [MIO] 📡 Memantau Blok: 51,074,041 | Total sell: 0 ...
[2026-09-09 14:03:51] [BCOP] 📡 Memantau Blok: 51,074,041 | Total sell: 0 ...
[2026-09-09 14:03:51] [just for you] 📡 Memantau Blok: 51,074,041 | Total sell: 0 .. 
[2026-09-09 14:03:51] [PIPEDOG] 📡 Memantau Blok: 51,074,042 | Total sell: 0 .. 
[2026-09-09 14:03:52] [MIO] 📡 Memantau Blok: 51,074,042 | Total sell: 0 .  
[2026-09-09 14:03:52] [BCOP] 📡 Memantau Blok: 51,074,042 | Total sell: 0 .  
[2026-09-09 14:03:53] [just for you] 📡 Memantau Blok: 51,074,042 | Total sell: 0 ...
[2026-09-09 14:03:53] [PIPEDOG] 📡 Memantau Blok: 51,074,042 | Total sell: 0 ...
[2026-09-09 14:03:53] [MIO] 📡 Memantau Blok: 51,074,042 | Total sell: 0 .. 
[2026-09-09 14:03:54] [BCOP] 📡 Memantau Blok: 51,074,043 | Total sell: 0 .. 
[2026-09-09 14:03:54] [just for you] 📡 Memantau Blok: 51,074,043 | Total sell: 0 .  
[2026-09-09 14:03:54] [PIPEDOG] 📡 Memantau Blok: 51,074,043 | Total sell: 0 .  
[2026-09-09 14:03:55] [MIO] 📡 Memantau Blok: 51,074,043 | Total sell: 0 ...
[2026-09-09 14:03:56] [BCOP] 📡 Memantau Blok: 51,074,044 | Total sell: 0 ...
[2026-09-09 14:03:56] [just for you] 📡 Memantau Blok: 51,074,044 | Total sell: 0 .. 
[2026-09-09 14:03:56] [PIPEDOG] 📡 Memantau Blok: 51,074,044 | Total sell: 0 .. 
[2026-09-09 14:03:56] [MIO] 📡 Memantau Blok: 51,074,044 | Total sell: 0 .  
[2026-09-09 14:03:57] [BCOP] 📡 Memantau Blok: 51,074,044 | Total sell: 0 .  
[2026-09-09 14:03:57] [just for you] 📡 Memantau Blok: 51,074,045 | Total sell: 0 ...
[2026-09-09 14:03:58] [PIPEDOG] 📡 Memantau Blok: 51,074,045 | Total sell: 0 ...
[2026-09-09 14:03:58] [MIO] 📡 Memantau Blok: 51,074,045 | Total sell: 0 .. 
[2026-09-09 14:03:58] [BCOP] 📡 Memantau Blok: 51,074,045 | Total sell: 0 .. 
[2026-09-09 14:03:59] [just for you] 📡 Memantau Blok: 51,074,045 | Total sell: 0 .  
[2026-09-09 14:03:59] [PIPEDOG] 📡 Memantau Blok: 51,074,045 | Total sell: 0 .  
[2026-09-09 14:03:59] [MIO] 📡 Memantau Blok: 51,074,045 | Total sell: 0 ...
[2026-09-09 14:04:00] [BCOP] 📡 Memantau Blok: 51,074,046 | Total sell: 0 ...
[2026-09-09 14:04:00] [just for you] 📡 Memantau Blok: 51,074,046 | Total sell: 0 .. 
[2026-09-09 14:04:00] [PIPEDOG] 📡 Memantau Blok: 51,074,046 | Total sell: 0 .. 
[2026-09-09 14:04:01] [MIO] 📡 Memantau Blok: 51,074,046 | Total sell: 0 .  
[2026-09-09 14:04:02] [BCOP] 📡 Memantau Blok: 51,074,047 | Total sell: 0 .  
[2026-09-09 14:04:02] [just for you] 📡 Memantau Blok: 51,074,047 | Total sell: 0 ...
[2026-09-09 14:04:02] [PIPEDOG] 📡 Memantau Blok: 51,074,047 | Total sell: 0 ...
[2026-09-09 14:04:02] [MIO] 📡 Memantau Blok: 51,074,047 | Total sell: 0 .. 
[2026-09-09 14:04:04] [just for you] 📡 Memantau Blok: 51,074,048 | Total sell: 0 .  
[2026-09-09 14:04:04] [PIPEDOG] 📡 Memantau Blok: 51,074,048 | Total sell: 0 .  
[2026-09-09 14:04:04] [BCOP] 📡 Memantau Blok: 51,074,048 | Total sell: 0 .. 
[2026-09-09 14:04:04] [MIO] 📡 Memantau Blok: 51,074,048 | Total sell: 0 ...
[2026-09-09 14:04:05] [just for you] 📡 Memantau Blok: 51,074,048 | Total sell: 0 .. 
[2026-09-09 14:04:05] [PIPEDOG] 📡 Memantau Blok: 51,074,048 | Total sell: 0 .. 
[2026-09-09 14:04:06] [BCOP] 📡 Memantau Blok: 51,074,049 | Total sell: 0 ...
[2026-09-09 14:04:06] [MIO] 📡 Memantau Blok: 51,074,049 | Total sell: 0 .  
[2026-09-09 14:04:07] [just for you] 📡 Memantau Blok: 51,074,049 | Total sell: 0 ...
[2026-09-09 14:04:07] [PIPEDOG] 📡 Memantau Blok: 51,074,049 | Total sell: 0 ...
[2026-09-09 14:04:07] [BCOP] 📡 Memantau Blok: 51,074,049 | Total sell: 0 .  
[2026-09-09 14:04:07] [MIO] 📡 Memantau Blok: 51,074,049 | Total sell: 0 .. 
[2026-09-09 14:04:08] [just for you] 📡 Memantau Blok: 51,074,050 | Total sell: 0 .  
[2026-09-09 14:04:08] [PIPEDOG] 📡 Memantau Blok: 51,074,050 | Total sell: 0 .  
[2026-09-09 14:04:08] [BCOP] 📡 Memantau Blok: 51,074,050 | Total sell: 0 .. 
[2026-09-09 14:04:09] [MIO] 📡 Memantau Blok: 51,074,050 | Total sell: 0 ...
[2026-09-09 14:04:10] [just for you] 📡 Memantau Blok: 51,074,051 | Total sell: 0 .. 
[2026-09-09 14:04:10] [PIPEDOG] 📡 Memantau Blok: 51,074,051 | Total sell: 0 .. 
[2026-09-09 14:04:10] [BCOP] 📡 Memantau Blok: 51,074,051 | Total sell: 0 ...
[2026-09-09 14:04:10] [MIO] 📡 Memantau Blok: 51,074,051 | Total sell: 0 .  
[2026-09-09 14:04:11] [just for you] 📡 Memantau Blok: 51,074,051 | Total sell: 0 ...
[2026-09-09 14:04:12] [PIPEDOG] 📡 Memantau Blok: 51,074,052 | Total sell: 0 ...
[2026-09-09 14:04:12] [BCOP] 📡 Memantau Blok: 51,074,052 | Total sell: 0 .  
[2026-09-09 14:04:12] [MIO] 📡 Memantau Blok: 51,074,052 | Total sell: 0 .. 
[2026-09-09 14:04:13] [just for you] 📡 Memantau Blok: 51,074,052 | Total sell: 0 .  
[2026-09-09 14:04:13] [PIPEDOG] 📡 Memantau Blok: 51,074,052 | Total sell: 0 .  
[2026-09-09 14:04:13] [BCOP] 📡 Memantau Blok: 51,074,052 | Total sell: 0 .. 
[2026-09-09 14:04:13] [MIO] 📡 Memantau Blok: 51,074,052 | Total sell: 0 ...
[2026-09-09 14:04:14] [just for you] 📡 Memantau Blok: 51,074,053 | Total sell: 0 .. 
[2026-09-09 14:04:15] [PIPEDOG] 📡 Memantau Blok: 51,074,053 | Total sell: 0 .. 
[2026-09-09 14:04:15] [BCOP] 📡 Memantau Blok: 51,074,053 | Total sell: 0 ...
[2026-09-09 14:04:15] [MIO] 📡 Memantau Blok: 51,074,053 | Total sell: 0 .  
[2026-09-09 14:04:16] [just for you] 📡 Memantau Blok: 51,074,054 | Total sell: 0 ...
[2026-09-09 14:04:16] [PIPEDOG] 📡 Memantau Blok: 51,074,054 | Total sell: 0 ...
[2026-09-09 14:04:16] [BCOP] 📡 Memantau Blok: 51,074,054 | Total sell: 0 .  
[2026-09-09 14:04:16] [MIO] 📡 Memantau Blok: 51,074,054 | Total sell: 0 .. 
[2026-09-09 14:04:18] [just for you] 📡 Memantau Blok: 51,074,055 | Total sell: 0 .  
[2026-09-09 14:04:18] [PIPEDOG] 📡 Memantau Blok: 51,074,055 | Total sell: 0 .  
[2026-09-09 14:04:18] [BCOP] 📡 Memantau Blok: 51,074,055 | Total sell: 0 .. 
[2026-09-09 14:04:18] [MIO] 📡 Memantau Blok: 51,074,055 | Total sell: 0 ...
[2026-09-09 14:04:19] [PIPEDOG] 📡 Memantau Blok: 51,074,055 | Total sell: 0 .. 
[2026-09-09 14:04:19] [BCOP] 📡 Memantau Blok: 51,074,056 | Total sell: 0 ...
[2026-09-09 14:04:20] [just for you] 📡 Memantau Blok: 51,074,056 | Total sell: 0 .. 
[2026-09-09 14:04:20] [MIO] 📡 Memantau Blok: 51,074,056 | Total sell: 0 .  
[2026-09-09 14:04:21] [PIPEDOG] 📡 Memantau Blok: 51,074,056 | Total sell: 0 ...
[2026-09-09 14:04:21] [BCOP] 📡 Memantau Blok: 51,074,056 | Total sell: 0 .  
[2026-09-09 14:04:21] [just for you] 📡 Memantau Blok: 51,074,056 | Total sell: 0 ...
[2026-09-09 14:04:21] [MIO] 📡 Memantau Blok: 51,074,056 | Total sell: 0 .. 
[2026-09-09 14:04:22] [PIPEDOG] 📡 Memantau Blok: 51,074,057 | Total sell: 0 .  
[2026-09-09 14:04:22] [BCOP] 📡 Memantau Blok: 51,074,057 | Total sell: 0 .. 
[2026-09-09 14:04:22] [just for you] 📡 Memantau Blok: 51,074,057 | Total sell: 0 .  
[2026-09-09 14:04:23] [MIO] 📡 Memantau Blok: 51,074,057 | Total sell: 0 ...
[2026-09-09 14:04:24] [PIPEDOG] 📡 Memantau Blok: 51,074,058 | Total sell: 0 .. 
[2026-09-09 14:04:24] [BCOP] 📡 Memantau Blok: 51,074,058 | Total sell: 0 ...
[2026-09-09 14:04:24] [just for you] 📡 Memantau Blok: 51,074,058 | Total sell: 0 .. 
[2026-09-09 14:04:24] [MIO] 📡 Memantau Blok: 51,074,058 | Total sell: 0 .  
[2026-09-09 14:04:25] [PIPEDOG] 📡 Memantau Blok: 51,074,059 | Total sell: 0 ...
[2026-09-09 14:04:26] [BCOP] 📡 Memantau Blok: 51,074,059 | Total sell: 0 .  
[2026-09-09 14:04:26] [just for you] 📡 Memantau Blok: 51,074,059 | Total sell: 0 ...
[2026-09-09 14:04:26] [MIO] 📡 Memantau Blok: 51,074,059 | Total sell: 0 .. 
[2026-09-09 14:04:27] [PIPEDOG] 📡 Memantau Blok: 51,074,059 | Total sell: 0 .  
[2026-09-09 14:04:27] [BCOP] 📡 Memantau Blok: 51,074,059 | Total sell: 0 .. 
[2026-09-09 14:04:27] [just for you] 📡 Memantau Blok: 51,074,059 | Total sell: 0 .  
[2026-09-09 14:04:27] [MIO] 📡 Memantau Blok: 51,074,060 | Total sell: 0 ...
[2026-09-09 14:04:28] [PIPEDOG] 📡 Memantau Blok: 51,074,060 | Total sell: 0 .. 
[2026-09-09 14:04:29] [BCOP] 📡 Memantau Blok: 51,074,060 | Total sell: 0 ...
[2026-09-09 14:04:29] [just for you] 📡 Memantau Blok: 51,074,060 | Total sell: 0 .. 
[2026-09-09 14:04:29] [MIO] 📡 Memantau Blok: 51,074,060 | Total sell: 0 .  
[2026-09-09 14:04:30] [PIPEDOG] 📡 Memantau Blok: 51,074,061 | Total sell: 0 ...
[2026-09-09 14:04:30] [BCOP] 📡 Memantau Blok: 51,074,061 | Total sell: 0 .  
[2026-09-09 14:04:30] [just for you] 📡 Memantau Blok: 51,074,061 | Total sell: 0 ...
[2026-09-09 14:04:30] [MIO] 📡 Memantau Blok: 51,074,061 | Total sell: 0 .. 
[2026-09-09 14:04:32] [PIPEDOG] 📡 Memantau Blok: 51,074,062 | Total sell: 0 .  
[2026-09-09 14:04:32] [BCOP] 📡 Memantau Blok: 51,074,062 | Total sell: 0 .. 
[2026-09-09 14:04:32] [just for you] 📡 Memantau Blok: 51,074,062 | Total sell: 0 .  
[2026-09-09 14:04:32] [MIO] 📡 Memantau Blok: 51,074,062 | Total sell: 0 ...
[2026-09-09 14:04:33] [PIPEDOG] 📡 Memantau Blok: 51,074,062 | Total sell: 0 .. 
[2026-09-09 14:04:33] [BCOP] 📡 Memantau Blok: 51,074,062 | Total sell: 0 ...
[2026-09-09 14:04:33] [just for you] 📡 Memantau Blok: 51,074,062 | Total sell: 0 .. 
[2026-09-09 14:04:34] [MIO] 📡 Memantau Blok: 51,074,063 | Total sell: 0 .  
[2026-09-09 14:04:35] [PIPEDOG] 📡 Memantau Blok: 51,074,063 | Total sell: 0 ...
[2026-09-09 14:04:35] [BCOP] 📡 Memantau Blok: 51,074,063 | Total sell: 0 .  
[2026-09-09 14:04:35] [just for you] 📡 Memantau Blok: 51,074,063 | Total sell: 0 ...
[2026-09-09 14:04:35] [MIO] 📡 Memantau Blok: 51,074,063 | Total sell: 0 .. 
[2026-09-09 14:04:36] [PIPEDOG] 📡 Memantau Blok: 51,074,064 | Total sell: 0 .  
[2026-09-09 14:04:36] [BCOP] 📡 Memantau Blok: 51,074,064 | Total sell: 0 .. 
[2026-09-09 14:04:36] [just for you] 📡 Memantau Blok: 51,074,064 | Total sell: 0 .  
[2026-09-09 14:04:37] [MIO] 📡 Memantau Blok: 51,074,064 | Total sell: 0 ...
[2026-09-09 14:04:38] [PIPEDOG] 📡 Memantau Blok: 51,074,065 | Total sell: 0 .. 
[2026-09-09 14:04:38] [BCOP] 📡 Memantau Blok: 51,074,065 | Total sell: 0 ...
[2026-09-09 14:04:38] [just for you] 📡 Memantau Blok: 51,074,065 | Total sell: 0 .. 
[2026-09-09 14:04:38] [MIO] 📡 Memantau Blok: 51,074,065 | Total sell: 0 .  
[2026-09-09 14:04:39] [PIPEDOG] 📡 Memantau Blok: 51,074,065 | Total sell: 0 ...
[2026-09-09 14:04:39] [BCOP] 📡 Memantau Blok: 51,074,065 | Total sell: 0 .  
[2026-09-09 14:04:40] [just for you] 📡 Memantau Blok: 51,074,066 | Total sell: 0 ...
[2026-09-09 14:04:40] [MIO] 📡 Memantau Blok: 51,074,066 | Total sell: 0 .. 
[2026-09-09 14:04:41] [PIPEDOG] 📡 Memantau Blok: 51,074,066 | Total sell: 0 .  
[2026-09-09 14:04:41] [BCOP] 📡 Memantau Blok: 51,074,066 | Total sell: 0 .. 
[2026-09-09 14:04:41] [just for you] 📡 Memantau Blok: 51,074,066 | Total sell: 0 .  
[2026-09-09 14:04:41] [MIO] 📡 Memantau Blok: 51,074,066 | Total sell: 0 ...
[2026-09-09 14:04:42] [PIPEDOG] 📡 Memantau Blok: 51,074,067 | Total sell: 0 .. 
[2026-09-09 14:04:42] [BCOP] 📡 Memantau Blok: 51,074,067 | Total sell: 0 ...
[2026-09-09 14:04:42] [just for you] 📡 Memantau Blok: 51,074,067 | Total sell: 0 .. 
[2026-09-09 14:04:43] [MIO] 📡 Memantau Blok: 51,074,067 | Total sell: 0 .  
[2026-09-09 14:04:44] [PIPEDOG] 📡 Memantau Blok: 51,074,068 | Total sell: 0 ...
[2026-09-09 14:04:44] [BCOP] 📡 Memantau Blok: 51,074,068 | Total sell: 0 .  
[2026-09-09 14:04:44] [just for you] 📡 Memantau Blok: 51,074,068 | Total sell: 0 ...
[2026-09-09 14:04:44] [MIO] 📡 Memantau Blok: 51,074,068 | Total sell: 0 .. 
[2026-09-09 14:04:45] [PIPEDOG] 📡 Memantau Blok: 51,074,068 | Total sell: 0 .  
[2026-09-09 14:04:46] [BCOP] 📡 Memantau Blok: 51,074,069 | Total sell: 0 .. 
[2026-09-09 14:04:46] [just for you] 📡 Memantau Blok: 51,074,069 | Total sell: 0 .  
[2026-09-09 14:04:46] [MIO] 📡 Memantau Blok: 51,074,069 | Total sell: 0 ...
[2026-09-09 14:04:47] [PIPEDOG] 📡 Memantau Blok: 51,074,069 | Total sell: 0 .. 
[2026-09-09 14:04:47] [BCOP] 📡 Memantau Blok: 51,074,069 | Total sell: 0 ...
[2026-09-09 14:04:47] [just for you] 📡 Memantau Blok: 51,074,069 | Total sell: 0 .. 
[2026-09-09 14:04:47] [MIO] 📡 Memantau Blok: 51,074,070 | Total sell: 0 .  
[2026-09-09 14:04:48] [PIPEDOG] 📡 Memantau Blok: 51,074,070 | Total sell: 0 ...
[2026-09-09 14:04:48] [BCOP] 📡 Memantau Blok: 51,074,070 | Total sell: 0 .  
[2026-09-09 14:04:49] [just for you] 📡 Memantau Blok: 51,074,070 | Total sell: 0 ...
[2026-09-09 14:04:49] [MIO] 📡 Memantau Blok: 51,074,070 | Total sell: 0 .. 
[2026-09-09 14:04:50] [PIPEDOG] 📡 Memantau Blok: 51,074,071 | Total sell: 0 .  
[2026-09-09 14:04:50] [BCOP] 📡 Memantau Blok: 51,074,071 | Total sell: 0 .. 
[2026-09-09 14:04:50] [just for you] 📡 Memantau Blok: 51,074,071 | Total sell: 0 .  
[2026-09-09 14:04:51] [MIO] 📡 Memantau Blok: 51,074,071 | Total sell: 0 ...
[2026-09-09 14:04:52] [PIPEDOG] 📡 Memantau Blok: 51,074,072 | Total sell: 0 .. 
[2026-09-09 14:04:52] [BCOP] 📡 Memantau Blok: 51,074,072 | Total sell: 0 ...
[2026-09-09 14:04:52] [just for you] 📡 Memantau Blok: 51,074,072 | Total sell: 0 .. 
[2026-09-09 14:04:52] [MIO] 📡 Memantau Blok: 51,074,072 | Total sell: 0 .  
[2026-09-09 14:04:53] [PIPEDOG] 📡 Memantau Blok: 51,074,072 | Total sell: 0 ...
[2026-09-09 14:04:53] [BCOP] 📡 Memantau Blok: 51,074,072 | Total sell: 0 .  
[2026-09-09 14:04:53] [just for you] 📡 Memantau Blok: 51,074,072 | Total sell: 0 ...
[2026-09-09 14:04:54] [MIO] 📡 Memantau Blok: 51,074,073 | Total sell: 0 .. 
[2026-09-09 14:04:54] [PIPEDOG] 📡 Memantau Blok: 51,074,073 | Total sell: 0 .  
[2026-09-09 14:04:55] [BCOP] 📡 Memantau Blok: 51,074,073 | Total sell: 0 .. 
[2026-09-09 14:04:55] [just for you] 📡 Memantau Blok: 51,074,073 | Total sell: 0 .  
[2026-09-09 14:04:55] [MIO] 📡 Memantau Blok: 51,074,073 | Total sell: 0 ...
[2026-09-09 14:04:56] [PIPEDOG] 📡 Memantau Blok: 51,074,074 | Total sell: 0 .. 
[2026-09-09 14:04:56] [BCOP] 📡 Memantau Blok: 51,074,074 | Total sell: 0 ...
[2026-09-09 14:04:56] [just for you] 📡 Memantau Blok: 51,074,074 | Total sell: 0 .. 
[2026-09-09 14:04:57] [MIO] 📡 Memantau Blok: 51,074,074 | Total sell: 0 .  
[2026-09-09 14:04:58] [PIPEDOG] 📡 Memantau Blok: 51,074,075 | Total sell: 0 ...
[2026-09-09 14:04:58] [BCOP] 📡 Memantau Blok: 51,074,075 | Total sell: 0 .  
[2026-09-09 14:04:58] [just for you] 📡 Memantau Blok: 51,074,075 | Total sell: 0 ...
[2026-09-09 14:04:58] [MIO] 📡 Memantau Blok: 51,074,075 | Total sell: 0 .. 
[2026-09-09 14:04:59] [PIPEDOG] 📡 Memantau Blok: 51,074,075 | Total sell: 0 .  
[2026-09-09 14:04:59] [BCOP] 📡 Memantau Blok: 51,074,075 | Total sell: 0 .. 
[2026-09-09 14:05:00] [just for you] 📡 Memantau Blok: 51,074,076 | Total sell: 0 .  
[2026-09-09 14:05:00] [MIO] 📡 Memantau Blok: 51,074,076 | Total sell: 0 ...
[2026-09-09 14:05:01] [PIPEDOG] 📡 Memantau Blok: 51,074,076 | Total sell: 0 .. 
[2026-09-09 14:05:01] [BCOP] 📡 Memantau Blok: 51,074,076 | Total sell: 0 ...
[2026-09-09 14:05:01] [just for you] 📡 Memantau Blok: 51,074,076 | Total sell: 0 .. 
[2026-09-09 14:05:01] [MIO] 📡 Memantau Blok: 51,074,076 | Total sell: 0 .  
[2026-09-09 14:05:02] [PIPEDOG] 📡 Memantau Blok: 51,074,077 | Total sell: 0 ...
[2026-09-09 14:05:02] [BCOP] 📡 Memantau Blok: 51,074,077 | Total sell: 0 .  
[2026-09-09 14:05:03] [just for you] 📡 Memantau Blok: 51,074,077 | Total sell: 0 ...
[2026-09-09 14:05:03] [MIO] 📡 Memantau Blok: 51,074,077 | Total sell: 0 .. 
[2026-09-09 14:05:04] [PIPEDOG] 📡 Memantau Blok: 51,074,078 | Total sell: 0 .  
[2026-09-09 14:05:04] [BCOP] 📡 Memantau Blok: 51,074,078 | Total sell: 0 .. 
[2026-09-09 14:05:04] [just for you] 📡 Memantau Blok: 51,074,078 | Total sell: 0 .  
[2026-09-09 14:05:04] [MIO] 📡 Memantau Blok: 51,074,078 | Total sell: 0 ...
[2026-09-09 14:05:05] [PIPEDOG] 📡 Memantau Blok: 51,074,078 | Total sell: 0 .. 
[2026-09-09 14:05:06] [BCOP] 📡 Memantau Blok: 51,074,079 | Total sell: 0 ...
[2026-09-09 14:05:06] [just for you] 📡 Memantau Blok: 51,074,079 | Total sell: 0 .. 
[2026-09-09 14:05:06] [MIO] 📡 Memantau Blok: 51,074,079 | Total sell: 0 .  
[2026-09-09 14:05:07] [PIPEDOG] 📡 Memantau Blok: 51,074,079 | Total sell: 0 ...
[2026-09-09 14:05:07] [BCOP] 📡 Memantau Blok: 51,074,079 | Total sell: 0 .  
[2026-09-09 14:05:07] [just for you] 📡 Memantau Blok: 51,074,079 | Total sell: 0 ...
[2026-09-09 14:05:08] [MIO] 📡 Memantau Blok: 51,074,080 | Total sell: 0 .. 
[2026-09-09 14:05:08] [PIPEDOG] 📡 Memantau Blok: 51,074,080 | Total sell: 0 .  
[2026-09-09 14:05:08] [BCOP] 📡 Memantau Blok: 51,074,080 | Total sell: 0 .. 
[2026-09-09 14:05:09] [just for you] 📡 Memantau Blok: 51,074,080 | Total sell: 0 .  
[2026-09-09 14:05:09] [MIO] 📡 Memantau Blok: 51,074,080 | Total sell: 0 ...
[2026-09-09 14:05:10] [PIPEDOG] 📡 Memantau Blok: 51,074,081 | Total sell: 0 .. 
[2026-09-09 14:05:10] [BCOP] 📡 Memantau Blok: 51,074,081 | Total sell: 0 ...
[2026-09-09 14:05:10] [just for you] 📡 Memantau Blok: 51,074,081 | Total sell: 0 .. 
[2026-09-09 14:05:11] [MIO] 📡 Memantau Blok: 51,074,081 | Total sell: 0 .  
[2026-09-09 14:05:12] [PIPEDOG] 📡 Memantau Blok: 51,074,082 | Total sell: 0 ...
[2026-09-09 14:05:12] [BCOP] 📡 Memantau Blok: 51,074,082 | Total sell: 0 .  
[2026-09-09 14:05:12] [just for you] 📡 Memantau Blok: 51,074,082 | Total sell: 0 ...
[2026-09-09 14:05:12] [MIO] 📡 Memantau Blok: 51,074,082 | Total sell: 0 .. 
[2026-09-09 14:05:13] [PIPEDOG] 📡 Memantau Blok: 51,074,082 | Total sell: 0 .  
[2026-09-09 14:05:13] [BCOP] 📡 Memantau Blok: 51,074,082 | Total sell: 0 .. 
[2026-09-09 14:05:14] [just for you] 📡 Memantau Blok: 51,074,083 | Total sell: 0 .  
[2026-09-09 14:05:14] [MIO] 📡 Memantau Blok: 51,074,083 | Total sell: 0 ...
[2026-09-09 14:05:15] [PIPEDOG] 📡 Memantau Blok: 51,074,083 | Total sell: 0 .. 
[2026-09-09 14:05:15] [BCOP] 📡 Memantau Blok: 51,074,083 | Total sell: 0 ...
[2026-09-09 14:05:15] [just for you] 📡 Memantau Blok: 51,074,083 | Total sell: 0 .. 
[2026-09-09 14:05:15] [MIO] 📡 Memantau Blok: 51,074,083 | Total sell: 0 .  
[2026-09-09 14:05:16] [PIPEDOG] 📡 Memantau Blok: 51,074,084 | Total sell: 0 ...
[2026-09-09 14:05:16] [BCOP] 📡 Memantau Blok: 51,074,084 | Total sell: 0 .  
[2026-09-09 14:05:16] [just for you] 📡 Memantau Blok: 51,074,084 | Total sell: 0 ...
[2026-09-09 14:05:17] [MIO] 📡 Memantau Blok: 51,074,084 | Total sell: 0 .. 
[2026-09-09 14:05:18] [PIPEDOG] 📡 Memantau Blok: 51,074,085 | Total sell: 0 .  
[2026-09-09 14:05:18] [BCOP] 📡 Memantau Blok: 51,074,085 | Total sell: 0 .. 
[2026-09-09 14:05:18] [just for you] 📡 Memantau Blok: 51,074,085 | Total sell: 0 .  
[2026-09-09 14:05:18] [MIO] 📡 Memantau Blok: 51,074,085 | Total sell: 0 ...
[2026-09-09 14:05:19] [PIPEDOG] 📡 Memantau Blok: 51,074,085 | Total sell: 0 .. 
[2026-09-09 14:05:19] [BCOP] 📡 Memantau Blok: 51,074,085 | Total sell: 0 ...
[2026-09-09 14:05:20] [just for you] 📡 Memantau Blok: 51,074,085 | Total sell: 0 .. 
[2026-09-09 14:05:20] [MIO] 📡 Memantau Blok: 51,074,086 | Total sell: 0 .  
[2026-09-09 14:05:21] [PIPEDOG] 📡 Memantau Blok: 51,074,086 | Total sell: 0 ...
[2026-09-09 14:05:21] [BCOP] 📡 Memantau Blok: 51,074,086 | Total sell: 0 .  
[2026-09-09 14:05:21] [just for you] 📡 Memantau Blok: 51,074,086 | Total sell: 0 ...
[2026-09-09 14:05:22] [MIO] 📡 Memantau Blok: 51,074,087 | Total sell: 0 .. 
[2026-09-09 14:05:22] [PIPEDOG] 📡 Memantau Blok: 51,074,087 | Total sell: 0 .  
[2026-09-09 14:05:22] [BCOP] 📡 Memantau Blok: 51,074,087 | Total sell: 0 .. 
[2026-09-09 14:05:23] [just for you] 📡 Memantau Blok: 51,074,087 | Total sell: 0 .  
[2026-09-09 14:05:23] [MIO] 📡 Memantau Blok: 51,074,087 | Total sell: 0 ...
[2026-09-09 14:05:24] [PIPEDOG] 📡 Memantau Blok: 51,074,088 | Total sell: 0 .. 
[2026-09-09 14:05:24] [BCOP] 📡 Memantau Blok: 51,074,088 | Total sell: 0 ...
[2026-09-09 14:05:24] [just for you] 📡 Memantau Blok: 51,074,088 | Total sell: 0 .. 
[2026-09-09 14:05:25] [MIO] 📡 Memantau Blok: 51,074,088 | Total sell: 0 .  
[2026-09-09 14:05:25] [PIPEDOG] 📡 Memantau Blok: 51,074,088 | Total sell: 0 ...
[2026-09-09 14:05:26] [BCOP] 📡 Memantau Blok: 51,074,089 | Total sell: 0 .  
[2026-09-09 14:05:26] [just for you] 📡 Memantau Blok: 51,074,089 | Total sell: 0 ...
[2026-09-09 14:05:26] [MIO] 📡 Memantau Blok: 51,074,089 | Total sell: 0 .. 
[2026-09-09 14:05:27] [PIPEDOG] 📡 Memantau Blok: 51,074,089 | Total sell: 0 .  
[2026-09-09 14:05:27] [BCOP] 📡 Memantau Blok: 51,074,089 | Total sell: 0 .. 
[2026-09-09 14:05:27] [just for you] 📡 Memantau Blok: 51,074,089 | Total sell: 0 .  
[2026-09-09 14:05:28] [MIO] 📡 Memantau Blok: 51,074,090 | Total sell: 0 ...
[2026-09-09 14:05:28] [PIPEDOG] 📡 Memantau Blok: 51,074,090 | Total sell: 0 .. 
[2026-09-09 14:05:29] [BCOP] 📡 Memantau Blok: 51,074,090 | Total sell: 0 ...
[2026-09-09 14:05:29] [just for you] 📡 Memantau Blok: 51,074,090 | Total sell: 0 .. 
[2026-09-09 14:05:29] [MIO] 📡 Memantau Blok: 51,074,090 | Total sell: 0 .  
[2026-09-09 14:05:30] [PIPEDOG] 📡 Memantau Blok: 51,074,091 | Total sell: 0 ...
[2026-09-09 14:05:30] [BCOP] 📡 Memantau Blok: 51,074,091 | Total sell: 0 .  
[2026-09-09 14:05:30] [just for you] 📡 Memantau Blok: 51,074,091 | Total sell: 0 ...
[2026-09-09 14:05:31] [MIO] 📡 Memantau Blok: 51,074,091 | Total sell: 0 .. 
[2026-09-09 14:05:32] [PIPEDOG] 📡 Memantau Blok: 51,074,091 | Total sell: 0 .  
[2026-09-09 14:05:32] [BCOP] 📡 Memantau Blok: 51,074,092 | Total sell: 0 .. 
[2026-09-09 14:05:32] [just for you] 📡 Memantau Blok: 51,074,092 | Total sell: 0 .  
[2026-09-09 14:05:32] [MIO] 📡 Memantau Blok: 51,074,092 | Total sell: 0 ...
[2026-09-09 14:05:33] [PIPEDOG] 📡 Memantau Blok: 51,074,092 | Total sell: 0 .. 
[2026-09-09 14:05:33] [BCOP] 📡 Memantau Blok: 51,074,092 | Total sell: 0 ...
[2026-09-09 14:05:34] [just for you] 📡 Memantau Blok: 51,074,092 | Total sell: 0 .. 
[2026-09-09 14:05:34] [MIO] 📡 Memantau Blok: 51,074,093 | Total sell: 0 .  
[2026-09-09 14:05:35] [BCOP] 📡 Memantau Blok: 51,074,093 | Total sell: 0 .  
[2026-09-09 14:05:35] [just for you] 📡 Memantau Blok: 51,074,093 | Total sell: 0 ...
[2026-09-09 14:05:35] [PIPEDOG] 📡 Memantau Blok: 51,074,093 | Total sell: 0 ...
[2026-09-09 14:05:36] [MIO] 📡 Memantau Blok: 51,074,094 | Total sell: 0 .. 
[2026-09-09 14:05:36] [BCOP] 📡 Memantau Blok: 51,074,094 | Total sell: 0 .. 
[2026-09-09 14:05:36] [just for you] 📡 Memantau Blok: 51,074,094 | Total sell: 0 .  
[2026-09-09 14:05:37] [MIO] 📡 Memantau Blok: 51,074,094 | Total sell: 0 ...
[2026-09-09 14:05:38] [PIPEDOG] 📡 Memantau Blok: 51,074,095 | Total sell: 0 .  
[2026-09-09 14:05:38] [BCOP] 📡 Memantau Blok: 51,074,095 | Total sell: 0 ...
[2026-09-09 14:05:38] [just for you] 📡 Memantau Blok: 51,074,095 | Total sell: 0 .. 
[2026-09-09 14:05:39] [MIO] 📡 Memantau Blok: 51,074,095 | Total sell: 0 .  
[2026-09-09 14:05:39] [PIPEDOG] 📡 Memantau Blok: 51,074,095 | Total sell: 0 .. 
[2026-09-09 14:05:40] [BCOP] 📡 Memantau Blok: 51,074,096 | Total sell: 0 .  
[2026-09-09 14:05:40] [just for you] 📡 Memantau Blok: 51,074,096 | Total sell: 0 ...
[2026-09-09 14:05:40] [PIPEDOG] 📡 Memantau Blok: 51,074,096 | Total sell: 0 ...
[2026-09-09 14:05:41] [MIO] 📡 Memantau Blok: 51,074,096 | Total sell: 0 .. 
[2026-09-09 14:05:41] [BCOP] 📡 Memantau Blok: 51,074,096 | Total sell: 0 .. 
[2026-09-09 14:05:41] [just for you] 📡 Memantau Blok: 51,074,096 | Total sell: 0 .  
[2026-09-09 14:05:42] [PIPEDOG] 📡 Memantau Blok: 51,074,097 | Total sell: 0 .  
[2026-09-09 14:05:42] [MIO] 📡 Memantau Blok: 51,074,097 | Total sell: 0 ...
[2026-09-09 14:05:42] [BCOP] 📡 Memantau Blok: 51,074,097 | Total sell: 0 ...
[2026-09-09 14:05:43] [just for you] 📡 Memantau Blok: 51,074,097 | Total sell: 0 .. 
[2026-09-09 14:05:44] [PIPEDOG] 📡 Memantau Blok: 51,074,098 | Total sell: 0 .. 
[2026-09-09 14:05:44] [MIO] 📡 Memantau Blok: 51,074,098 | Total sell: 0 .  
[2026-09-09 14:05:44] [just for you] 📡 Memantau Blok: 51,074,098 | Total sell: 0 ...
[2026-09-09 14:05:44] [BCOP] 📡 Memantau Blok: 51,074,098 | Total sell: 0 .  
[2026-09-09 14:05:45] [PIPEDOG] 📡 Memantau Blok: 51,074,098 | Total sell: 0 ...
[2026-09-09 14:05:45] [MIO] 📡 Memantau Blok: 51,074,098 | Total sell: 0 .. 
[2026-09-09 14:05:46] [just for you] 📡 Memantau Blok: 51,074,099 | Total sell: 0 .  
[2026-09-09 14:05:46] [BCOP] 📡 Memantau Blok: 51,074,099 | Total sell: 0 .. 
[2026-09-09 14:05:47] [PIPEDOG] 📡 Memantau Blok: 51,074,099 | Total sell: 0 .  
[2026-09-09 14:05:47] [MIO] 📡 Memantau Blok: 51,074,099 | Total sell: 0 ...
[2026-09-09 14:05:47] [just for you] 📡 Memantau Blok: 51,074,099 | Total sell: 0 .. 
[2026-09-09 14:05:48] [BCOP] 📡 Memantau Blok: 51,074,100 | Total sell: 0 ...
[2026-09-09 14:05:48] [PIPEDOG] 📡 Memantau Blok: 51,074,100 | Total sell: 0 .. 
[2026-09-09 14:05:48] [MIO] 📡 Memantau Blok: 51,074,100 | Total sell: 0 .  
[2026-09-09 14:05:49] [just for you] 📡 Memantau Blok: 51,074,100 | Total sell: 0 ...
[2026-09-09 14:05:49] [BCOP] 📡 Memantau Blok: 51,074,100 | Total sell: 0 .  
[2026-09-09 14:05:50] [PIPEDOG] 📡 Memantau Blok: 51,074,101 | Total sell: 0 ...
[2026-09-09 14:05:50] [MIO] 📡 Memantau Blok: 51,074,101 | Total sell: 0 .. 
[2026-09-09 14:05:50] [just for you] 📡 Memantau Blok: 51,074,101 | Total sell: 0 .  
[2026-09-09 14:05:51] [BCOP] 📡 Memantau Blok: 51,074,101 | Total sell: 0 .. 
[2026-09-09 14:05:51] [PIPEDOG] 📡 Memantau Blok: 51,074,101 | Total sell: 0 .  
[2026-09-09 14:05:52] [MIO] 📡 Memantau Blok: 51,074,102 | Total sell: 0 ...
[2026-09-09 14:05:52] [just for you] 📡 Memantau Blok: 51,074,102 | Total sell: 0 .. 
[2026-09-09 14:05:52] [BCOP] 📡 Memantau Blok: 51,074,102 | Total sell: 0 ...
[2026-09-09 14:05:53] [PIPEDOG] 📡 Memantau Blok: 51,074,102 | Total sell: 0 .. 
[2026-09-09 14:05:53] [MIO] 📡 Memantau Blok: 51,074,102 | Total sell: 0 .  
[2026-09-09 14:05:54] [just for you] 📡 Memantau Blok: 51,074,103 | Total sell: 0 ...
[2026-09-09 14:05:54] [BCOP] 📡 Memantau Blok: 51,074,103 | Total sell: 0 .  
[2026-09-09 14:05:54] [PIPEDOG] 📡 Memantau Blok: 51,074,103 | Total sell: 0 ...
[2026-09-09 14:05:54] [MIO] 📡 Memantau Blok: 51,074,103 | Total sell: 0 .. 
[2026-09-09 14:05:55] [just for you] 📡 Memantau Blok: 51,074,103 | Total sell: 0 .  
[2026-09-09 14:05:55] [BCOP] 📡 Memantau Blok: 51,074,103 | Total sell: 0 .. 
[2026-09-09 14:05:56] [PIPEDOG] 📡 Memantau Blok: 51,074,104 | Total sell: 0 .  
[2026-09-09 14:05:56] [MIO] 📡 Memantau Blok: 51,074,104 | Total sell: 0 ...
[2026-09-09 14:05:57] [just for you] 📡 Memantau Blok: 51,074,104 | Total sell: 0 .. 
[2026-09-09 14:05:57] [BCOP] 📡 Memantau Blok: 51,074,104 | Total sell: 0 ...
[2026-09-09 14:05:57] [PIPEDOG] 📡 Memantau Blok: 51,074,105 | Total sell: 0 .. 
[2026-09-09 14:05:58] [MIO] 📡 Memantau Blok: 51,074,105 | Total sell: 0 .  
[2026-09-09 14:05:58] [just for you] 📡 Memantau Blok: 51,074,105 | Total sell: 0 ...
[2026-09-09 14:05:58] [BCOP] 📡 Memantau Blok: 51,074,105 | Total sell: 0 .  
[2026-09-09 14:05:59] [PIPEDOG] 📡 Memantau Blok: 51,074,105 | Total sell: 0 ...
[2026-09-09 14:05:59] [MIO] 📡 Memantau Blok: 51,074,105 | Total sell: 0 .. 
[2026-09-09 14:06:00] [just for you] 📡 Memantau Blok: 51,074,106 | Total sell: 0 .  
[2026-09-09 14:06:00] [BCOP] 📡 Memantau Blok: 51,074,106 | Total sell: 0 .. 
[2026-09-09 14:06:00] [PIPEDOG] 📡 Memantau Blok: 51,074,106 | Total sell: 0 .  
[2026-09-09 14:06:01] [MIO] 📡 Memantau Blok: 51,074,106 | Total sell: 0 ...
[2026-09-09 14:06:01] [just for you] 📡 Memantau Blok: 51,074,106 | Total sell: 0 .. 
[2026-09-09 14:06:02] [BCOP] 📡 Memantau Blok: 51,074,107 | Total sell: 0 ...
[2026-09-09 14:06:02] [PIPEDOG] 📡 Memantau Blok: 51,074,107 | Total sell: 0 .. 
[2026-09-09 14:06:02] [MIO] 📡 Memantau Blok: 51,074,107 | Total sell: 0 .  
[2026-09-09 14:06:03] [just for you] 📡 Memantau Blok: 51,074,107 | Total sell: 0 ...
[2026-09-09 14:06:03] [BCOP] 📡 Memantau Blok: 51,074,107 | Total sell: 0 .  
[2026-09-09 14:06:04] [PIPEDOG] 📡 Memantau Blok: 51,074,108 | Total sell: 0 ...
[2026-09-09 14:06:04] [MIO] 📡 Memantau Blok: 51,074,108 | Total sell: 0 .. 
[2026-09-09 14:06:04] [just for you] 📡 Memantau Blok: 51,074,108 | Total sell: 0 .  
[2026-09-09 14:06:04] [BCOP] 📡 Memantau Blok: 51,074,108 | Total sell: 0 .. 
[2026-09-09 14:06:05] [PIPEDOG] 📡 Memantau Blok: 51,074,108 | Total sell: 0 .  
[2026-09-09 14:06:05] [MIO] 📡 Memantau Blok: 51,074,109 | Total sell: 0 ...
[2026-09-09 14:06:06] [just for you] 📡 Memantau Blok: 51,074,109 | Total sell: 0 .. 
[2026-09-09 14:06:06] [BCOP] 📡 Memantau Blok: 51,074,109 | Total sell: 0 ...
[2026-09-09 14:06:07] [PIPEDOG] 📡 Memantau Blok: 51,074,109 | Total sell: 0 .. 
[2026-09-09 14:06:07] [MIO] 📡 Memantau Blok: 51,074,109 | Total sell: 0 .  
[2026-09-09 14:06:07] [just for you] 📡 Memantau Blok: 51,074,109 | Total sell: 0 ...
[2026-09-09 14:06:08] [BCOP] 📡 Memantau Blok: 51,074,110 | Total sell: 0 .  
[2026-09-09 14:06:08] [PIPEDOG] 📡 Memantau Blok: 51,074,110 | Total sell: 0 ...
[2026-09-09 14:06:08] [MIO] 📡 Memantau Blok: 51,074,110 | Total sell: 0 .. 
[2026-09-09 14:06:09] [just for you] 📡 Memantau Blok: 51,074,110 | Total sell: 0 .  
[2026-09-09 14:06:09] [BCOP] 📡 Memantau Blok: 51,074,110 | Total sell: 0 .. 
[2026-09-09 14:06:10] [PIPEDOG] 📡 Memantau Blok: 51,074,111 | Total sell: 0 .  
[2026-09-09 14:06:10] [MIO] 📡 Memantau Blok: 51,074,111 | Total sell: 0 ...
[2026-09-09 14:06:10] [just for you] 📡 Memantau Blok: 51,074,111 | Total sell: 0 .. 
[2026-09-09 14:06:11] [BCOP] 📡 Memantau Blok: 51,074,111 | Total sell: 0 ...
[2026-09-09 14:06:11] [PIPEDOG] 📡 Memantau Blok: 51,074,111 | Total sell: 0 .. 
[2026-09-09 14:06:12] [MIO] 📡 Memantau Blok: 51,074,112 | Total sell: 0 .  
[2026-09-09 14:06:12] [just for you] 📡 Memantau Blok: 51,074,112 | Total sell: 0 ...
[2026-09-09 14:06:12] [BCOP] 📡 Memantau Blok: 51,074,112 | Total sell: 0 .  
[2026-09-09 14:06:13] [PIPEDOG] 📡 Memantau Blok: 51,074,112 | Total sell: 0 ...
[2026-09-09 14:06:13] [MIO] 📡 Memantau Blok: 51,074,112 | Total sell: 0 .. 
[2026-09-09 14:06:14] [just for you] 📡 Memantau Blok: 51,074,113 | Total sell: 0 .  
[2026-09-09 14:06:14] [BCOP] 📡 Memantau Blok: 51,074,113 | Total sell: 0 .. 
[2026-09-09 14:06:14] [PIPEDOG] 📡 Memantau Blok: 51,074,113 | Total sell: 0 .  
[2026-09-09 14:06:15] [MIO] 📡 Memantau Blok: 51,074,113 | Total sell: 0 ...
[2026-09-09 14:06:15] [just for you] 📡 Memantau Blok: 51,074,113 | Total sell: 0 .. 
[2026-09-09 14:06:16] [BCOP] 📡 Memantau Blok: 51,074,114 | Total sell: 0 ...
[2026-09-09 14:06:16] [PIPEDOG] 📡 Memantau Blok: 51,074,114 | Total sell: 0 .. 
[2026-09-09 14:06:16] [MIO] 📡 Memantau Blok: 51,074,114 | Total sell: 0 .  
[2026-09-09 14:06:17] [just for you] 📡 Memantau Blok: 51,074,114 | Total sell: 0 ...
[2026-09-09 14:06:17] [BCOP] 📡 Memantau Blok: 51,074,114 | Total sell: 0 .  
[2026-09-09 14:06:18] [PIPEDOG] 📡 Memantau Blok: 51,074,115 | Total sell: 0 ...
[2026-09-09 14:06:18] [MIO] 📡 Memantau Blok: 51,074,115 | Total sell: 0 .. 
[2026-09-09 14:06:18] [just for you] 📡 Memantau Blok: 51,074,115 | Total sell: 0 .  
[2026-09-09 14:06:18] [BCOP] 📡 Memantau Blok: 51,074,115 | Total sell: 0 .. 
[2026-09-09 14:06:19] [PIPEDOG] 📡 Memantau Blok: 51,074,115 | Total sell: 0 .  
[2026-09-09 14:06:19] [MIO] 📡 Memantau Blok: 51,074,115 | Total sell: 0 ...
[2026-09-09 14:06:20] [just for you] 📡 Memantau Blok: 51,074,116 | Total sell: 0 .. 
[2026-09-09 14:06:20] [BCOP] 📡 Memantau Blok: 51,074,116 | Total sell: 0 ...
[2026-09-09 14:06:21] [PIPEDOG] 📡 Memantau Blok: 51,074,116 | Total sell: 0 .. 
[2026-09-09 14:06:21] [MIO] 📡 Memantau Blok: 51,074,116 | Total sell: 0 .  
[2026-09-09 14:06:21] [just for you] 📡 Memantau Blok: 51,074,117 | Total sell: 0 ...
[2026-09-09 14:06:22] [BCOP] 📡 Memantau Blok: 51,074,117 | Total sell: 0 .  
[2026-09-09 14:06:22] [PIPEDOG] 📡 Memantau Blok: 51,074,117 | Total sell: 0 ...
[2026-09-09 14:06:22] [MIO] 📡 Memantau Blok: 51,074,117 | Total sell: 0 .. 
[2026-09-09 14:06:23] [just for you] 📡 Memantau Blok: 51,074,117 | Total sell: 0 .  
[2026-09-09 14:06:23] [BCOP] 📡 Memantau Blok: 51,074,117 | Total sell: 0 .. 
[2026-09-09 14:06:24] [PIPEDOG] 📡 Memantau Blok: 51,074,118 | Total sell: 0 .  
[2026-09-09 14:06:24] [MIO] 📡 Memantau Blok: 51,074,118 | Total sell: 0 ...
[2026-09-09 14:06:24] [just for you] 📡 Memantau Blok: 51,074,118 | Total sell: 0 .. 
[2026-09-09 14:06:25] [BCOP] 📡 Memantau Blok: 51,074,118 | Total sell: 0 ...
[2026-09-09 14:06:25] [PIPEDOG] 📡 Memantau Blok: 51,074,118 | Total sell: 0 .. 
[2026-09-09 14:06:26] [MIO] 📡 Memantau Blok: 51,074,119 | Total sell: 0 .  
[2026-09-09 14:06:26] [just for you] 📡 Memantau Blok: 51,074,119 | Total sell: 0 ...
[2026-09-09 14:06:26] [BCOP] 📡 Memantau Blok: 51,074,119 | Total sell: 0 .  
[2026-09-09 14:06:27] [PIPEDOG] 📡 Memantau Blok: 51,074,119 | Total sell: 0 ...
[2026-09-09 14:06:27] [MIO] 📡 Memantau Blok: 51,074,119 | Total sell: 0 .. 
[2026-09-09 14:06:28] [just for you] 📡 Memantau Blok: 51,074,120 | Total sell: 0 .  
[2026-09-09 14:06:28] [BCOP] 📡 Memantau Blok: 51,074,120 | Total sell: 0 .. 
[2026-09-09 14:06:28] [PIPEDOG] 📡 Memantau Blok: 51,074,120 | Total sell: 0 .  
[2026-09-09 14:06:28] [MIO] 📡 Memantau Blok: 51,074,120 | Total sell: 0 ...
[2026-09-09 14:06:29] [just for you] 📡 Memantau Blok: 51,074,120 | Total sell: 0 .. 
[2026-09-09 14:06:29] [BCOP] 📡 Memantau Blok: 51,074,121 | Total sell: 0 ...
[2026-09-09 14:06:30] [PIPEDOG] 📡 Memantau Blok: 51,074,121 | Total sell: 0 .. 
[2026-09-09 14:06:30] [MIO] 📡 Memantau Blok: 51,074,121 | Total sell: 0 .  
[2026-09-09 14:06:30] [just for you] 📡 Memantau Blok: 51,074,121 | Total sell: 0 ...
[2026-09-09 14:06:31] [BCOP] 📡 Memantau Blok: 51,074,121 | Total sell: 0 .  
[2026-09-09 14:06:31] [PIPEDOG] 📡 Memantau Blok: 51,074,122 | Total sell: 0 ...
[2026-09-09 14:06:32] [MIO] 📡 Memantau Blok: 51,074,122 | Total sell: 0 .. 
[2026-09-09 14:06:32] [just for you] 📡 Memantau Blok: 51,074,122 | Total sell: 0 .  
[2026-09-09 14:06:32] [BCOP] 📡 Memantau Blok: 51,074,122 | Total sell: 0 .. 
[2026-09-09 14:06:33] [PIPEDOG] 📡 Memantau Blok: 51,074,122 | Total sell: 0 .  
[2026-09-09 14:06:33] [MIO] 📡 Memantau Blok: 51,074,122 | Total sell: 0 ...
[2026-09-09 14:06:34] [just for you] 📡 Memantau Blok: 51,074,123 | Total sell: 0 .. 
[2026-09-09 14:06:34] [BCOP] 📡 Memantau Blok: 51,074,123 | Total sell: 0 ...
[2026-09-09 14:06:34] [PIPEDOG] 📡 Memantau Blok: 51,074,123 | Total sell: 0 .. 
[2026-09-09 14:06:35] [MIO] 📡 Memantau Blok: 51,074,123 | Total sell: 0 .  
[2026-09-09 14:06:35] [just for you] 📡 Memantau Blok: 51,074,123 | Total sell: 0 ...
[2026-09-09 14:06:36] [BCOP] 📡 Memantau Blok: 51,074,124 | Total sell: 0 .  
[2026-09-09 14:06:36] [PIPEDOG] 📡 Memantau Blok: 51,074,124 | Total sell: 0 ...
[2026-09-09 14:06:36] [MIO] 📡 Memantau Blok: 51,074,124 | Total sell: 0 .. 
[2026-09-09 14:06:37] [just for you] 📡 Memantau Blok: 51,074,124 | Total sell: 0 .  
[2026-09-09 14:06:37] [BCOP] 📡 Memantau Blok: 51,074,124 | Total sell: 0 .. 
[2026-09-09 14:06:38] [PIPEDOG] 📡 Memantau Blok: 51,074,125 | Total sell: 0 .  
[2026-09-09 14:06:38] [MIO] 📡 Memantau Blok: 51,074,125 | Total sell: 0 ...
[2026-09-09 14:06:38] [just for you] 📡 Memantau Blok: 51,074,125 | Total sell: 0 .. 
[2026-09-09 14:06:39] [BCOP] 📡 Memantau Blok: 51,074,125 | Total sell: 0 ...
[2026-09-09 14:06:39] [PIPEDOG] 📡 Memantau Blok: 51,074,125 | Total sell: 0 .. 
[2026-09-09 14:06:40] [MIO] 📡 Memantau Blok: 51,074,126 | Total sell: 0 .  
[2026-09-09 14:06:40] [just for you] 📡 Memantau Blok: 51,074,126 | Total sell: 0 ...
[2026-09-09 14:06:40] [BCOP] 📡 Memantau Blok: 51,074,126 | Total sell: 0 .  
[2026-09-09 14:06:41] [PIPEDOG] 📡 Memantau Blok: 51,074,126 | Total sell: 0 ...
[2026-09-09 14:06:41] [MIO] 📡 Memantau Blok: 51,074,126 | Total sell: 0 .. 
[2026-09-09 14:06:41] [just for you] 📡 Memantau Blok: 51,074,126 | Total sell: 0 .  
[2026-09-09 14:06:42] [BCOP] 📡 Memantau Blok: 51,074,127 | Total sell: 0 .. 
[2026-09-09 14:06:42] [PIPEDOG] 📡 Memantau Blok: 51,074,127 | Total sell: 0 .  
[2026-09-09 14:06:42] [MIO] 📡 Memantau Blok: 51,074,127 | Total sell: 0 ...
[2026-09-09 14:06:43] [just for you] 📡 Memantau Blok: 51,074,127 | Total sell: 0 .. 
[2026-09-09 14:06:43] [BCOP] 📡 Memantau Blok: 51,074,127 | Total sell: 0 ...
[2026-09-09 14:06:44] [PIPEDOG] 📡 Memantau Blok: 51,074,128 | Total sell: 0 .. 
[2026-09-09 14:06:44] [MIO] 📡 Memantau Blok: 51,074,128 | Total sell: 0 .  
[2026-09-09 14:06:44] [just for you] 📡 Memantau Blok: 51,074,128 | Total sell: 0 ...
[2026-09-09 14:06:45] [BCOP] 📡 Memantau Blok: 51,074,128 | Total sell: 0 .  
[2026-09-09 14:06:45] [PIPEDOG] 📡 Memantau Blok: 51,074,128 | Total sell: 0 ...
[2026-09-09 14:06:46] [MIO] 📡 Memantau Blok: 51,074,129 | Total sell: 0 .. 
[2026-09-09 14:06:46] [just for you] 📡 Memantau Blok: 51,074,129 | Total sell: 0 .  
[2026-09-09 14:06:46] [BCOP] 📡 Memantau Blok: 51,074,129 | Total sell: 0 .. 
[2026-09-09 14:06:47] [PIPEDOG] 📡 Memantau Blok: 51,074,129 | Total sell: 0 .  
[2026-09-09 14:06:47] [MIO] 📡 Memantau Blok: 51,074,129 | Total sell: 0 ...
[2026-09-09 14:06:48] [just for you] 📡 Memantau Blok: 51,074,130 | Total sell: 0 .. 
[2026-09-09 14:06:48] [BCOP] 📡 Memantau Blok: 51,074,130 | Total sell: 0 ...
[2026-09-09 14:06:48] [PIPEDOG] 📡 Memantau Blok: 51,074,130 | Total sell: 0 .. 
[2026-09-09 14:06:49] [MIO] 📡 Memantau Blok: 51,074,130 | Total sell: 0 .  
[2026-09-09 14:06:49] [just for you] 📡 Memantau Blok: 51,074,130 | Total sell: 0 ...
[2026-09-09 14:06:50] [BCOP] 📡 Memantau Blok: 51,074,131 | Total sell: 0 .  
[2026-09-09 14:06:50] [PIPEDOG] 📡 Memantau Blok: 51,074,131 | Total sell: 0 ...
[2026-09-09 14:06:50] [MIO] 📡 Memantau Blok: 51,074,131 | Total sell: 0 .. 
[2026-09-09 14:06:51] [just for you] 📡 Memantau Blok: 51,074,131 | Total sell: 0 .  
[2026-09-09 14:06:51] [BCOP] 📡 Memantau Blok: 51,074,131 | Total sell: 0 .. 
[2026-09-09 14:06:52] [PIPEDOG] 📡 Memantau Blok: 51,074,131 | Total sell: 0 .  
[2026-09-09 14:06:52] [MIO] 📡 Memantau Blok: 51,074,132 | Total sell: 0 ...
[2026-09-09 14:06:52] [just for you] 📡 Memantau Blok: 51,074,132 | Total sell: 0 .. 
[2026-09-09 14:06:53] [BCOP] 📡 Memantau Blok: 51,074,132 | Total sell: 0 ...
[2026-09-09 14:06:53] [PIPEDOG] 📡 Memantau Blok: 51,074,132 | Total sell: 0 .. 
[2026-09-09 14:06:54] [MIO] 📡 Memantau Blok: 51,074,133 | Total sell: 0 .  
[2026-09-09 14:06:54] [just for you] 📡 Memantau Blok: 51,074,133 | Total sell: 0 ...
[2026-09-09 14:06:54] [BCOP] 📡 Memantau Blok: 51,074,133 | Total sell: 0 .  
[2026-09-09 14:06:55] [PIPEDOG] 📡 Memantau Blok: 51,074,133 | Total sell: 0 ...
[2026-09-09 14:06:55] [MIO] 📡 Memantau Blok: 51,074,133 | Total sell: 0 .. 
[2026-09-09 14:06:55] [just for you] 📡 Memantau Blok: 51,074,133 | Total sell: 0 .  
[2026-09-09 14:06:56] [BCOP] 📡 Memantau Blok: 51,074,133 | Total sell: 0 .. 
[2026-09-09 14:06:56] [PIPEDOG] 📡 Memantau Blok: 51,074,134 | Total sell: 0 .  
[2026-09-09 14:06:57] [MIO] 📡 Memantau Blok: 51,074,134 | Total sell: 0 ...
[2026-09-09 14:06:57] [just for you] 📡 Memantau Blok: 51,074,134 | Total sell: 0 .. 
[2026-09-09 14:06:57] [BCOP] 📡 Memantau Blok: 51,074,134 | Total sell: 0 ...
[2026-09-09 14:06:58] [PIPEDOG] 📡 Memantau Blok: 51,074,135 | Total sell: 0 .. 
[2026-09-09 14:06:58] [MIO] 📡 Memantau Blok: 51,074,135 | Total sell: 0 .  
[2026-09-09 14:06:58] [just for you] 📡 Memantau Blok: 51,074,135 | Total sell: 0 ...
[2026-09-09 14:06:59] [BCOP] 📡 Memantau Blok: 51,074,135 | Total sell: 0 .  
[2026-09-09 14:06:59] [PIPEDOG] 📡 Memantau Blok: 51,074,135 | Total sell: 0 ...
[2026-09-09 14:07:00] [MIO] 📡 Memantau Blok: 51,074,136 | Total sell: 0 .. 
[2026-09-09 14:07:00] [just for you] 📡 Memantau Blok: 51,074,136 | Total sell: 0 .  
[2026-09-09 14:07:00] [BCOP] 📡 Memantau Blok: 51,074,136 | Total sell: 0 .. 
[2026-09-09 14:07:01] [PIPEDOG] 📡 Memantau Blok: 51,074,136 | Total sell: 0 .  
[2026-09-09 14:07:01] [MIO] 📡 Memantau Blok: 51,074,136 | Total sell: 0 ...
[2026-09-09 14:07:02] [just for you] 📡 Memantau Blok: 51,074,137 | Total sell: 0 .. 
[2026-09-09 14:07:02] [BCOP] 📡 Memantau Blok: 51,074,137 | Total sell: 0 ...
[2026-09-09 14:07:02] [PIPEDOG] 📡 Memantau Blok: 51,074,137 | Total sell: 0 .. 
[2026-09-09 14:07:03] [MIO] 📡 Memantau Blok: 51,074,137 | Total sell: 0 .  
[2026-09-09 14:07:03] [just for you] 📡 Memantau Blok: 51,074,137 | Total sell: 0 ...
[2026-09-09 14:07:04] [BCOP] 📡 Memantau Blok: 51,074,138 | Total sell: 0 .  
[2026-09-09 14:07:04] [PIPEDOG] 📡 Memantau Blok: 51,074,138 | Total sell: 0 ...
[2026-09-09 14:07:04] [MIO] 📡 Memantau Blok: 51,074,138 | Total sell: 0 .. 
[2026-09-09 14:07:05] [just for you] 📡 Memantau Blok: 51,074,138 | Total sell: 0 .  
[2026-09-09 14:07:05] [BCOP] 📡 Memantau Blok: 51,074,138 | Total sell: 0 .. 
[2026-09-09 14:07:05] [PIPEDOG] 📡 Memantau Blok: 51,074,138 | Total sell: 0 .  
[2026-09-09 14:07:06] [MIO] 📡 Memantau Blok: 51,074,139 | Total sell: 0 ...
[2026-09-09 14:07:06] [just for you] 📡 Memantau Blok: 51,074,139 | Total sell: 0 .. 
[2026-09-09 14:07:07] [BCOP] 📡 Memantau Blok: 51,074,139 | Total sell: 0 ...
[2026-09-09 14:07:07] [PIPEDOG] 📡 Memantau Blok: 51,074,139 | Total sell: 0 .. 
[2026-09-09 14:07:08] [MIO] 📡 Memantau Blok: 51,074,140 | Total sell: 0 .  
[2026-09-09 14:07:08] [just for you] 📡 Memantau Blok: 51,074,140 | Total sell: 0 ...
[2026-09-09 14:07:08] [BCOP] 📡 Memantau Blok: 51,074,140 | Total sell: 0 .  
[2026-09-09 14:07:08] [PIPEDOG] 📡 Memantau Blok: 51,074,140 | Total sell: 0 ...
[2026-09-09 14:07:09] [just for you] 📡 Memantau Blok: 51,074,140 | Total sell: 0 .  
[2026-09-09 14:07:09] [MIO] 📡 Memantau Blok: 51,074,140 | Total sell: 0 .. 
[2026-09-09 14:07:10] [BCOP] 📡 Memantau Blok: 51,074,141 | Total sell: 0 .. 
[2026-09-09 14:07:10] [PIPEDOG] 📡 Memantau Blok: 51,074,141 | Total sell: 0 .  
[2026-09-09 14:07:11] [just for you] 📡 Memantau Blok: 51,074,141 | Total sell: 0 .. 
[2026-09-09 14:07:11] [MIO] 📡 Memantau Blok: 51,074,141 | Total sell: 0 ...
[2026-09-09 14:07:11] [BCOP] 📡 Memantau Blok: 51,074,141 | Total sell: 0 ...
[2026-09-09 14:07:12] [PIPEDOG] 📡 Memantau Blok: 51,074,142 | Total sell: 0 .. 
[2026-09-09 14:07:12] [just for you] 📡 Memantau Blok: 51,074,142 | Total sell: 0 ...
[2026-09-09 14:07:12] [MIO] 📡 Memantau Blok: 51,074,142 | Total sell: 0 .  
[2026-09-09 14:07:13] [BCOP] 📡 Memantau Blok: 51,074,142 | Total sell: 0 .  
[2026-09-09 14:07:13] [PIPEDOG] 📡 Memantau Blok: 51,074,142 | Total sell: 0 ...
[2026-09-09 14:07:14] [just for you] 📡 Memantau Blok: 51,074,143 | Total sell: 0 .  
[2026-09-09 14:07:14] [MIO] 📡 Memantau Blok: 51,074,143 | Total sell: 0 .. 
[2026-09-09 14:07:14] [BCOP] 📡 Memantau Blok: 51,074,143 | Total sell: 0 .. 
[2026-09-09 14:07:15] [PIPEDOG] 📡 Memantau Blok: 51,074,143 | Total sell: 0 .  
[2026-09-09 14:07:16] [just for you] 📡 Memantau Blok: 51,074,144 | Total sell: 0 .. 
[2026-09-09 14:07:16] [MIO] 📡 Memantau Blok: 51,074,144 | Total sell: 0 ...
[2026-09-09 14:07:16] [BCOP] 📡 Memantau Blok: 51,074,144 | Total sell: 0 ...
[2026-09-09 14:07:16] [PIPEDOG] 📡 Memantau Blok: 51,074,144 | Total sell: 0 .. 
[2026-09-09 14:07:17] [just for you] 📡 Memantau Blok: 51,074,144 | Total sell: 0 ...
[2026-09-09 14:07:17] [MIO] 📡 Memantau Blok: 51,074,144 | Total sell: 0 .  
[2026-09-09 14:07:18] [BCOP] 📡 Memantau Blok: 51,074,145 | Total sell: 0 .  
[2026-09-09 14:07:18] [PIPEDOG] 📡 Memantau Blok: 51,074,145 | Total sell: 0 ...
[2026-09-09 14:07:19] [just for you] 📡 Memantau Blok: 51,074,145 | Total sell: 0 .  
[2026-09-09 14:07:19] [MIO] 📡 Memantau Blok: 51,074,145 | Total sell: 0 .. 
[2026-09-09 14:07:19] [BCOP] 📡 Memantau Blok: 51,074,145 | Total sell: 0 .. 
[2026-09-09 14:07:20] [PIPEDOG] 📡 Memantau Blok: 51,074,146 | Total sell: 0 .  
[2026-09-09 14:07:20] [just for you] 📡 Memantau Blok: 51,074,146 | Total sell: 0 .. 
[2026-09-09 14:07:20] [MIO] 📡 Memantau Blok: 51,074,146 | Total sell: 0 ...
[2026-09-09 14:07:21] [BCOP] 📡 Memantau Blok: 51,074,146 | Total sell: 0 ...
[2026-09-09 14:07:21] [PIPEDOG] 📡 Memantau Blok: 51,074,146 | Total sell: 0 .. 
[2026-09-09 14:07:22] [just for you] 📡 Memantau Blok: 51,074,147 | Total sell: 0 ...
[2026-09-09 14:07:22] [MIO] 📡 Memantau Blok: 51,074,147 | Total sell: 0 .  
[2026-09-09 14:07:22] [BCOP] 📡 Memantau Blok: 51,074,147 | Total sell: 0 .  
[2026-09-09 14:07:23] [PIPEDOG] 📡 Memantau Blok: 51,074,147 | Total sell: 0 ...
[2026-09-09 14:07:23] [just for you] 📡 Memantau Blok: 51,074,148 | Total sell: 0 .  
[2026-09-09 14:07:23] [MIO] 📡 Memantau Blok: 51,074,148 | Total sell: 0 .. 
[2026-09-09 14:07:24] [BCOP] 📡 Memantau Blok: 51,074,148 | Total sell: 0 .. 
[2026-09-09 14:07:24] [PIPEDOG] 📡 Memantau Blok: 51,074,148 | Total sell: 0 .  
[2026-09-09 14:07:25] [MIO] 📡 Memantau Blok: 51,074,148 | Total sell: 0 ...
[2026-09-09 14:07:25] [just for you] 📡 Memantau Blok: 51,074,148 | Total sell: 0 .. 
[2026-09-09 14:07:26] [BCOP] 📡 Memantau Blok: 51,074,149 | Total sell: 0 ...
[2026-09-09 14:07:26] [PIPEDOG] 📡 Memantau Blok: 51,074,149 | Total sell: 0 .. 
[2026-09-09 14:07:26] [MIO] 📡 Memantau Blok: 51,074,149 | Total sell: 0 .  
[2026-09-09 14:07:26] [just for you] 📡 Memantau Blok: 51,074,149 | Total sell: 0 ...
[2026-09-09 14:07:27] [BCOP] 📡 Memantau Blok: 51,074,149 | Total sell: 0 .  
[2026-09-09 14:07:27] [PIPEDOG] 📡 Memantau Blok: 51,074,149 | Total sell: 0 ...
[2026-09-09 14:07:28] [MIO] 📡 Memantau Blok: 51,074,149 | Total sell: 0 .. 
[2026-09-09 14:07:28] [just for you] 📡 Memantau Blok: 51,074,150 | Total sell: 0 .  
[2026-09-09 14:07:29] [BCOP] 📡 Memantau Blok: 51,074,150 | Total sell: 0 .. 
[2026-09-09 14:07:29] [PIPEDOG] 📡 Memantau Blok: 51,074,150 | Total sell: 0 .  
[2026-09-09 14:07:29] [MIO] 📡 Memantau Blok: 51,074,150 | Total sell: 0 ...
[2026-09-09 14:07:30] [just for you] 📡 Memantau Blok: 51,074,150 | Total sell: 0 .. 
[2026-09-09 14:07:30] [BCOP] 📡 Memantau Blok: 51,074,151 | Total sell: 0 ...
[2026-09-09 14:07:30] [PIPEDOG] 📡 Memantau Blok: 51,074,151 | Total sell: 0 .. 
[2026-09-09 14:07:31] [just for you] 📡 Memantau Blok: 51,074,151 | Total sell: 0 ...
[2026-09-09 14:07:31] [MIO] 📡 Memantau Blok: 51,074,151 | Total sell: 0 .  
[2026-09-09 14:07:32] [BCOP] 📡 Memantau Blok: 51,074,152 | Total sell: 0 .  
[2026-09-09 14:07:32] [PIPEDOG] 📡 Memantau Blok: 51,074,152 | Total sell: 0 ...
[2026-09-09 14:07:33] [MIO] 📡 Memantau Blok: 51,074,152 | Total sell: 0 .. 
[2026-09-09 14:07:33] [just for you] 📡 Memantau Blok: 51,074,152 | Total sell: 0 .  
[2026-09-09 14:07:34] [PIPEDOG] 📡 Memantau Blok: 51,074,153 | Total sell: 0 .  
[2026-09-09 14:07:34] [BCOP] 📡 Memantau Blok: 51,074,153 | Total sell: 0 .. 
[2026-09-09 14:07:34] [MIO] 📡 Memantau Blok: 51,074,153 | Total sell: 0 ...
[2026-09-09 14:07:34] [just for you] 📡 Memantau Blok: 51,074,153 | Total sell: 0 .. 
[2026-09-09 14:07:35] [PIPEDOG] 📡 Memantau Blok: 51,074,153 | Total sell: 0 .. 
[2026-09-09 14:07:36] [BCOP] 📡 Memantau Blok: 51,074,154 | Total sell: 0 ...
[2026-09-09 14:07:36] [MIO] 📡 Memantau Blok: 51,074,154 | Total sell: 0 .  
[2026-09-09 14:07:36] [just for you] 📡 Memantau Blok: 51,074,154 | Total sell: 0 ...
[2026-09-09 14:07:36] [PIPEDOG] 📡 Memantau Blok: 51,074,154 | Total sell: 0 ...
[2026-09-09 14:07:37] [BCOP] 📡 Memantau Blok: 51,074,154 | Total sell: 0 .  
[2026-09-09 14:07:37] [MIO] 📡 Memantau Blok: 51,074,154 | Total sell: 0 .. 
[2026-09-09 14:07:38] [just for you] 📡 Memantau Blok: 51,074,155 | Total sell: 0 .  
[2026-09-09 14:07:38] [PIPEDOG] 📡 Memantau Blok: 51,074,155 | Total sell: 0 .  
[2026-09-09 14:07:38] [BCOP] 📡 Memantau Blok: 51,074,155 | Total sell: 0 .. 
[2026-09-09 14:07:39] [MIO] 📡 Memantau Blok: 51,074,155 | Total sell: 0 ...
[2026-09-09 14:07:39] [just for you] 📡 Memantau Blok: 51,074,155 | Total sell: 0 .. 
[2026-09-09 14:07:40] [PIPEDOG] 📡 Memantau Blok: 51,074,156 | Total sell: 0 .. 
[2026-09-09 14:07:40] [BCOP] 📡 Memantau Blok: 51,074,156 | Total sell: 0 ...
[2026-09-09 14:07:40] [MIO] 📡 Memantau Blok: 51,074,156 | Total sell: 0 .  
[2026-09-09 14:07:40] [just for you] 📡 Memantau Blok: 51,074,156 | Total sell: 0 ...
[2026-09-09 14:07:41] [PIPEDOG] 📡 Memantau Blok: 51,074,156 | Total sell: 0 ...
[2026-09-09 14:07:42] [BCOP] 📡 Memantau Blok: 51,074,157 | Total sell: 0 .  
[2026-09-09 14:07:42] [MIO] 📡 Memantau Blok: 51,074,157 | Total sell: 0 .. 
[2026-09-09 14:07:42] [just for you] 📡 Memantau Blok: 51,074,157 | Total sell: 0 .  
[2026-09-09 14:07:43] [PIPEDOG] 📡 Memantau Blok: 51,074,157 | Total sell: 0 .  
[2026-09-09 14:07:43] [BCOP] 📡 Memantau Blok: 51,074,157 | Total sell: 0 .. 
[2026-09-09 14:07:43] [MIO] 📡 Memantau Blok: 51,074,157 | Total sell: 0 ...
[2026-09-09 14:07:44] [just for you] 📡 Memantau Blok: 51,074,158 | Total sell: 0 .. 
[2026-09-09 14:07:45] [BCOP] 📡 Memantau Blok: 51,074,158 | Total sell: 0 ...
[2026-09-09 14:07:45] [MIO] 📡 Memantau Blok: 51,074,158 | Total sell: 0 .  
[2026-09-09 14:07:45] [just for you] 📡 Memantau Blok: 51,074,158 | Total sell: 0 ...
[2026-09-09 14:07:45] [PIPEDOG] 📡 Memantau Blok: 51,074,158 | Total sell: 0 .. 
[2026-09-09 14:07:46] [BCOP] 📡 Memantau Blok: 51,074,159 | Total sell: 0 .  
[2026-09-09 14:07:46] [MIO] 📡 Memantau Blok: 51,074,159 | Total sell: 0 .. 
[2026-09-09 14:07:47] [just for you] 📡 Memantau Blok: 51,074,159 | Total sell: 0 .  
[2026-09-09 14:07:47] [PIPEDOG] 📡 Memantau Blok: 51,074,159 | Total sell: 0 ...
[2026-09-09 14:07:48] [BCOP] 📡 Memantau Blok: 51,074,160 | Total sell: 0 .. 
[2026-09-09 14:07:48] [MIO] 📡 Memantau Blok: 51,074,160 | Total sell: 0 ...
[2026-09-09 14:07:48] [just for you] 📡 Memantau Blok: 51,074,160 | Total sell: 0 .. 
[2026-09-09 14:07:49] [PIPEDOG] 📡 Memantau Blok: 51,074,160 | Total sell: 0 .  
[2026-09-09 14:07:50] [BCOP] 📡 Memantau Blok: 51,074,161 | Total sell: 0 ...
[2026-09-09 14:07:50] [MIO] 📡 Memantau Blok: 51,074,161 | Total sell: 0 .  
[2026-09-09 14:07:50] [just for you] 📡 Memantau Blok: 51,074,161 | Total sell: 0 ...
[2026-09-09 14:07:50] [PIPEDOG] 📡 Memantau Blok: 51,074,161 | Total sell: 0 .. 
[2026-09-09 14:07:51] [MIO] 📡 Memantau Blok: 51,074,161 | Total sell: 0 .. 
[2026-09-09 14:07:51] [BCOP] 📡 Memantau Blok: 51,074,161 | Total sell: 0 .  
[2026-09-09 14:07:51] [just for you] 📡 Memantau Blok: 51,074,161 | Total sell: 0 .  
[2026-09-09 14:07:52] [PIPEDOG] 📡 Memantau Blok: 51,074,162 | Total sell: 0 ...
[2026-09-09 14:07:52] [BCOP] 📡 Memantau Blok: 51,074,162 | Total sell: 0 .. 
[2026-09-09 14:07:52] [MIO] 📡 Memantau Blok: 51,074,162 | Total sell: 0 ...
[2026-09-09 14:07:53] [just for you] 📡 Memantau Blok: 51,074,162 | Total sell: 0 .. 
[2026-09-09 14:07:54] [PIPEDOG] 📡 Memantau Blok: 51,074,163 | Total sell: 0 .  
[2026-09-09 14:07:54] [MIO] 📡 Memantau Blok: 51,074,163 | Total sell: 0 .  
[2026-09-09 14:07:54] [BCOP] 📡 Memantau Blok: 51,074,163 | Total sell: 0 ...
[2026-09-09 14:07:54] [just for you] 📡 Memantau Blok: 51,074,163 | Total sell: 0 ...
[2026-09-09 14:07:55] [PIPEDOG] 📡 Memantau Blok: 51,074,163 | Total sell: 0 .. 
[2026-09-09 14:07:56] [MIO] 📡 Memantau Blok: 51,074,164 | Total sell: 0 .. 
[2026-09-09 14:07:56] [BCOP] 📡 Memantau Blok: 51,074,164 | Total sell: 0 .  
[2026-09-09 14:07:56] [just for you] 📡 Memantau Blok: 51,074,164 | Total sell: 0 .  
[2026-09-09 14:07:56] [PIPEDOG] 📡 Memantau Blok: 51,074,164 | Total sell: 0 ...
[2026-09-09 14:07:57] [MIO] 📡 Memantau Blok: 51,074,164 | Total sell: 0 ...
[2026-09-09 14:07:57] [BCOP] 📡 Memantau Blok: 51,074,164 | Total sell: 0 .. 
[2026-09-09 14:07:58] [just for you] 📡 Memantau Blok: 51,074,165 | Total sell: 0 .. 
[2026-09-09 14:07:58] [PIPEDOG] 📡 Memantau Blok: 51,074,165 | Total sell: 0 .  
[2026-09-09 14:07:59] [MIO] 📡 Memantau Blok: 51,074,165 | Total sell: 0 .  
[2026-09-09 14:07:59] [BCOP] 📡 Memantau Blok: 51,074,165 | Total sell: 0 ...
[2026-09-09 14:07:59] [just for you] 📡 Memantau Blok: 51,074,165 | Total sell: 0 ...
[2026-09-09 14:08:00] [PIPEDOG] 📡 Memantau Blok: 51,074,166 | Total sell: 0 .. 
[2026-09-09 14:08:00] [MIO] 📡 Memantau Blok: 51,074,166 | Total sell: 0 .. 
[2026-09-09 14:08:00] [BCOP] 📡 Memantau Blok: 51,074,166 | Total sell: 0 .  
[2026-09-09 14:08:01] [just for you] 📡 Memantau Blok: 51,074,166 | Total sell: 0 .  
[2026-09-09 14:08:01] [PIPEDOG] 📡 Memantau Blok: 51,074,166 | Total sell: 0 ...
[2026-09-09 14:08:02] [BCOP] 📡 Memantau Blok: 51,074,167 | Total sell: 0 .. 
[2026-09-09 14:08:02] [MIO] 📡 Memantau Blok: 51,074,167 | Total sell: 0 ...
[2026-09-09 14:08:02] [just for you] 📡 Memantau Blok: 51,074,167 | Total sell: 0 .. 
[2026-09-09 14:08:03] [PIPEDOG] 📡 Memantau Blok: 51,074,167 | Total sell: 0 .  
[2026-09-09 14:08:03] [BCOP] 📡 Memantau Blok: 51,074,167 | Total sell: 0 ...
[2026-09-09 14:08:04] [MIO] 📡 Memantau Blok: 51,074,168 | Total sell: 0 .  
[2026-09-09 14:08:04] [just for you] 📡 Memantau Blok: 51,074,168 | Total sell: 0 ...
[2026-09-09 14:08:04] [PIPEDOG] 📡 Memantau Blok: 51,074,168 | Total sell: 0 .. 
[2026-09-09 14:08:05] [BCOP] 📡 Memantau Blok: 51,074,168 | Total sell: 0 .  
[2026-09-09 14:08:05] [MIO] 📡 Memantau Blok: 51,074,168 | Total sell: 0 .. 
[2026-09-09 14:08:05] [just for you] 📡 Memantau Blok: 51,074,168 | Total sell: 0 .  
[2026-09-09 14:08:06] [PIPEDOG] 📡 Memantau Blok: 51,074,169 | Total sell: 0 ...
[2026-09-09 14:08:06] [BCOP] 📡 Memantau Blok: 51,074,169 | Total sell: 0 .. 
[2026-09-09 14:08:06] [MIO] 📡 Memantau Blok: 51,074,169 | Total sell: 0 ...
[2026-09-09 14:08:07] [just for you] 📡 Memantau Blok: 51,074,169 | Total sell: 0 .. 
[2026-09-09 14:08:08] [PIPEDOG] 📡 Memantau Blok: 51,074,170 | Total sell: 0 .  
[2026-09-09 14:08:08] [MIO] 📡 Memantau Blok: 51,074,170 | Total sell: 0 .  
[2026-09-09 14:08:08] [BCOP] 📡 Memantau Blok: 51,074,170 | Total sell: 0 ...
[2026-09-09 14:08:08] [just for you] 📡 Memantau Blok: 51,074,170 | Total sell: 0 ...
[2026-09-09 14:08:09] [PIPEDOG] 📡 Memantau Blok: 51,074,170 | Total sell: 0 .. 
[2026-09-09 14:08:10] [MIO] 📡 Memantau Blok: 51,074,171 | Total sell: 0 .. 
[2026-09-09 14:08:10] [BCOP] 📡 Memantau Blok: 51,074,171 | Total sell: 0 .  
[2026-09-09 14:08:10] [just for you] 📡 Memantau Blok: 51,074,171 | Total sell: 0 .  
[2026-09-09 14:08:11] [PIPEDOG] 📡 Memantau Blok: 51,074,171 | Total sell: 0 ...
[2026-09-09 14:08:11] [MIO] 📡 Memantau Blok: 51,074,171 | Total sell: 0 ...
[2026-09-09 14:08:11] [BCOP] 📡 Memantau Blok: 51,074,171 | Total sell: 0 .. 
[2026-09-09 14:08:12] [just for you] 📡 Memantau Blok: 51,074,172 | Total sell: 0 .. 
[2026-09-09 14:08:12] [PIPEDOG] 📡 Memantau Blok: 51,074,172 | Total sell: 0 .  
[2026-09-09 14:08:13] [MIO] 📡 Memantau Blok: 51,074,172 | Total sell: 0 .  
[2026-09-09 14:08:13] [BCOP] 📡 Memantau Blok: 51,074,172 | Total sell: 0 ...
[2026-09-09 14:08:13] [just for you] 📡 Memantau Blok: 51,074,172 | Total sell: 0 ...
[2026-09-09 14:08:14] [PIPEDOG] 📡 Memantau Blok: 51,074,173 | Total sell: 0 .. 
[2026-09-09 14:08:14] [MIO] 📡 Memantau Blok: 51,074,173 | Total sell: 0 .. 
[2026-09-09 14:08:14] [BCOP] 📡 Memantau Blok: 51,074,173 | Total sell: 0 .  
[2026-09-09 14:08:15] [just for you] 📡 Memantau Blok: 51,074,173 | Total sell: 0 .  
[2026-09-09 14:08:15] [PIPEDOG] 📡 Memantau Blok: 51,074,173 | Total sell: 0 ...
[2026-09-09 14:08:16] [MIO] 📡 Memantau Blok: 51,074,174 | Total sell: 0 ...
[2026-09-09 14:08:16] [BCOP] 📡 Memantau Blok: 51,074,174 | Total sell: 0 .. 
[2026-09-09 14:08:16] [just for you] 📡 Memantau Blok: 51,074,174 | Total sell: 0 .. 
[2026-09-09 14:08:17] [PIPEDOG] 📡 Memantau Blok: 51,074,174 | Total sell: 0 .  
[2026-09-09 14:08:17] [MIO] 📡 Memantau Blok: 51,074,174 | Total sell: 0 .  
[2026-09-09 14:08:17] [BCOP] 📡 Memantau Blok: 51,074,174 | Total sell: 0 ...
[2026-09-09 14:08:18] [just for you] 📡 Memantau Blok: 51,074,175 | Total sell: 0 ...
[2026-09-09 14:08:18] [PIPEDOG] 📡 Memantau Blok: 51,074,175 | Total sell: 0 .. 
[2026-09-09 14:08:19] [MIO] 📡 Memantau Blok: 51,074,175 | Total sell: 0 .. 
[2026-09-09 14:08:19] [BCOP] 📡 Memantau Blok: 51,074,175 | Total sell: 0 .  
[2026-09-09 14:08:19] [just for you] 📡 Memantau Blok: 51,074,176 | Total sell: 0 .  
[2026-09-09 14:08:20] [PIPEDOG] 📡 Memantau Blok: 51,074,176 | Total sell: 0 ...
[2026-09-09 14:08:20] [MIO] 📡 Memantau Blok: 51,074,176 | Total sell: 0 ...
[2026-09-09 14:08:20] [BCOP] 📡 Memantau Blok: 51,074,176 | Total sell: 0 .. 
[2026-09-09 14:08:21] [just for you] 📡 Memantau Blok: 51,074,176 | Total sell: 0 .. 
[2026-09-09 14:08:21] [PIPEDOG] 📡 Memantau Blok: 51,074,176 | Total sell: 0 .  
[2026-09-09 14:08:22] [MIO] 📡 Memantau Blok: 51,074,177 | Total sell: 0 .  
[2026-09-09 14:08:22] [BCOP] 📡 Memantau Blok: 51,074,177 | Total sell: 0 ...
[2026-09-09 14:08:22] [just for you] 📡 Memantau Blok: 51,074,177 | Total sell: 0 ...
[2026-09-09 14:08:23] [PIPEDOG] 📡 Memantau Blok: 51,074,177 | Total sell: 0 .. 
[2026-09-09 14:08:23] [MIO] 📡 Memantau Blok: 51,074,178 | Total sell: 0 .. 
[2026-09-09 14:08:24] [BCOP] 📡 Memantau Blok: 51,074,178 | Total sell: 0 .  
[2026-09-09 14:08:24] [just for you] 📡 Memantau Blok: 51,074,178 | Total sell: 0 .  
[2026-09-09 14:08:25] [PIPEDOG] 📡 Memantau Blok: 51,074,178 | Total sell: 0 ...
[2026-09-09 14:08:25] [MIO] 📡 Memantau Blok: 51,074,178 | Total sell: 0 ...
[2026-09-09 14:08:25] [BCOP] 📡 Memantau Blok: 51,074,178 | Total sell: 0 .. 
[2026-09-09 14:08:26] [just for you] 📡 Memantau Blok: 51,074,179 | Total sell: 0 .. 
[2026-09-09 14:08:26] [MIO] 📡 Memantau Blok: 51,074,179 | Total sell: 0 .  
[2026-09-09 14:08:26] [BCOP] 📡 Memantau Blok: 51,074,179 | Total sell: 0 ...
[2026-09-09 14:08:27] [PIPEDOG] 📡 Memantau Blok: 51,074,179 | Total sell: 0 .  
[2026-09-09 14:08:27] [just for you] 📡 Memantau Blok: 51,074,179 | Total sell: 0 ...
[2026-09-09 14:08:28] [MIO] 📡 Memantau Blok: 51,074,180 | Total sell: 0 .. 
[2026-09-09 14:08:28] [BCOP] 📡 Memantau Blok: 51,074,180 | Total sell: 0 .  
[2026-09-09 14:08:28] [PIPEDOG] 📡 Memantau Blok: 51,074,180 | Total sell: 0 .. 
[2026-09-09 14:08:29] [just for you] 📡 Memantau Blok: 51,074,180 | Total sell: 0 .  
[2026-09-09 14:08:30] [MIO] 📡 Memantau Blok: 51,074,181 | Total sell: 0 ...
[2026-09-09 14:08:30] [PIPEDOG] 📡 Memantau Blok: 51,074,181 | Total sell: 0 ...
[2026-09-09 14:08:30] [just for you] 📡 Memantau Blok: 51,074,181 | Total sell: 0 .. 
[2026-09-09 14:08:30] [BCOP] 📡 Memantau Blok: 51,074,181 | Total sell: 0 .. 
[2026-09-09 14:08:31] [MIO] 📡 Memantau Blok: 51,074,181 | Total sell: 0 .  
[2026-09-09 14:08:31] [PIPEDOG] 📡 Memantau Blok: 51,074,181 | Total sell: 0 .  
[2026-09-09 14:08:32] [just for you] 📡 Memantau Blok: 51,074,182 | Total sell: 0 ...
[2026-09-09 14:08:32] [BCOP] 📡 Memantau Blok: 51,074,182 | Total sell: 0 ...
[2026-09-09 14:08:32] [MIO] 📡 Memantau Blok: 51,074,182 | Total sell: 0 .. 
[2026-09-09 14:08:33] [PIPEDOG] 📡 Memantau Blok: 51,074,182 | Total sell: 0 .. 
[2026-09-09 14:08:33] [just for you] 📡 Memantau Blok: 51,074,182 | Total sell: 0 .  
[2026-09-09 14:08:34] [BCOP] 📡 Memantau Blok: 51,074,183 | Total sell: 0 .  
[2026-09-09 14:08:34] [MIO] 📡 Memantau Blok: 51,074,183 | Total sell: 0 ...
[2026-09-09 14:08:34] [PIPEDOG] 📡 Memantau Blok: 51,074,183 | Total sell: 0 ...
[2026-09-09 14:08:35] [just for you] 📡 Memantau Blok: 51,074,183 | Total sell: 0 .. 
[2026-09-09 14:08:35] [BCOP] 📡 Memantau Blok: 51,074,183 | Total sell: 0 .. 
[2026-09-09 14:08:36] [MIO] 📡 Memantau Blok: 51,074,184 | Total sell: 0 .  
[2026-09-09 14:08:36] [PIPEDOG] 📡 Memantau Blok: 51,074,184 | Total sell: 0 .  
[2026-09-09 14:08:36] [just for you] 📡 Memantau Blok: 51,074,184 | Total sell: 0 ...
[2026-09-09 14:08:37] [BCOP] 📡 Memantau Blok: 51,074,184 | Total sell: 0 ...
[2026-09-09 14:08:37] [MIO] 📡 Memantau Blok: 51,074,184 | Total sell: 0 .. 
[2026-09-09 14:08:38] [PIPEDOG] 📡 Memantau Blok: 51,074,185 | Total sell: 0 .. 
[2026-09-09 14:08:38] [just for you] 📡 Memantau Blok: 51,074,185 | Total sell: 0 .  
[2026-09-09 14:08:38] [BCOP] 📡 Memantau Blok: 51,074,185 | Total sell: 0 .  
[2026-09-09 14:08:39] [MIO] 📡 Memantau Blok: 51,074,185 | Total sell: 0 ...
[2026-09-09 14:08:39] [PIPEDOG] 📡 Memantau Blok: 51,074,185 | Total sell: 0 ...
[2026-09-09 14:08:40] [just for you] 📡 Memantau Blok: 51,074,186 | Total sell: 0 .. 
[2026-09-09 14:08:40] [BCOP] 📡 Memantau Blok: 51,074,186 | Total sell: 0 .. 
[2026-09-09 14:08:40] [MIO] 📡 Memantau Blok: 51,074,186 | Total sell: 0 .  
[2026-09-09 14:08:40] [PIPEDOG] 📡 Memantau Blok: 51,074,186 | Total sell: 0 .  
[2026-09-09 14:08:41] [just for you] 📡 Memantau Blok: 51,074,186 | Total sell: 0 ...
[2026-09-09 14:08:41] [BCOP] 📡 Memantau Blok: 51,074,186 | Total sell: 0 ...
[2026-09-09 14:08:42] [MIO] 📡 Memantau Blok: 51,074,187 | Total sell: 0 .. 
[2026-09-09 14:08:42] [PIPEDOG] 📡 Memantau Blok: 51,074,187 | Total sell: 0 .. 
[2026-09-09 14:08:43] [just for you] 📡 Memantau Blok: 51,074,187 | Total sell: 0 .  
[2026-09-09 14:08:43] [BCOP] 📡 Memantau Blok: 51,074,187 | Total sell: 0 .  
[2026-09-09 14:08:44] [MIO] 📡 Memantau Blok: 51,074,188 | Total sell: 0 ...
[2026-09-09 14:08:44] [PIPEDOG] 📡 Memantau Blok: 51,074,188 | Total sell: 0 ...
[2026-09-09 14:08:44] [just for you] 📡 Memantau Blok: 51,074,188 | Total sell: 0 .. 
[2026-09-09 14:08:44] [BCOP] 📡 Memantau Blok: 51,074,188 | Total sell: 0 .. 
[2026-09-09 14:08:45] [MIO] 📡 Memantau Blok: 51,074,188 | Total sell: 0 .  
[2026-09-09 14:08:45] [PIPEDOG] 📡 Memantau Blok: 51,074,188 | Total sell: 0 .  
[2026-09-09 14:08:46] [just for you] 📡 Memantau Blok: 51,074,189 | Total sell: 0 ...
[2026-09-09 14:08:46] [BCOP] 📡 Memantau Blok: 51,074,189 | Total sell: 0 ...
[2026-09-09 14:08:46] [MIO] 📡 Memantau Blok: 51,074,189 | Total sell: 0 .. 
[2026-09-09 14:08:47] [PIPEDOG] 📡 Memantau Blok: 51,074,189 | Total sell: 0 .. 
[2026-09-09 14:08:47] [just for you] 📡 Memantau Blok: 51,074,189 | Total sell: 0 .  
[2026-09-09 14:08:47] [BCOP] 📡 Memantau Blok: 51,074,190 | Total sell: 0 .  
[2026-09-09 14:08:48] [MIO] 📡 Memantau Blok: 51,074,190 | Total sell: 0 ...
[2026-09-09 14:08:48] [PIPEDOG] 📡 Memantau Blok: 51,074,190 | Total sell: 0 ...
[2026-09-09 14:08:49] [just for you] 📡 Memantau Blok: 51,074,190 | Total sell: 0 .. 
[2026-09-09 14:08:49] [BCOP] 📡 Memantau Blok: 51,074,190 | Total sell: 0 .. 
[2026-09-09 14:08:50] [MIO] 📡 Memantau Blok: 51,074,191 | Total sell: 0 .  
[2026-09-09 14:08:50] [PIPEDOG] 📡 Memantau Blok: 51,074,191 | Total sell: 0 .  
[2026-09-09 14:08:50] [just for you] 📡 Memantau Blok: 51,074,191 | Total sell: 0 ...
[2026-09-09 14:08:50] [BCOP] 📡 Memantau Blok: 51,074,191 | Total sell: 0 ...
[2026-09-09 14:08:51] [MIO] 📡 Memantau Blok: 51,074,191 | Total sell: 0 .. 
[2026-09-09 14:08:52] [PIPEDOG] 📡 Memantau Blok: 51,074,192 | Total sell: 0 .. 
[2026-09-09 14:08:52] [BCOP] 📡 Memantau Blok: 51,074,192 | Total sell: 0 .  
[2026-09-09 14:08:52] [just for you] 📡 Memantau Blok: 51,074,192 | Total sell: 0 .  
[2026-09-09 14:08:53] [MIO] 📡 Memantau Blok: 51,074,192 | Total sell: 0 ...
[2026-09-09 14:08:53] [PIPEDOG] 📡 Memantau Blok: 51,074,192 | Total sell: 0 ...
[2026-09-09 14:08:54] [BCOP] 📡 Memantau Blok: 51,074,193 | Total sell: 0 .. 
[2026-09-09 14:08:54] [just for you] 📡 Memantau Blok: 51,074,193 | Total sell: 0 .. 
[2026-09-09 14:08:54] [MIO] 📡 Memantau Blok: 51,074,193 | Total sell: 0 .  
[2026-09-09 14:08:54] [PIPEDOG] 📡 Memantau Blok: 51,074,193 | Total sell: 0 .  
[2026-09-09 14:08:55] [BCOP] 📡 Memantau Blok: 51,074,193 | Total sell: 0 ...
[2026-09-09 14:08:55] [just for you] 📡 Memantau Blok: 51,074,193 | Total sell: 0 ...
[2026-09-09 14:08:56] [MIO] 📡 Memantau Blok: 51,074,194 | Total sell: 0 .. 
[2026-09-09 14:08:56] [PIPEDOG] 📡 Memantau Blok: 51,074,194 | Total sell: 0 .. 
[2026-09-09 14:08:57] [just for you] 📡 Memantau Blok: 51,074,194 | Total sell: 0 .  
[2026-09-09 14:08:57] [BCOP] 📡 Memantau Blok: 51,074,194 | Total sell: 0 .  
[2026-09-09 14:08:57] [MIO] 📡 Memantau Blok: 51,074,194 | Total sell: 0 ...
[2026-09-09 14:08:58] [PIPEDOG] 📡 Memantau Blok: 51,074,195 | Total sell: 0 ...
[2026-09-09 14:08:58] [just for you] 📡 Memantau Blok: 51,074,195 | Total sell: 0 .. 
[2026-09-09 14:08:58] [BCOP] 📡 Memantau Blok: 51,074,195 | Total sell: 0 .. 
[2026-09-09 14:08:59] [MIO] 📡 Memantau Blok: 51,074,195 | Total sell: 0 .  
[2026-09-09 14:08:59] [PIPEDOG] 📡 Memantau Blok: 51,074,195 | Total sell: 0 .  
[2026-09-09 14:09:00] [just for you] 📡 Memantau Blok: 51,074,196 | Total sell: 0 ...
[2026-09-09 14:09:00] [BCOP] 📡 Memantau Blok: 51,074,196 | Total sell: 0 ...
[2026-09-09 14:09:00] [MIO] 📡 Memantau Blok: 51,074,196 | Total sell: 0 .. 
[2026-09-09 14:09:01] [PIPEDOG] 📡 Memantau Blok: 51,074,196 | Total sell: 0 .. 
[2026-09-09 14:09:01] [just for you] 📡 Memantau Blok: 51,074,197 | Total sell: 0 .  
[2026-09-09 14:09:02] [BCOP] 📡 Memantau Blok: 51,074,197 | Total sell: 0 .  
[2026-09-09 14:09:02] [MIO] 📡 Memantau Blok: 51,074,197 | Total sell: 0 ...
[2026-09-09 14:09:02] [PIPEDOG] 📡 Memantau Blok: 51,074,197 | Total sell: 0 ...
[2026-09-09 14:09:03] [just for you] 📡 Memantau Blok: 51,074,197 | Total sell: 0 .. 
[2026-09-09 14:09:03] [BCOP] 📡 Memantau Blok: 51,074,197 | Total sell: 0 .. 
[2026-09-09 14:09:04] [MIO] 📡 Memantau Blok: 51,074,198 | Total sell: 0 .  
[2026-09-09 14:09:04] [PIPEDOG] 📡 Memantau Blok: 51,074,198 | Total sell: 0 .  
[2026-09-09 14:09:04] [BCOP] 📡 Memantau Blok: 51,074,198 | Total sell: 0 ...
[2026-09-09 14:09:04] [just for you] 📡 Memantau Blok: 51,074,198 | Total sell: 0 ...
[2026-09-09 14:09:05] [MIO] 📡 Memantau Blok: 51,074,198 | Total sell: 0 .. 
[2026-09-09 14:09:05] [PIPEDOG] 📡 Memantau Blok: 51,074,198 | Total sell: 0 .. 
[2026-09-09 14:09:06] [just for you] 📡 Memantau Blok: 51,074,199 | Total sell: 0 .  
[2026-09-09 14:09:06] [BCOP] 📡 Memantau Blok: 51,074,199 | Total sell: 0 .  
[2026-09-09 14:09:06] [MIO] 📡 Memantau Blok: 51,074,199 | Total sell: 0 ...
[2026-09-09 14:09:07] [PIPEDOG] 📡 Memantau Blok: 51,074,199 | Total sell: 0 ...
[2026-09-09 14:09:08] [BCOP] 📡 Memantau Blok: 51,074,200 | Total sell: 0 .. 
[2026-09-09 14:09:08] [just for you] 📡 Memantau Blok: 51,074,200 | Total sell: 0 .. 
[2026-09-09 14:09:08] [MIO] 📡 Memantau Blok: 51,074,200 | Total sell: 0 .  
[2026-09-09 14:09:08] [PIPEDOG] 📡 Memantau Blok: 51,074,200 | Total sell: 0 .  
[2026-09-09 14:09:09] [BCOP] 📡 Memantau Blok: 51,074,200 | Total sell: 0 ...
[2026-09-09 14:09:09] [just for you] 📡 Memantau Blok: 51,074,200 | Total sell: 0 ...
[2026-09-09 14:09:10] [MIO] 📡 Memantau Blok: 51,074,201 | Total sell: 0 .. 
[2026-09-09 14:09:10] [PIPEDOG] 📡 Memantau Blok: 51,074,201 | Total sell: 0 .. 
[2026-09-09 14:09:11] [BCOP] 📡 Memantau Blok: 51,074,201 | Total sell: 0 .  
[2026-09-09 14:09:11] [just for you] 📡 Memantau Blok: 51,074,201 | Total sell: 0 .  
[2026-09-09 14:09:11] [MIO] 📡 Memantau Blok: 51,074,201 | Total sell: 0 ...
[2026-09-09 14:09:11] [PIPEDOG] 📡 Memantau Blok: 51,074,202 | Total sell: 0 ...
[2026-09-09 14:09:12] [BCOP] 📡 Memantau Blok: 51,074,202 | Total sell: 0 .. 
[2026-09-09 14:09:12] [just for you] 📡 Memantau Blok: 51,074,202 | Total sell: 0 .. 
[2026-09-09 14:09:12] [MIO] 📡 Memantau Blok: 51,074,202 | Total sell: 0 .  
[2026-09-09 14:09:13] [PIPEDOG] 📡 Memantau Blok: 51,074,202 | Total sell: 0 .  
[2026-09-09 14:09:14] [just for you] 📡 Memantau Blok: 51,074,203 | Total sell: 0 ...
[2026-09-09 14:09:14] [BCOP] 📡 Memantau Blok: 51,074,203 | Total sell: 0 ...
[2026-09-09 14:09:14] [MIO] 📡 Memantau Blok: 51,074,203 | Total sell: 0 .. 
[2026-09-09 14:09:14] [PIPEDOG] 📡 Memantau Blok: 51,074,203 | Total sell: 0 .. 
[2026-09-09 14:09:15] [just for you] 📡 Memantau Blok: 51,074,203 | Total sell: 0 .  
[2026-09-09 14:09:15] [BCOP] 📡 Memantau Blok: 51,074,203 | Total sell: 0 .  
[2026-09-09 14:09:16] [MIO] 📡 Memantau Blok: 51,074,204 | Total sell: 0 ...
[2026-09-09 14:09:16] [PIPEDOG] 📡 Memantau Blok: 51,074,204 | Total sell: 0 ...
[2026-09-09 14:09:17] [just for you] 📡 Memantau Blok: 51,074,204 | Total sell: 0 .. 
[2026-09-09 14:09:17] [BCOP] 📡 Memantau Blok: 51,074,204 | Total sell: 0 .. 
[2026-09-09 14:09:17] [MIO] 📡 Memantau Blok: 51,074,204 | Total sell: 0 .  
[2026-09-09 14:09:18] [PIPEDOG] 📡 Memantau Blok: 51,074,205 | Total sell: 0 .  
[2026-09-09 14:09:18] [just for you] 📡 Memantau Blok: 51,074,205 | Total sell: 0 ...
[2026-09-09 14:09:18] [BCOP] 📡 Memantau Blok: 51,074,205 | Total sell: 0 ...
[2026-09-09 14:09:19] [MIO] 📡 Memantau Blok: 51,074,205 | Total sell: 0 .. 
[2026-09-09 14:09:19] [PIPEDOG] 📡 Memantau Blok: 51,074,205 | Total sell: 0 .. 
[2026-09-09 14:09:20] [BCOP] 📡 Memantau Blok: 51,074,206 | Total sell: 0 .  
[2026-09-09 14:09:20] [just for you] 📡 Memantau Blok: 51,074,206 | Total sell: 0 .  
[2026-09-09 14:09:20] [MIO] 📡 Memantau Blok: 51,074,206 | Total sell: 0 ...
[2026-09-09 14:09:20] [PIPEDOG] 📡 Memantau Blok: 51,074,206 | Total sell: 0 ...
[2026-09-09 14:09:21] [BCOP] 📡 Memantau Blok: 51,074,206 | Total sell: 0 .. 
[2026-09-09 14:09:21] [just for you] 📡 Memantau Blok: 51,074,206 | Total sell: 0 .. 
[2026-09-09 14:09:22] [MIO] 📡 Memantau Blok: 51,074,207 | Total sell: 0 .  
[2026-09-09 14:09:22] [PIPEDOG] 📡 Memantau Blok: 51,074,207 | Total sell: 0 .  
[2026-09-09 14:09:23] [BCOP] 📡 Memantau Blok: 51,074,207 | Total sell: 0 ...
[2026-09-09 14:09:23] [just for you] 📡 Memantau Blok: 51,074,207 | Total sell: 0 ...
[2026-09-09 14:09:23] [MIO] 📡 Memantau Blok: 51,074,207 | Total sell: 0 .. 
[2026-09-09 14:09:24] [PIPEDOG] 📡 Memantau Blok: 51,074,208 | Total sell: 0 .. 
[2026-09-09 14:09:24] [BCOP] 📡 Memantau Blok: 51,074,208 | Total sell: 0 .  
[2026-09-09 14:09:24] [just for you] 📡 Memantau Blok: 51,074,208 | Total sell: 0 .  
[2026-09-09 14:09:25] [MIO] 📡 Memantau Blok: 51,074,208 | Total sell: 0 ...
[2026-09-09 14:09:25] [PIPEDOG] 📡 Memantau Blok: 51,074,208 | Total sell: 0 ...
[2026-09-09 14:09:26] [BCOP] 📡 Memantau Blok: 51,074,209 | Total sell: 0 .. 
[2026-09-09 14:09:26] [just for you] 📡 Memantau Blok: 51,074,209 | Total sell: 0 .. 
[2026-09-09 14:09:26] [MIO] 📡 Memantau Blok: 51,074,209 | Total sell: 0 .  
[2026-09-09 14:09:26] [PIPEDOG] 📡 Memantau Blok: 51,074,209 | Total sell: 0 .  
[2026-09-09 14:09:27] [BCOP] 📡 Memantau Blok: 51,074,209 | Total sell: 0 ...
[2026-09-09 14:09:28] [just for you] 📡 Memantau Blok: 51,074,210 | Total sell: 0 ...
[2026-09-09 14:09:28] [MIO] 📡 Memantau Blok: 51,074,210 | Total sell: 0 .. 
[2026-09-09 14:09:28] [PIPEDOG] 📡 Memantau Blok: 51,074,210 | Total sell: 0 .. 
[2026-09-09 14:09:29] [BCOP] 📡 Memantau Blok: 51,074,210 | Total sell: 0 .  
[2026-09-09 14:09:29] [just for you] 📡 Memantau Blok: 51,074,210 | Total sell: 0 .  
[2026-09-09 14:09:29] [MIO] 📡 Memantau Blok: 51,074,210 | Total sell: 0 ...
[2026-09-09 14:09:30] [PIPEDOG] 📡 Memantau Blok: 51,074,211 | Total sell: 0 ...
[2026-09-09 14:09:30] [BCOP] 📡 Memantau Blok: 51,074,211 | Total sell: 0 .. 
[2026-09-09 14:09:30] [just for you] 📡 Memantau Blok: 51,074,211 | Total sell: 0 .. 
[2026-09-09 14:09:31] [MIO] 📡 Memantau Blok: 51,074,211 | Total sell: 0 .  
[2026-09-09 14:09:31] [PIPEDOG] 📡 Memantau Blok: 51,074,211 | Total sell: 0 .  
[2026-09-09 14:09:32] [BCOP] 📡 Memantau Blok: 51,074,212 | Total sell: 0 ...
[2026-09-09 14:09:32] [just for you] 📡 Memantau Blok: 51,074,212 | Total sell: 0 ...
[2026-09-09 14:09:32] [MIO] 📡 Memantau Blok: 51,074,212 | Total sell: 0 .. 
[2026-09-09 14:09:33] [PIPEDOG] 📡 Memantau Blok: 51,074,212 | Total sell: 0 .. 
[2026-09-09 14:09:34] [BCOP] 📡 Memantau Blok: 51,074,213 | Total sell: 0 .  
[2026-09-09 14:09:34] [just for you] 📡 Memantau Blok: 51,074,213 | Total sell: 0 .  
[2026-09-09 14:09:34] [MIO] 📡 Memantau Blok: 51,074,213 | Total sell: 0 ...
[2026-09-09 14:09:34] [PIPEDOG] 📡 Memantau Blok: 51,074,213 | Total sell: 0 ...
[2026-09-09 14:09:35] [BCOP] 📡 Memantau Blok: 51,074,213 | Total sell: 0 .. 
[2026-09-09 14:09:35] [just for you] 📡 Memantau Blok: 51,074,213 | Total sell: 0 .. 
[2026-09-09 14:09:36] [MIO] 📡 Memantau Blok: 51,074,214 | Total sell: 0 .  
[2026-09-09 14:09:36] [PIPEDOG] 📡 Memantau Blok: 51,074,214 | Total sell: 0 .  
[2026-09-09 14:09:36] [BCOP] 📡 Memantau Blok: 51,074,214 | Total sell: 0 ...
[2026-09-09 14:09:37] [just for you] 📡 Memantau Blok: 51,074,214 | Total sell: 0 ...
[2026-09-09 14:09:37] [MIO] 📡 Memantau Blok: 51,074,214 | Total sell: 0 .. 
[2026-09-09 14:09:37] [PIPEDOG] 📡 Memantau Blok: 51,074,214 | Total sell: 0 .. 
[2026-09-09 14:09:38] [BCOP] 📡 Memantau Blok: 51,074,215 | Total sell: 0 .  
[2026-09-09 14:09:38] [just for you] 📡 Memantau Blok: 51,074,215 | Total sell: 0 .  
[2026-09-09 14:09:38] [MIO] 📡 Memantau Blok: 51,074,215 | Total sell: 0 ...
[2026-09-09 14:09:39] [PIPEDOG] 📡 Memantau Blok: 51,074,215 | Total sell: 0 ...
[2026-09-09 14:09:40] [BCOP] 📡 Memantau Blok: 51,074,216 | Total sell: 0 .. 
[2026-09-09 14:09:40] [just for you] 📡 Memantau Blok: 51,074,216 | Total sell: 0 .. 
[2026-09-09 14:09:40] [MIO] 📡 Memantau Blok: 51,074,216 | Total sell: 0 .  
[2026-09-09 14:09:40] [PIPEDOG] 📡 Memantau Blok: 51,074,216 | Total sell: 0 .  
[2026-09-09 14:09:41] [BCOP] 📡 Memantau Blok: 51,074,216 | Total sell: 0 ...
[2026-09-09 14:09:41] [just for you] 📡 Memantau Blok: 51,074,216 | Total sell: 0 ...
[2026-09-09 14:09:42] [MIO] 📡 Memantau Blok: 51,074,217 | Total sell: 0 .. 
[2026-09-09 14:09:42] [PIPEDOG] 📡 Memantau Blok: 51,074,217 | Total sell: 0 .. 
[2026-09-09 14:09:43] [BCOP] 📡 Memantau Blok: 51,074,217 | Total sell: 0 .  
[2026-09-09 14:09:43] [just for you] 📡 Memantau Blok: 51,074,217 | Total sell: 0 .  
[2026-09-09 14:09:43] [MIO] 📡 Memantau Blok: 51,074,217 | Total sell: 0 ...
[2026-09-09 14:09:43] [PIPEDOG] 📡 Memantau Blok: 51,074,218 | Total sell: 0 ...
[2026-09-09 14:09:44] [BCOP] 📡 Memantau Blok: 51,074,218 | Total sell: 0 .. 
[2026-09-09 14:09:44] [just for you] 📡 Memantau Blok: 51,074,218 | Total sell: 0 .. 
[2026-09-09 14:09:45] [MIO] 📡 Memantau Blok: 51,074,218 | Total sell: 0 .  
[2026-09-09 14:09:45] [PIPEDOG] 📡 Memantau Blok: 51,074,218 | Total sell: 0 .  
[2026-09-09 14:09:46] [BCOP] 📡 Memantau Blok: 51,074,219 | Total sell: 0 ...
[2026-09-09 14:09:46] [just for you] 📡 Memantau Blok: 51,074,219 | Total sell: 0 ...
[2026-09-09 14:09:46] [MIO] 📡 Memantau Blok: 51,074,219 | Total sell: 0 .. 
[2026-09-09 14:09:46] [PIPEDOG] 📡 Memantau Blok: 51,074,219 | Total sell: 0 .. 
[2026-09-09 14:09:47] [BCOP] 📡 Memantau Blok: 51,074,219 | Total sell: 0 .  
[2026-09-09 14:09:47] [just for you] 📡 Memantau Blok: 51,074,220 | Total sell: 0 .  
[2026-09-09 14:09:48] [MIO] 📡 Memantau Blok: 51,074,220 | Total sell: 0 ...
[2026-09-09 14:09:48] [PIPEDOG] 📡 Memantau Blok: 51,074,220 | Total sell: 0 ...
[2026-09-09 14:09:49] [BCOP] 📡 Memantau Blok: 51,074,220 | Total sell: 0 .. 
[2026-09-09 14:09:49] [just for you] 📡 Memantau Blok: 51,074,220 | Total sell: 0 .. 
[2026-09-09 14:09:49] [MIO] 📡 Memantau Blok: 51,074,221 | Total sell: 0 .  
[2026-09-09 14:09:50] [PIPEDOG] 📡 Memantau Blok: 51,074,221 | Total sell: 0 .  
[2026-09-09 14:09:50] [BCOP] 📡 Memantau Blok: 51,074,221 | Total sell: 0 ...
[2026-09-09 14:09:50] [just for you] 📡 Memantau Blok: 51,074,221 | Total sell: 0 ...
[2026-09-09 14:09:51] [MIO] 📡 Memantau Blok: 51,074,221 | Total sell: 0 .. 
[2026-09-09 14:09:51] [PIPEDOG] 📡 Memantau Blok: 51,074,221 | Total sell: 0 .. 
[2026-09-09 14:09:52] [BCOP] 📡 Memantau Blok: 51,074,222 | Total sell: 0 .  
[2026-09-09 14:09:52] [just for you] 📡 Memantau Blok: 51,074,222 | Total sell: 0 .  
[2026-09-09 14:09:52] [MIO] 📡 Memantau Blok: 51,074,222 | Total sell: 0 ...
[2026-09-09 14:09:53] [PIPEDOG] 📡 Memantau Blok: 51,074,222 | Total sell: 0 ...
[2026-09-09 14:09:54] [BCOP] 📡 Memantau Blok: 51,074,223 | Total sell: 0 .. 
[2026-09-09 14:09:54] [just for you] 📡 Memantau Blok: 51,074,223 | Total sell: 0 .. 
[2026-09-09 14:09:54] [MIO] 📡 Memantau Blok: 51,074,223 | Total sell: 0 .  
[2026-09-09 14:09:54] [PIPEDOG] 📡 Memantau Blok: 51,074,223 | Total sell: 0 .  
[2026-09-09 14:09:55] [BCOP] 📡 Memantau Blok: 51,074,223 | Total sell: 0 ...
[2026-09-09 14:09:55] [just for you] 📡 Memantau Blok: 51,074,223 | Total sell: 0 ...
[2026-09-09 14:09:56] [MIO] 📡 Memantau Blok: 51,074,224 | Total sell: 0 .. 
[2026-09-09 14:09:56] [PIPEDOG] 📡 Memantau Blok: 51,074,224 | Total sell: 0 .. 
[2026-09-09 14:09:56] [BCOP] 📡 Memantau Blok: 51,074,224 | Total sell: 0 .  
[2026-09-09 14:09:57] [just for you] 📡 Memantau Blok: 51,074,224 | Total sell: 0 .  
[2026-09-09 14:09:57] [MIO] 📡 Memantau Blok: 51,074,224 | Total sell: 0 ...
[2026-09-09 14:09:57] [PIPEDOG] 📡 Memantau Blok: 51,074,224 | Total sell: 0 ...
[2026-09-09 14:09:58] [BCOP] 📡 Memantau Blok: 51,074,225 | Total sell: 0 .. 
[2026-09-09 14:09:58] [just for you] 📡 Memantau Blok: 51,074,225 | Total sell: 0 .. 
[2026-09-09 14:09:58] [MIO] 📡 Memantau Blok: 51,074,225 | Total sell: 0 .  
[2026-09-09 14:09:59] [PIPEDOG] 📡 Memantau Blok: 51,074,225 | Total sell: 0 .  
[2026-09-09 14:10:00] [BCOP] 📡 Memantau Blok: 51,074,226 | Total sell: 0 ...
[2026-09-09 14:10:00] [just for you] 📡 Memantau Blok: 51,074,226 | Total sell: 0 ...
[2026-09-09 14:10:00] [MIO] 📡 Memantau Blok: 51,074,226 | Total sell: 0 .. 
[2026-09-09 14:10:00] [PIPEDOG] 📡 Memantau Blok: 51,074,226 | Total sell: 0 .. 
[2026-09-09 14:10:01] [BCOP] 📡 Memantau Blok: 51,074,226 | Total sell: 0 .  
[2026-09-09 14:10:01] [just for you] 📡 Memantau Blok: 51,074,226 | Total sell: 0 .  
[2026-09-09 14:10:02] [MIO] 📡 Memantau Blok: 51,074,227 | Total sell: 0 ...
[2026-09-09 14:10:02] [PIPEDOG] 📡 Memantau Blok: 51,074,227 | Total sell: 0 ...
[2026-09-09 14:10:02] [BCOP] 📡 Memantau Blok: 51,074,227 | Total sell: 0 .. 
[2026-09-09 14:10:03] [just for you] 📡 Memantau Blok: 51,074,227 | Total sell: 0 .. 
[2026-09-09 14:10:03] [MIO] 📡 Memantau Blok: 51,074,227 | Total sell: 0 .  
[2026-09-09 14:10:04] [PIPEDOG] 📡 Memantau Blok: 51,074,228 | Total sell: 0 .  
[2026-09-09 14:10:04] [BCOP] 📡 Memantau Blok: 51,074,228 | Total sell: 0 ...
[2026-09-09 14:10:04] [just for you] 📡 Memantau Blok: 51,074,228 | Total sell: 0 ...
[2026-09-09 14:10:05] [MIO] 📡 Memantau Blok: 51,074,228 | Total sell: 0 .. 
[2026-09-09 14:10:05] [PIPEDOG] 📡 Memantau Blok: 51,074,228 | Total sell: 0 .. 
[2026-09-09 14:10:06] [BCOP] 📡 Memantau Blok: 51,074,229 | Total sell: 0 .  
[2026-09-09 14:10:06] [just for you] 📡 Memantau Blok: 51,074,229 | Total sell: 0 .  
[2026-09-09 14:10:06] [MIO] 📡 Memantau Blok: 51,074,229 | Total sell: 0 ...
[2026-09-09 14:10:06] [PIPEDOG] 📡 Memantau Blok: 51,074,229 | Total sell: 0 ...
[2026-09-09 14:10:07] [BCOP] 📡 Memantau Blok: 51,074,229 | Total sell: 0 .. 
[2026-09-09 14:10:08] [just for you] 📡 Memantau Blok: 51,074,230 | Total sell: 0 .. 
[2026-09-09 14:10:08] [MIO] 📡 Memantau Blok: 51,074,230 | Total sell: 0 .  
[2026-09-09 14:10:08] [PIPEDOG] 📡 Memantau Blok: 51,074,230 | Total sell: 0 .  
[2026-09-09 14:10:09] [BCOP] 📡 Memantau Blok: 51,074,230 | Total sell: 0 ...
[2026-09-09 14:10:09] [just for you] 📡 Memantau Blok: 51,074,230 | Total sell: 0 ...
[2026-09-09 14:10:09] [MIO] 📡 Memantau Blok: 51,074,230 | Total sell: 0 .. 
[2026-09-09 14:10:10] [PIPEDOG] 📡 Memantau Blok: 51,074,231 | Total sell: 0 .. 
[2026-09-09 14:10:10] [BCOP] 📡 Memantau Blok: 51,074,231 | Total sell: 0 .  
[2026-09-09 14:10:10] [just for you] 📡 Memantau Blok: 51,074,231 | Total sell: 0 .  
[2026-09-09 14:10:11] [MIO] 📡 Memantau Blok: 51,074,231 | Total sell: 0 ...
[2026-09-09 14:10:11] [PIPEDOG] 📡 Memantau Blok: 51,074,231 | Total sell: 0 ...
[2026-09-09 14:10:12] [BCOP] 📡 Memantau Blok: 51,074,232 | Total sell: 0 .. 
[2026-09-09 14:10:12] [just for you] 📡 Memantau Blok: 51,074,232 | Total sell: 0 .. 
[2026-09-09 14:10:12] [MIO] 📡 Memantau Blok: 51,074,232 | Total sell: 0 .  
[2026-09-09 14:10:13] [PIPEDOG] 📡 Memantau Blok: 51,074,232 | Total sell: 0 .  
[2026-09-09 14:10:14] [BCOP] 📡 Memantau Blok: 51,074,233 | Total sell: 0 ...
[2026-09-09 14:10:14] [just for you] 📡 Memantau Blok: 51,074,233 | Total sell: 0 ...
[2026-09-09 14:10:14] [MIO] 📡 Memantau Blok: 51,074,233 | Total sell: 0 .. 
[2026-09-09 14:10:14] [PIPEDOG] 📡 Memantau Blok: 51,074,233 | Total sell: 0 .. 
[2026-09-09 14:10:15] [BCOP] 📡 Memantau Blok: 51,074,233 | Total sell: 0 .  
[2026-09-09 14:10:15] [just for you] 📡 Memantau Blok: 51,074,233 | Total sell: 0 .  
[2026-09-09 14:10:16] [MIO] 📡 Memantau Blok: 51,074,234 | Total sell: 0 ...
[2026-09-09 14:10:16] [PIPEDOG] 📡 Memantau Blok: 51,074,234 | Total sell: 0 ...
[2026-09-09 14:10:16] [BCOP] 📡 Memantau Blok: 51,074,234 | Total sell: 0 .. 
[2026-09-09 14:10:17] [just for you] 📡 Memantau Blok: 51,074,234 | Total sell: 0 .. 
[2026-09-09 14:10:17] [MIO] 📡 Memantau Blok: 51,074,234 | Total sell: 0 .  
[2026-09-09 14:10:17] [PIPEDOG] 📡 Memantau Blok: 51,074,234 | Total sell: 0 .  
[2026-09-09 14:10:18] [BCOP] 📡 Memantau Blok: 51,074,235 | Total sell: 0 ...
[2026-09-09 14:10:18] [just for you] 📡 Memantau Blok: 51,074,235 | Total sell: 0 ...
[2026-09-09 14:10:18] [MIO] 📡 Memantau Blok: 51,074,235 | Total sell: 0 .. 
[2026-09-09 14:10:19] [PIPEDOG] 📡 Memantau Blok: 51,074,235 | Total sell: 0 .. 
[2026-09-09 14:10:20] [BCOP] 📡 Memantau Blok: 51,074,236 | Total sell: 0 .  
[2026-09-09 14:10:20] [just for you] 📡 Memantau Blok: 51,074,236 | Total sell: 0 .  
[2026-09-09 14:10:20] [MIO] 📡 Memantau Blok: 51,074,236 | Total sell: 0 ...
[2026-09-09 14:10:20] [PIPEDOG] 📡 Memantau Blok: 51,074,236 | Total sell: 0 ...
[2026-09-09 14:10:21] [BCOP] 📡 Memantau Blok: 51,074,236 | Total sell: 0 .. 
[2026-09-09 14:10:21] [just for you] 📡 Memantau Blok: 51,074,236 | Total sell: 0 .. 
[2026-09-09 14:10:22] [MIO] 📡 Memantau Blok: 51,074,237 | Total sell: 0 .  
[2026-09-09 14:10:22] [PIPEDOG] 📡 Memantau Blok: 51,074,237 | Total sell: 0 .  
[2026-09-09 14:10:23] [BCOP] 📡 Memantau Blok: 51,074,237 | Total sell: 0 ...
[2026-09-09 14:10:23] [just for you] 📡 Memantau Blok: 51,074,237 | Total sell: 0 ...
[2026-09-09 14:10:23] [MIO] 📡 Memantau Blok: 51,074,237 | Total sell: 0 .. 
[2026-09-09 14:10:24] [PIPEDOG] 📡 Memantau Blok: 51,074,238 | Total sell: 0 .. 
[2026-09-09 14:10:24] [BCOP] 📡 Memantau Blok: 51,074,238 | Total sell: 0 .  
[2026-09-09 14:10:24] [just for you] 📡 Memantau Blok: 51,074,238 | Total sell: 0 .  
[2026-09-09 14:10:25] [MIO] 📡 Memantau Blok: 51,074,238 | Total sell: 0 ...
[2026-09-09 14:10:25] [PIPEDOG] 📡 Memantau Blok: 51,074,238 | Total sell: 0 ...
[2026-09-09 14:10:26] [BCOP] 📡 Memantau Blok: 51,074,239 | Total sell: 0 .. 
[2026-09-09 14:10:26] [just for you] 📡 Memantau Blok: 51,074,239 | Total sell: 0 .. 
[2026-09-09 14:10:26] [MIO] 📡 Memantau Blok: 51,074,239 | Total sell: 0 .  
[2026-09-09 14:10:27] [PIPEDOG] 📡 Memantau Blok: 51,074,239 | Total sell: 0 .  
[2026-09-09 14:10:27] [BCOP] 📡 Memantau Blok: 51,074,239 | Total sell: 0 ...
[2026-09-09 14:10:28] [just for you] 📡 Memantau Blok: 51,074,240 | Total sell: 0 ...
[2026-09-09 14:10:28] [MIO] 📡 Memantau Blok: 51,074,240 | Total sell: 0 .. 
[2026-09-09 14:10:28] [PIPEDOG] 📡 Memantau Blok: 51,074,240 | Total sell: 0 .. 
[2026-09-09 14:10:29] [BCOP] 📡 Memantau Blok: 51,074,240 | Total sell: 0 .  
[2026-09-09 14:10:29] [just for you] 📡 Memantau Blok: 51,074,240 | Total sell: 0 .  
[2026-09-09 14:10:29] [MIO] 📡 Memantau Blok: 51,074,240 | Total sell: 0 ...
[2026-09-09 14:10:30] [PIPEDOG] 📡 Memantau Blok: 51,074,241 | Total sell: 0 ...
[2026-09-09 14:10:30] [BCOP] 📡 Memantau Blok: 51,074,241 | Total sell: 0 .. 
[2026-09-09 14:10:31] [MIO] 📡 Memantau Blok: 51,074,241 | Total sell: 0 .  
[2026-09-09 14:10:31] [just for you] 📡 Memantau Blok: 51,074,241 | Total sell: 0 .. 
[2026-09-09 14:10:31] [PIPEDOG] 📡 Memantau Blok: 51,074,241 | Total sell: 0 .  
[2026-09-09 14:10:32] [BCOP] 📡 Memantau Blok: 51,074,242 | Total sell: 0 ...
[2026-09-09 14:10:32] [just for you] 📡 Memantau Blok: 51,074,242 | Total sell: 0 ...
[2026-09-09 14:10:33] [MIO] 📡 Memantau Blok: 51,074,242 | Total sell: 0 .. 
[2026-09-09 14:10:33] [PIPEDOG] 📡 Memantau Blok: 51,074,242 | Total sell: 0 .. 
[2026-09-09 14:10:34] [BCOP] 📡 Memantau Blok: 51,074,243 | Total sell: 0 .  
[2026-09-09 14:10:34] [just for you] 📡 Memantau Blok: 51,074,243 | Total sell: 0 .  
[2026-09-09 14:10:34] [MIO] 📡 Memantau Blok: 51,074,243 | Total sell: 0 ...
[2026-09-09 14:10:34] [PIPEDOG] 📡 Memantau Blok: 51,074,243 | Total sell: 0 ...
[2026-09-09 14:10:35] [BCOP] 📡 Memantau Blok: 51,074,243 | Total sell: 0 .. 
[2026-09-09 14:10:36] [just for you] 📡 Memantau Blok: 51,074,244 | Total sell: 0 .. 
[2026-09-09 14:10:36] [MIO] 📡 Memantau Blok: 51,074,244 | Total sell: 0 .  
[2026-09-09 14:10:36] [PIPEDOG] 📡 Memantau Blok: 51,074,244 | Total sell: 0 .  
[2026-09-09 14:10:36] [BCOP] 📡 Memantau Blok: 51,074,244 | Total sell: 0 ...
[2026-09-09 14:10:37] [just for you] 📡 Memantau Blok: 51,074,244 | Total sell: 0 ...
[2026-09-09 14:10:37] [MIO] 📡 Memantau Blok: 51,074,244 | Total sell: 0 .. 
[2026-09-09 14:10:37] [PIPEDOG] 📡 Memantau Blok: 51,074,244 | Total sell: 0 .. 
[2026-09-09 14:10:38] [BCOP] 📡 Memantau Blok: 51,074,245 | Total sell: 0 .  
[2026-09-09 14:10:38] [just for you] 📡 Memantau Blok: 51,074,245 | Total sell: 0 .  
[2026-09-09 14:10:39] [MIO] 📡 Memantau Blok: 51,074,245 | Total sell: 0 ...
[2026-09-09 14:10:39] [PIPEDOG] 📡 Memantau Blok: 51,074,245 | Total sell: 0 ...
[2026-09-09 14:10:40] [BCOP] 📡 Memantau Blok: 51,074,246 | Total sell: 0 .. 
[2026-09-09 14:10:40] [just for you] 📡 Memantau Blok: 51,074,246 | Total sell: 0 .. 
[2026-09-09 14:10:40] [MIO] 📡 Memantau Blok: 51,074,246 | Total sell: 0 .  
[2026-09-09 14:10:40] [PIPEDOG] 📡 Memantau Blok: 51,074,246 | Total sell: 0 .  
[2026-09-09 14:10:41] [BCOP] 📡 Memantau Blok: 51,074,246 | Total sell: 0 ...
[2026-09-09 14:10:42] [just for you] 📡 Memantau Blok: 51,074,247 | Total sell: 0 ...
[2026-09-09 14:10:42] [MIO] 📡 Memantau Blok: 51,074,247 | Total sell: 0 .. 
[2026-09-09 14:10:42] [PIPEDOG] 📡 Memantau Blok: 51,074,247 | Total sell: 0 .. 
[2026-09-09 14:10:43] [BCOP] 📡 Memantau Blok: 51,074,247 | Total sell: 0 .  
[2026-09-09 14:10:43] [just for you] 📡 Memantau Blok: 51,074,247 | Total sell: 0 .  
[2026-09-09 14:10:43] [MIO] 📡 Memantau Blok: 51,074,247 | Total sell: 0 ...
[2026-09-09 14:10:44] [PIPEDOG] 📡 Memantau Blok: 51,074,248 | Total sell: 0 ...
[2026-09-09 14:10:44] [BCOP] 📡 Memantau Blok: 51,074,248 | Total sell: 0 .. 
[2026-09-09 14:10:44] [just for you] 📡 Memantau Blok: 51,074,248 | Total sell: 0 .. 
[2026-09-09 14:10:45] [MIO] 📡 Memantau Blok: 51,074,248 | Total sell: 0 .  
[2026-09-09 14:10:45] [PIPEDOG] 📡 Memantau Blok: 51,074,248 | Total sell: 0 .  
[2026-09-09 14:10:46] [BCOP] 📡 Memantau Blok: 51,074,249 | Total sell: 0 ...
[2026-09-09 14:10:46] [just for you] 📡 Memantau Blok: 51,074,249 | Total sell: 0 ...
[2026-09-09 14:10:46] [MIO] 📡 Memantau Blok: 51,074,249 | Total sell: 0 .. 
[2026-09-09 14:10:46] [PIPEDOG] 📡 Memantau Blok: 51,074,249 | Total sell: 0 .. 
[2026-09-09 14:10:47] [BCOP] 📡 Memantau Blok: 51,074,249 | Total sell: 0 .  
[2026-09-09 14:10:48] [just for you] 📡 Memantau Blok: 51,074,250 | Total sell: 0 .  
[2026-09-09 14:10:48] [MIO] 📡 Memantau Blok: 51,074,250 | Total sell: 0 ...
[2026-09-09 14:10:48] [PIPEDOG] 📡 Memantau Blok: 51,074,250 | Total sell: 0 ...
[2026-09-09 14:10:49] [BCOP] 📡 Memantau Blok: 51,074,250 | Total sell: 0 .. 
[2026-09-09 14:10:49] [just for you] 📡 Memantau Blok: 51,074,250 | Total sell: 0 .. 
[2026-09-09 14:10:50] [MIO] 📡 Memantau Blok: 51,074,251 | Total sell: 0 .  
[2026-09-09 14:10:50] [PIPEDOG] 📡 Memantau Blok: 51,074,251 | Total sell: 0 .  
[2026-09-09 14:10:50] [BCOP] 📡 Memantau Blok: 51,074,251 | Total sell: 0 ...
[2026-09-09 14:10:51] [just for you] 📡 Memantau Blok: 51,074,251 | Total sell: 0 ...
[2026-09-09 14:10:51] [MIO] 📡 Memantau Blok: 51,074,251 | Total sell: 0 .. 
[2026-09-09 14:10:51] [PIPEDOG] 📡 Memantau Blok: 51,074,251 | Total sell: 0 .. 
[2026-09-09 14:10:52] [BCOP] 📡 Memantau Blok: 51,074,252 | Total sell: 0 .  
[2026-09-09 14:10:52] [just for you] 📡 Memantau Blok: 51,074,252 | Total sell: 0 .  
[2026-09-09 14:10:53] [MIO] 📡 Memantau Blok: 51,074,252 | Total sell: 0 ...
[2026-09-09 14:10:53] [PIPEDOG] 📡 Memantau Blok: 51,074,252 | Total sell: 0 ...
[2026-09-09 14:10:54] [BCOP] 📡 Memantau Blok: 51,074,253 | Total sell: 0 .. 
[2026-09-09 14:10:54] [just for you] 📡 Memantau Blok: 51,074,253 | Total sell: 0 .. 
[2026-09-09 14:10:54] [MIO] 📡 Memantau Blok: 51,074,253 | Total sell: 0 .  
[2026-09-09 14:10:54] [PIPEDOG] 📡 Memantau Blok: 51,074,253 | Total sell: 0 .  
[2026-09-09 14:10:55] [BCOP] 📡 Memantau Blok: 51,074,253 | Total sell: 0 ...
[2026-09-09 14:10:55] [just for you] 📡 Memantau Blok: 51,074,253 | Total sell: 0 ...
[2026-09-09 14:10:56] [MIO] 📡 Memantau Blok: 51,074,254 | Total sell: 0 .. 
[2026-09-09 14:10:56] [PIPEDOG] 📡 Memantau Blok: 51,074,254 | Total sell: 0 .. 
[2026-09-09 14:10:56] [BCOP] 📡 Memantau Blok: 51,074,254 | Total sell: 0 .  
[2026-09-09 14:10:57] [just for you] 📡 Memantau Blok: 51,074,254 | Total sell: 0 .  
[2026-09-09 14:10:57] [PIPEDOG] 📡 Memantau Blok: 51,074,254 | Total sell: 0 ...
[2026-09-09 14:10:57] [MIO] 📡 Memantau Blok: 51,074,254 | Total sell: 0 ...
[2026-09-09 14:10:58] [BCOP] 📡 Memantau Blok: 51,074,255 | Total sell: 0 .. 
[2026-09-09 14:10:58] [just for you] 📡 Memantau Blok: 51,074,255 | Total sell: 0 .. 
[2026-09-09 14:10:59] [PIPEDOG] 📡 Memantau Blok: 51,074,255 | Total sell: 0 .  
[2026-09-09 14:10:59] [MIO] 📡 Memantau Blok: 51,074,255 | Total sell: 0 .  
[2026-09-09 14:11:00] [BCOP] 📡 Memantau Blok: 51,074,256 | Total sell: 0 ...
[2026-09-09 14:11:00] [just for you] 📡 Memantau Blok: 51,074,256 | Total sell: 0 ...
[2026-09-09 14:11:00] [PIPEDOG] 📡 Memantau Blok: 51,074,256 | Total sell: 0 .. 
[2026-09-09 14:11:00] [MIO] 📡 Memantau Blok: 51,074,256 | Total sell: 0 .. 
[2026-09-09 14:11:01] [BCOP] 📡 Memantau Blok: 51,074,256 | Total sell: 0 .  
[2026-09-09 14:11:01] [just for you] 📡 Memantau Blok: 51,074,257 | Total sell: 0 .  
[2026-09-09 14:11:02] [PIPEDOG] 📡 Memantau Blok: 51,074,257 | Total sell: 0 ...
[2026-09-09 14:11:02] [MIO] 📡 Memantau Blok: 51,074,257 | Total sell: 0 ...
[2026-09-09 14:11:03] [BCOP] 📡 Memantau Blok: 51,074,257 | Total sell: 0 .. 
[2026-09-09 14:11:03] [just for you] 📡 Memantau Blok: 51,074,257 | Total sell: 0 .. 
[2026-09-09 14:11:03] [PIPEDOG] 📡 Memantau Blok: 51,074,257 | Total sell: 0 .  
[2026-09-09 14:11:03] [MIO] 📡 Memantau Blok: 51,074,258 | Total sell: 0 .  
[2026-09-09 14:11:04] [BCOP] 📡 Memantau Blok: 51,074,258 | Total sell: 0 ...
[2026-09-09 14:11:05] [PIPEDOG] 📡 Memantau Blok: 51,074,258 | Total sell: 0 .. 
[2026-09-09 14:11:05] [just for you] 📡 Memantau Blok: 51,074,258 | Total sell: 0 ...
[2026-09-09 14:11:05] [MIO] 📡 Memantau Blok: 51,074,258 | Total sell: 0 .. 
[2026-09-09 14:11:06] [BCOP] 📡 Memantau Blok: 51,074,259 | Total sell: 0 .  
[2026-09-09 14:11:06] [PIPEDOG] 📡 Memantau Blok: 51,074,259 | Total sell: 0 ...
[2026-09-09 14:11:06] [MIO] 📡 Memantau Blok: 51,074,259 | Total sell: 0 ...
[2026-09-09 14:11:07] [just for you] 📡 Memantau Blok: 51,074,259 | Total sell: 0 .  
[2026-09-09 14:11:07] [BCOP] 📡 Memantau Blok: 51,074,259 | Total sell: 0 .. 
[2026-09-09 14:11:08] [PIPEDOG] 📡 Memantau Blok: 51,074,260 | Total sell: 0 .  
[2026-09-09 14:11:08] [MIO] 📡 Memantau Blok: 51,074,260 | Total sell: 0 .  
[2026-09-09 14:11:08] [just for you] 📡 Memantau Blok: 51,074,260 | Total sell: 0 .. 
[2026-09-09 14:11:09] [BCOP] 📡 Memantau Blok: 51,074,260 | Total sell: 0 ...
[2026-09-09 14:11:10] [PIPEDOG] 📡 Memantau Blok: 51,074,261 | Total sell: 0 .. 
[2026-09-09 14:11:10] [MIO] 📡 Memantau Blok: 51,074,261 | Total sell: 0 .. 
[2026-09-09 14:11:10] [just for you] 📡 Memantau Blok: 51,074,261 | Total sell: 0 ...
[2026-09-09 14:11:10] [BCOP] 📡 Memantau Blok: 51,074,261 | Total sell: 0 .  
[2026-09-09 14:11:11] [PIPEDOG] 📡 Memantau Blok: 51,074,261 | Total sell: 0 ...
[2026-09-09 14:11:11] [MIO] 📡 Memantau Blok: 51,074,261 | Total sell: 0 ...
[2026-09-09 14:11:11] [just for you] 📡 Memantau Blok: 51,074,261 | Total sell: 0 .  
[2026-09-09 14:11:12] [BCOP] 📡 Memantau Blok: 51,074,262 | Total sell: 0 .. 
[2026-09-09 14:11:12] [PIPEDOG] 📡 Memantau Blok: 51,074,262 | Total sell: 0 .  
[2026-09-09 14:11:13] [MIO] 📡 Memantau Blok: 51,074,262 | Total sell: 0 .  
[2026-09-09 14:11:13] [just for you] 📡 Memantau Blok: 51,074,262 | Total sell: 0 .. 
[2026-09-09 14:11:13] [BCOP] 📡 Memantau Blok: 51,074,262 | Total sell: 0 ...
[2026-09-09 14:11:14] [PIPEDOG] 📡 Memantau Blok: 51,074,263 | Total sell: 0 .. 
[2026-09-09 14:11:14] [just for you] 📡 Memantau Blok: 51,074,263 | Total sell: 0 ...
[2026-09-09 14:11:14] [MIO] 📡 Memantau Blok: 51,074,263 | Total sell: 0 .. 
[2026-09-09 14:11:15] [BCOP] 📡 Memantau Blok: 51,074,263 | Total sell: 0 .  
[2026-09-09 14:11:16] [PIPEDOG] 📡 Memantau Blok: 51,074,264 | Total sell: 0 ...
[2026-09-09 14:11:16] [just for you] 📡 Memantau Blok: 51,074,264 | Total sell: 0 .  
[2026-09-09 14:11:16] [MIO] 📡 Memantau Blok: 51,074,264 | Total sell: 0 ...
[2026-09-09 14:11:16] [BCOP] 📡 Memantau Blok: 51,074,264 | Total sell: 0 .. 
[2026-09-09 14:11:17] [PIPEDOG] 📡 Memantau Blok: 51,074,264 | Total sell: 0 .  
[2026-09-09 14:11:17] [just for you] 📡 Memantau Blok: 51,074,265 | Total sell: 0 .. 
[2026-09-09 14:11:18] [MIO] 📡 Memantau Blok: 51,074,265 | Total sell: 0 .  
[2026-09-09 14:11:18] [BCOP] 📡 Memantau Blok: 51,074,265 | Total sell: 0 ...
[2026-09-09 14:11:19] [PIPEDOG] 📡 Memantau Blok: 51,074,265 | Total sell: 0 .. 
[2026-09-09 14:11:19] [just for you] 📡 Memantau Blok: 51,074,265 | Total sell: 0 ...
[2026-09-09 14:11:19] [MIO] 📡 Memantau Blok: 51,074,265 | Total sell: 0 .. 
[2026-09-09 14:11:20] [BCOP] 📡 Memantau Blok: 51,074,266 | Total sell: 0 .  
[2026-09-09 14:11:20] [PIPEDOG] 📡 Memantau Blok: 51,074,266 | Total sell: 0 ...
[2026-09-09 14:11:20] [just for you] 📡 Memantau Blok: 51,074,266 | Total sell: 0 .  
[2026-09-09 14:11:20] [MIO] 📡 Memantau Blok: 51,074,266 | Total sell: 0 ...
[2026-09-09 14:11:21] [BCOP] 📡 Memantau Blok: 51,074,266 | Total sell: 0 .. 
[2026-09-09 14:11:22] [PIPEDOG] 📡 Memantau Blok: 51,074,267 | Total sell: 0 .  
[2026-09-09 14:11:22] [just for you] 📡 Memantau Blok: 51,074,267 | Total sell: 0 .. 
[2026-09-09 14:11:22] [MIO] 📡 Memantau Blok: 51,074,267 | Total sell: 0 .  
[2026-09-09 14:11:22] [BCOP] 📡 Memantau Blok: 51,074,267 | Total sell: 0 ...
[2026-09-09 14:11:23] [PIPEDOG] 📡 Memantau Blok: 51,074,268 | Total sell: 0 .. 
[2026-09-09 14:11:24] [just for you] 📡 Memantau Blok: 51,074,268 | Total sell: 0 ...
[2026-09-09 14:11:24] [MIO] 📡 Memantau Blok: 51,074,268 | Total sell: 0 .. 
[2026-09-09 14:11:24] [BCOP] 📡 Memantau Blok: 51,074,268 | Total sell: 0 .  
[2026-09-09 14:11:25] [PIPEDOG] 📡 Memantau Blok: 51,074,268 | Total sell: 0 ...
[2026-09-09 14:11:25] [just for you] 📡 Memantau Blok: 51,074,268 | Total sell: 0 .  
[2026-09-09 14:11:25] [MIO] 📡 Memantau Blok: 51,074,268 | Total sell: 0 ...
[2026-09-09 14:11:26] [BCOP] 📡 Memantau Blok: 51,074,269 | Total sell: 0 .. 
[2026-09-09 14:11:26] [PIPEDOG] 📡 Memantau Blok: 51,074,269 | Total sell: 0 .  
[2026-09-09 14:11:26] [just for you] 📡 Memantau Blok: 51,074,269 | Total sell: 0 .. 
[2026-09-09 14:11:27] [MIO] 📡 Memantau Blok: 51,074,269 | Total sell: 0 .  
[2026-09-09 14:11:27] [BCOP] 📡 Memantau Blok: 51,074,269 | Total sell: 0 ...
[2026-09-09 14:11:28] [PIPEDOG] 📡 Memantau Blok: 51,074,270 | Total sell: 0 .. 
[2026-09-09 14:11:28] [just for you] 📡 Memantau Blok: 51,074,270 | Total sell: 0 ...
[2026-09-09 14:11:28] [MIO] 📡 Memantau Blok: 51,074,270 | Total sell: 0 .. 
[2026-09-09 14:11:29] [BCOP] 📡 Memantau Blok: 51,074,270 | Total sell: 0 .  
[2026-09-09 14:11:30] [PIPEDOG] 📡 Memantau Blok: 51,074,271 | Total sell: 0 ...
[2026-09-09 14:11:30] [just for you] 📡 Memantau Blok: 51,074,271 | Total sell: 0 .  
[2026-09-09 14:11:30] [MIO] 📡 Memantau Blok: 51,074,271 | Total sell: 0 ...
[2026-09-09 14:11:30] [BCOP] 📡 Memantau Blok: 51,074,271 | Total sell: 0 .. 
[2026-09-09 14:11:31] [just for you] 📡 Memantau Blok: 51,074,271 | Total sell: 0 .. 
[2026-09-09 14:11:31] [PIPEDOG] 📡 Memantau Blok: 51,074,271 | Total sell: 0 .  
[2026-09-09 14:11:31] [MIO] 📡 Memantau Blok: 51,074,271 | Total sell: 0 .  
[2026-09-09 14:11:32] [BCOP] 📡 Memantau Blok: 51,074,272 | Total sell: 0 ...
[2026-09-09 14:11:33] [PIPEDOG] 📡 Memantau Blok: 51,074,272 | Total sell: 0 .. 
[2026-09-09 14:11:33] [just for you] 📡 Memantau Blok: 51,074,272 | Total sell: 0 ...
[2026-09-09 14:11:33] [MIO] 📡 Memantau Blok: 51,074,272 | Total sell: 0 .. 
[2026-09-09 14:11:33] [BCOP] 📡 Memantau Blok: 51,074,272 | Total sell: 0 .  
[2026-09-09 14:11:34] [PIPEDOG] 📡 Memantau Blok: 51,074,273 | Total sell: 0 ...
[2026-09-09 14:11:34] [just for you] 📡 Memantau Blok: 51,074,273 | Total sell: 0 .  
[2026-09-09 14:11:34] [MIO] 📡 Memantau Blok: 51,074,273 | Total sell: 0 ...
[2026-09-09 14:11:35] [BCOP] 📡 Memantau Blok: 51,074,273 | Total sell: 0 .. 
[2026-09-09 14:11:36] [PIPEDOG] 📡 Memantau Blok: 51,074,274 | Total sell: 0 .  
[2026-09-09 14:11:36] [just for you] 📡 Memantau Blok: 51,074,274 | Total sell: 0 .. 
[2026-09-09 14:11:36] [MIO] 📡 Memantau Blok: 51,074,274 | Total sell: 0 .  
[2026-09-09 14:11:36] [BCOP] 📡 Memantau Blok: 51,074,274 | Total sell: 0 ...
[2026-09-09 14:11:37] [PIPEDOG] 📡 Memantau Blok: 51,074,274 | Total sell: 0 .. 
[2026-09-09 14:11:37] [just for you] 📡 Memantau Blok: 51,074,274 | Total sell: 0 ...
[2026-09-09 14:11:37] [MIO] 📡 Memantau Blok: 51,074,275 | Total sell: 0 .. 
[2026-09-09 14:11:38] [BCOP] 📡 Memantau Blok: 51,074,275 | Total sell: 0 .  
[2026-09-09 14:11:39] [just for you] 📡 Memantau Blok: 51,074,275 | Total sell: 0 .  
[2026-09-09 14:11:39] [PIPEDOG] 📡 Memantau Blok: 51,074,275 | Total sell: 0 ...
[2026-09-09 14:11:39] [MIO] 📡 Memantau Blok: 51,074,275 | Total sell: 0 ...
[2026-09-09 14:11:40] [BCOP] 📡 Memantau Blok: 51,074,276 | Total sell: 0 .. 
[2026-09-09 14:11:40] [PIPEDOG] 📡 Memantau Blok: 51,074,276 | Total sell: 0 .  
[2026-09-09 14:11:40] [just for you] 📡 Memantau Blok: 51,074,276 | Total sell: 0 .. 
[2026-09-09 14:11:40] [MIO] 📡 Memantau Blok: 51,074,276 | Total sell: 0 .  
[2026-09-09 14:11:41] [BCOP] 📡 Memantau Blok: 51,074,276 | Total sell: 0 ...
[2026-09-09 14:11:42] [PIPEDOG] 📡 Memantau Blok: 51,074,277 | Total sell: 0 .. 
[2026-09-09 14:11:42] [just for you] 📡 Memantau Blok: 51,074,277 | Total sell: 0 ...
[2026-09-09 14:11:42] [MIO] 📡 Memantau Blok: 51,074,277 | Total sell: 0 .. 
[2026-09-09 14:11:42] [BCOP] 📡 Memantau Blok: 51,074,277 | Total sell: 0 .  
[2026-09-09 14:11:43] [PIPEDOG] 📡 Memantau Blok: 51,074,277 | Total sell: 0 ...
[2026-09-09 14:11:43] [just for you] 📡 Memantau Blok: 51,074,278 | Total sell: 0 .  
[2026-09-09 14:11:44] [MIO] 📡 Memantau Blok: 51,074,278 | Total sell: 0 ...
[2026-09-09 14:11:44] [BCOP] 📡 Memantau Blok: 51,074,278 | Total sell: 0 .. 
[2026-09-09 14:11:45] [PIPEDOG] 📡 Memantau Blok: 51,074,278 | Total sell: 0 .  
[2026-09-09 14:11:45] [just for you] 📡 Memantau Blok: 51,074,278 | Total sell: 0 .. 
[2026-09-09 14:11:45] [MIO] 📡 Memantau Blok: 51,074,278 | Total sell: 0 .  
[2026-09-09 14:11:46] [BCOP] 📡 Memantau Blok: 51,074,279 | Total sell: 0 ...
[2026-09-09 14:11:46] [PIPEDOG] 📡 Memantau Blok: 51,074,279 | Total sell: 0 .. 
[2026-09-09 14:11:46] [just for you] 📡 Memantau Blok: 51,074,279 | Total sell: 0 ...
[2026-09-09 14:11:47] [MIO] 📡 Memantau Blok: 51,074,279 | Total sell: 0 .. 
[2026-09-09 14:11:48] [BCOP] 📡 Memantau Blok: 51,074,280 | Total sell: 0 .  
[2026-09-09 14:11:48] [PIPEDOG] 📡 Memantau Blok: 51,074,280 | Total sell: 0 ...
[2026-09-09 14:11:48] [just for you] 📡 Memantau Blok: 51,074,280 | Total sell: 0 .  
[2026-09-09 14:11:49] [MIO] 📡 Memantau Blok: 51,074,280 | Total sell: 0 ...
[2026-09-09 14:11:49] [BCOP] 📡 Memantau Blok: 51,074,280 | Total sell: 0 .. 
[2026-09-09 14:11:50] [PIPEDOG] 📡 Memantau Blok: 51,074,281 | Total sell: 0 .  
[2026-09-09 14:11:50] [just for you] 📡 Memantau Blok: 51,074,281 | Total sell: 0 .. 
[2026-09-09 14:11:50] [MIO] 📡 Memantau Blok: 51,074,281 | Total sell: 0 .  
[2026-09-09 14:11:50] [BCOP] 📡 Memantau Blok: 51,074,281 | Total sell: 0 ...
[2026-09-09 14:11:51] [PIPEDOG] 📡 Memantau Blok: 51,074,281 | Total sell: 0 .. 
[2026-09-09 14:11:52] [just for you] 📡 Memantau Blok: 51,074,282 | Total sell: 0 ...
[2026-09-09 14:11:52] [MIO] 📡 Memantau Blok: 51,074,282 | Total sell: 0 .. 
[2026-09-09 14:11:52] [BCOP] 📡 Memantau Blok: 51,074,282 | Total sell: 0 .  
[2026-09-09 14:11:53] [PIPEDOG] 📡 Memantau Blok: 51,074,282 | Total sell: 0 ...
[2026-09-09 14:11:53] [just for you] 📡 Memantau Blok: 51,074,282 | Total sell: 0 .  
[2026-09-09 14:11:53] [MIO] 📡 Memantau Blok: 51,074,282 | Total sell: 0 ...
[2026-09-09 14:11:54] [BCOP] 📡 Memantau Blok: 51,074,283 | Total sell: 0 .. 
[2026-09-09 14:11:54] [PIPEDOG] 📡 Memantau Blok: 51,074,283 | Total sell: 0 .  
[2026-09-09 14:11:54] [just for you] 📡 Memantau Blok: 51,074,283 | Total sell: 0 .. 
[2026-09-09 14:11:55] [MIO] 📡 Memantau Blok: 51,074,283 | Total sell: 0 .  
[2026-09-09 14:11:55] [BCOP] 📡 Memantau Blok: 51,074,283 | Total sell: 0 ...
[2026-09-09 14:11:56] [PIPEDOG] 📡 Memantau Blok: 51,074,284 | Total sell: 0 .. 
[2026-09-09 14:11:56] [just for you] 📡 Memantau Blok: 51,074,284 | Total sell: 0 ...
[2026-09-09 14:11:56] [MIO] 📡 Memantau Blok: 51,074,284 | Total sell: 0 .. 
[2026-09-09 14:11:57] [BCOP] 📡 Memantau Blok: 51,074,284 | Total sell: 0 .  
[2026-09-09 14:11:57] [PIPEDOG] 📡 Memantau Blok: 51,074,285 | Total sell: 0 ...
[2026-09-09 14:11:58] [just for you] 📡 Memantau Blok: 51,074,285 | Total sell: 0 .  
[2026-09-09 14:11:58] [MIO] 📡 Memantau Blok: 51,074,285 | Total sell: 0 ...
[2026-09-09 14:11:58] [BCOP] 📡 Memantau Blok: 51,074,285 | Total sell: 0 .. 
[2026-09-09 14:11:59] [PIPEDOG] 📡 Memantau Blok: 51,074,285 | Total sell: 0 .  
[2026-09-09 14:11:59] [just for you] 📡 Memantau Blok: 51,074,285 | Total sell: 0 .. 
[2026-09-09 14:11:59] [MIO] 📡 Memantau Blok: 51,074,286 | Total sell: 0 .  
[2026-09-09 14:12:00] [BCOP] 📡 Memantau Blok: 51,074,286 | Total sell: 0 ...
[2026-09-09 14:12:00] [PIPEDOG] 📡 Memantau Blok: 51,074,286 | Total sell: 0 .. 
[2026-09-09 14:12:01] [just for you] 📡 Memantau Blok: 51,074,286 | Total sell: 0 ...
[2026-09-09 14:12:01] [MIO] 📡 Memantau Blok: 51,074,286 | Total sell: 0 .. 
[2026-09-09 14:12:01] [BCOP] 📡 Memantau Blok: 51,074,286 | Total sell: 0 .  
[2026-09-09 14:12:02] [PIPEDOG] 📡 Memantau Blok: 51,074,287 | Total sell: 0 ...
[2026-09-09 14:12:02] [just for you] 📡 Memantau Blok: 51,074,287 | Total sell: 0 .  
[2026-09-09 14:12:02] [MIO] 📡 Memantau Blok: 51,074,287 | Total sell: 0 ...
[2026-09-09 14:12:03] [BCOP] 📡 Memantau Blok: 51,074,287 | Total sell: 0 .. 
[2026-09-09 14:12:04] [PIPEDOG] 📡 Memantau Blok: 51,074,288 | Total sell: 0 .  
[2026-09-09 14:12:04] [just for you] 📡 Memantau Blok: 51,074,288 | Total sell: 0 .. 
[2026-09-09 14:12:04] [MIO] 📡 Memantau Blok: 51,074,288 | Total sell: 0 .  
[2026-09-09 14:12:04] [BCOP] 📡 Memantau Blok: 51,074,288 | Total sell: 0 ...
[2026-09-09 14:12:05] [PIPEDOG] 📡 Memantau Blok: 51,074,288 | Total sell: 0 .. 
[2026-09-09 14:12:05] [just for you] 📡 Memantau Blok: 51,074,288 | Total sell: 0 ...
[2026-09-09 14:12:06] [MIO] 📡 Memantau Blok: 51,074,289 | Total sell: 0 .. 
[2026-09-09 14:12:06] [BCOP] 📡 Memantau Blok: 51,074,289 | Total sell: 0 .  
[2026-09-09 14:12:07] [PIPEDOG] 📡 Memantau Blok: 51,074,289 | Total sell: 0 ...
[2026-09-09 14:12:07] [just for you] 📡 Memantau Blok: 51,074,289 | Total sell: 0 .  
[2026-09-09 14:12:07] [MIO] 📡 Memantau Blok: 51,074,289 | Total sell: 0 ...
[2026-09-09 14:12:08] [BCOP] 📡 Memantau Blok: 51,074,290 | Total sell: 0 .. 
[2026-09-09 14:12:08] [PIPEDOG] 📡 Memantau Blok: 51,074,290 | Total sell: 0 .  
[2026-09-09 14:12:08] [just for you] 📡 Memantau Blok: 51,074,290 | Total sell: 0 .. 
[2026-09-09 14:12:09] [MIO] 📡 Memantau Blok: 51,074,290 | Total sell: 0 .  
[2026-09-09 14:12:09] [BCOP] 📡 Memantau Blok: 51,074,290 | Total sell: 0 ...
[2026-09-09 14:12:10] [PIPEDOG] 📡 Memantau Blok: 51,074,291 | Total sell: 0 .. 
[2026-09-09 14:12:10] [just for you] 📡 Memantau Blok: 51,074,291 | Total sell: 0 ...
[2026-09-09 14:12:10] [MIO] 📡 Memantau Blok: 51,074,291 | Total sell: 0 .. 
[2026-09-09 14:12:11] [BCOP] 📡 Memantau Blok: 51,074,291 | Total sell: 0 .  
[2026-09-09 14:12:11] [PIPEDOG] 📡 Memantau Blok: 51,074,291 | Total sell: 0 ...
[2026-09-09 14:12:12] [just for you] 📡 Memantau Blok: 51,074,292 | Total sell: 0 .  
[2026-09-09 14:12:12] [MIO] 📡 Memantau Blok: 51,074,292 | Total sell: 0 ...
[2026-09-09 14:12:12] [BCOP] 📡 Memantau Blok: 51,074,292 | Total sell: 0 .. 
[2026-09-09 14:12:13] [PIPEDOG] 📡 Memantau Blok: 51,074,292 | Total sell: 0 .  
[2026-09-09 14:12:13] [just for you] 📡 Memantau Blok: 51,074,292 | Total sell: 0 .. 
[2026-09-09 14:12:13] [MIO] 📡 Memantau Blok: 51,074,292 | Total sell: 0 .  
[2026-09-09 14:12:14] [BCOP] 📡 Memantau Blok: 51,074,293 | Total sell: 0 ...
[2026-09-09 14:12:14] [PIPEDOG] 📡 Memantau Blok: 51,074,293 | Total sell: 0 .. 
[2026-09-09 14:12:14] [just for you] 📡 Memantau Blok: 51,074,293 | Total sell: 0 ...
[2026-09-09 14:12:15] [MIO] 📡 Memantau Blok: 51,074,293 | Total sell: 0 .. 
[2026-09-09 14:12:15] [BCOP] 📡 Memantau Blok: 51,074,293 | Total sell: 0 .  
[2026-09-09 14:12:16] [PIPEDOG] 📡 Memantau Blok: 51,074,294 | Total sell: 0 ...
[2026-09-09 14:12:16] [just for you] 📡 Memantau Blok: 51,074,294 | Total sell: 0 .  
[2026-09-09 14:12:16] [MIO] 📡 Memantau Blok: 51,074,294 | Total sell: 0 ...
[2026-09-09 14:12:17] [BCOP] 📡 Memantau Blok: 51,074,294 | Total sell: 0 .. 
[2026-09-09 14:12:17] [PIPEDOG] 📡 Memantau Blok: 51,074,294 | Total sell: 0 .  
[2026-09-09 14:12:18] [just for you] 📡 Memantau Blok: 51,074,295 | Total sell: 0 .. 
[2026-09-09 14:12:18] [MIO] 📡 Memantau Blok: 51,074,295 | Total sell: 0 .  
[2026-09-09 14:12:18] [BCOP] 📡 Memantau Blok: 51,074,295 | Total sell: 0 ...
[2026-09-09 14:12:19] [PIPEDOG] 📡 Memantau Blok: 51,074,295 | Total sell: 0 .. 
[2026-09-09 14:12:19] [just for you] 📡 Memantau Blok: 51,074,295 | Total sell: 0 ...
[2026-09-09 14:12:19] [MIO] 📡 Memantau Blok: 51,074,296 | Total sell: 0 .. 
[2026-09-09 14:12:20] [BCOP] 📡 Memantau Blok: 51,074,296 | Total sell: 0 .  
[2026-09-09 14:12:20] [PIPEDOG] 📡 Memantau Blok: 51,074,296 | Total sell: 0 ...
[2026-09-09 14:12:21] [just for you] 📡 Memantau Blok: 51,074,296 | Total sell: 0 .  
[2026-09-09 14:12:21] [MIO] 📡 Memantau Blok: 51,074,296 | Total sell: 0 ...
[2026-09-09 14:12:21] [BCOP] 📡 Memantau Blok: 51,074,296 | Total sell: 0 .. 
[2026-09-09 14:12:22] [PIPEDOG] 📡 Memantau Blok: 51,074,297 | Total sell: 0 .  
[2026-09-09 14:12:22] [just for you] 📡 Memantau Blok: 51,074,297 | Total sell: 0 .. 
[2026-09-09 14:12:22] [MIO] 📡 Memantau Blok: 51,074,297 | Total sell: 0 .  
[2026-09-09 14:12:23] [BCOP] 📡 Memantau Blok: 51,074,297 | Total sell: 0 ...
[2026-09-09 14:12:24] [PIPEDOG] 📡 Memantau Blok: 51,074,298 | Total sell: 0 .. 
[2026-09-09 14:12:24] [just for you] 📡 Memantau Blok: 51,074,298 | Total sell: 0 ...
[2026-09-09 14:12:24] [MIO] 📡 Memantau Blok: 51,074,298 | Total sell: 0 .. 
[2026-09-09 14:12:24] [BCOP] 📡 Memantau Blok: 51,074,298 | Total sell: 0 .  
[2026-09-09 14:12:25] [PIPEDOG] 📡 Memantau Blok: 51,074,298 | Total sell: 0 ...
[2026-09-09 14:12:25] [just for you] 📡 Memantau Blok: 51,074,298 | Total sell: 0 .  
[2026-09-09 14:12:26] [MIO] 📡 Memantau Blok: 51,074,299 | Total sell: 0 ...
[2026-09-09 14:12:26] [BCOP] 📡 Memantau Blok: 51,074,299 | Total sell: 0 .. 
[2026-09-09 14:12:26] [PIPEDOG] 📡 Memantau Blok: 51,074,299 | Total sell: 0 .  
[2026-09-09 14:12:27] [just for you] 📡 Memantau Blok: 51,074,299 | Total sell: 0 .. 
[2026-09-09 14:12:27] [MIO] 📡 Memantau Blok: 51,074,299 | Total sell: 0 .  
[2026-09-09 14:12:28] [BCOP] 📡 Memantau Blok: 51,074,300 | Total sell: 0 ...
[2026-09-09 14:12:28] [PIPEDOG] 📡 Memantau Blok: 51,074,300 | Total sell: 0 .. 
[2026-09-09 14:12:28] [just for you] 📡 Memantau Blok: 51,074,300 | Total sell: 0 ...
[2026-09-09 14:12:29] [MIO] 📡 Memantau Blok: 51,074,300 | Total sell: 0 .. 
[2026-09-09 14:12:29] [BCOP] 📡 Memantau Blok: 51,074,300 | Total sell: 0 .  
[2026-09-09 14:12:30] [PIPEDOG] 📡 Memantau Blok: 51,074,301 | Total sell: 0 ...
[2026-09-09 14:12:30] [just for you] 📡 Memantau Blok: 51,074,301 | Total sell: 0 .  
[2026-09-09 14:12:30] [MIO] 📡 Memantau Blok: 51,074,301 | Total sell: 0 ...
[2026-09-09 14:12:30] [BCOP] 📡 Memantau Blok: 51,074,301 | Total sell: 0 .. 
[2026-09-09 14:12:31] [PIPEDOG] 📡 Memantau Blok: 51,074,301 | Total sell: 0 .  
[2026-09-09 14:12:32] [just for you] 📡 Memantau Blok: 51,074,302 | Total sell: 0 .. 
[2026-09-09 14:12:32] [MIO] 📡 Memantau Blok: 51,074,302 | Total sell: 0 .  
[2026-09-09 14:12:32] [BCOP] 📡 Memantau Blok: 51,074,302 | Total sell: 0 ...
[2026-09-09 14:12:33] [PIPEDOG] 📡 Memantau Blok: 51,074,302 | Total sell: 0 .. 
[2026-09-09 14:12:33] [just for you] 📡 Memantau Blok: 51,074,302 | Total sell: 0 ...
[2026-09-09 14:12:33] [MIO] 📡 Memantau Blok: 51,074,302 | Total sell: 0 .. 
[2026-09-09 14:12:34] [BCOP] 📡 Memantau Blok: 51,074,303 | Total sell: 0 .  
[2026-09-09 14:12:34] [PIPEDOG] 📡 Memantau Blok: 51,074,303 | Total sell: 0 ...
[2026-09-09 14:12:34] [just for you] 📡 Memantau Blok: 51,074,303 | Total sell: 0 .  
[2026-09-09 14:12:35] [MIO] 📡 Memantau Blok: 51,074,303 | Total sell: 0 ...
[2026-09-09 14:12:35] [BCOP] 📡 Memantau Blok: 51,074,303 | Total sell: 0 .. 
[2026-09-09 14:12:36] [PIPEDOG] 📡 Memantau Blok: 51,074,304 | Total sell: 0 .  
[2026-09-09 14:12:36] [just for you] 📡 Memantau Blok: 51,074,304 | Total sell: 0 .. 
[2026-09-09 14:12:36] [MIO] 📡 Memantau Blok: 51,074,304 | Total sell: 0 .  
[2026-09-09 14:12:37] [BCOP] 📡 Memantau Blok: 51,074,304 | Total sell: 0 ...
[2026-09-09 14:12:37] [PIPEDOG] 📡 Memantau Blok: 51,074,304 | Total sell: 0 .. 
[2026-09-09 14:12:38] [just for you] 📡 Memantau Blok: 51,074,305 | Total sell: 0 ...
[2026-09-09 14:12:38] [MIO] 📡 Memantau Blok: 51,074,305 | Total sell: 0 .. 
[2026-09-09 14:12:38] [BCOP] 📡 Memantau Blok: 51,074,305 | Total sell: 0 .  
[2026-09-09 14:12:39] [PIPEDOG] 📡 Memantau Blok: 51,074,305 | Total sell: 0 ...
[2026-09-09 14:12:39] [just for you] 📡 Memantau Blok: 51,074,305 | Total sell: 0 .  
[2026-09-09 14:12:39] [MIO] 📡 Memantau Blok: 51,074,306 | Total sell: 0 ...
[2026-09-09 14:12:40] [BCOP] 📡 Memantau Blok: 51,074,306 | Total sell: 0 .. 
[2026-09-09 14:12:40] [PIPEDOG] 📡 Memantau Blok: 51,074,306 | Total sell: 0 .  
[2026-09-09 14:12:41] [just for you] 📡 Memantau Blok: 51,074,306 | Total sell: 0 .. 
[2026-09-09 14:12:41] [MIO] 📡 Memantau Blok: 51,074,306 | Total sell: 0 .  
[2026-09-09 14:12:41] [BCOP] 📡 Memantau Blok: 51,074,306 | Total sell: 0 ...
[2026-09-09 14:12:42] [PIPEDOG] 📡 Memantau Blok: 51,074,307 | Total sell: 0 .. 
[2026-09-09 14:12:42] [just for you] 📡 Memantau Blok: 51,074,307 | Total sell: 0 ...
[2026-09-09 14:12:42] [MIO] 📡 Memantau Blok: 51,074,307 | Total sell: 0 .. 
[2026-09-09 14:12:43] [BCOP] 📡 Memantau Blok: 51,074,307 | Total sell: 0 .  
[2026-09-09 14:12:43] [PIPEDOG] 📡 Memantau Blok: 51,074,307 | Total sell: 0 ...
[2026-09-09 14:12:44] [just for you] 📡 Memantau Blok: 51,074,308 | Total sell: 0 .  
[2026-09-09 14:12:44] [MIO] 📡 Memantau Blok: 51,074,308 | Total sell: 0 ...
[2026-09-09 14:12:44] [BCOP] 📡 Memantau Blok: 51,074,308 | Total sell: 0 .. 
[2026-09-09 14:12:45] [PIPEDOG] 📡 Memantau Blok: 51,074,308 | Total sell: 0 .  
[2026-09-09 14:12:45] [just for you] 📡 Memantau Blok: 51,074,309 | Total sell: 0 .. 
[2026-09-09 14:12:46] [MIO] 📡 Memantau Blok: 51,074,309 | Total sell: 0 .  
[2026-09-09 14:12:46] [BCOP] 📡 Memantau Blok: 51,074,309 | Total sell: 0 ...
[2026-09-09 14:12:46] [PIPEDOG] 📡 Memantau Blok: 51,074,309 | Total sell: 0 .. 
[2026-09-09 14:12:47] [just for you] 📡 Memantau Blok: 51,074,309 | Total sell: 0 ...
[2026-09-09 14:12:47] [MIO] 📡 Memantau Blok: 51,074,309 | Total sell: 0 .. 
[2026-09-09 14:12:48] [BCOP] 📡 Memantau Blok: 51,074,310 | Total sell: 0 .  
[2026-09-09 14:12:48] [PIPEDOG] 📡 Memantau Blok: 51,074,310 | Total sell: 0 ...
[2026-09-09 14:12:48] [just for you] 📡 Memantau Blok: 51,074,310 | Total sell: 0 .  
[2026-09-09 14:12:49] [MIO] 📡 Memantau Blok: 51,074,310 | Total sell: 0 ...
[2026-09-09 14:12:49] [BCOP] 📡 Memantau Blok: 51,074,310 | Total sell: 0 .. 
[2026-09-09 14:12:50] [PIPEDOG] 📡 Memantau Blok: 51,074,311 | Total sell: 0 .  
[2026-09-09 14:12:50] [just for you] 📡 Memantau Blok: 51,074,311 | Total sell: 0 .. 
[2026-09-09 14:12:50] [MIO] 📡 Memantau Blok: 51,074,311 | Total sell: 0 .  
[2026-09-09 14:12:51] [BCOP] 📡 Memantau Blok: 51,074,311 | Total sell: 0 ...
[2026-09-09 14:12:51] [PIPEDOG] 📡 Memantau Blok: 51,074,311 | Total sell: 0 .. 
[2026-09-09 14:12:52] [just for you] 📡 Memantau Blok: 51,074,312 | Total sell: 0 ...
[2026-09-09 14:12:52] [MIO] 📡 Memantau Blok: 51,074,312 | Total sell: 0 .. 
[2026-09-09 14:12:52] [BCOP] 📡 Memantau Blok: 51,074,312 | Total sell: 0 .  
[2026-09-09 14:12:52] [PIPEDOG] 📡 Memantau Blok: 51,074,312 | Total sell: 0 ...
[2026-09-09 14:12:53] [just for you] 📡 Memantau Blok: 51,074,312 | Total sell: 0 .  
[2026-09-09 14:12:53] [MIO] 📡 Memantau Blok: 51,074,312 | Total sell: 0 ...
[2026-09-09 14:12:54] [BCOP] 📡 Memantau Blok: 51,074,313 | Total sell: 0 .. 
[2026-09-09 14:12:54] [PIPEDOG] 📡 Memantau Blok: 51,074,313 | Total sell: 0 .  
[2026-09-09 14:12:55] [just for you] 📡 Memantau Blok: 51,074,313 | Total sell: 0 .. 
[2026-09-09 14:12:55] [MIO] 📡 Memantau Blok: 51,074,313 | Total sell: 0 .  
[2026-09-09 14:12:55] [BCOP] 📡 Memantau Blok: 51,074,313 | Total sell: 0 ...
[2026-09-09 14:12:56] [PIPEDOG] 📡 Memantau Blok: 51,074,314 | Total sell: 0 .. 
[2026-09-09 14:12:56] [just for you] 📡 Memantau Blok: 51,074,314 | Total sell: 0 ...
[2026-09-09 14:12:56] [MIO] 📡 Memantau Blok: 51,074,314 | Total sell: 0 .. 
[2026-09-09 14:12:57] [BCOP] 📡 Memantau Blok: 51,074,314 | Total sell: 0 .  
[2026-09-09 14:12:57] [PIPEDOG] 📡 Memantau Blok: 51,074,314 | Total sell: 0 ...
[2026-09-09 14:12:58] [just for you] 📡 Memantau Blok: 51,074,315 | Total sell: 0 .  
[2026-09-09 14:12:58] [MIO] 📡 Memantau Blok: 51,074,315 | Total sell: 0 ...
[2026-09-09 14:12:58] [BCOP] 📡 Memantau Blok: 51,074,315 | Total sell: 0 .. 
[2026-09-09 14:12:59] [PIPEDOG] 📡 Memantau Blok: 51,074,315 | Total sell: 0 .  
[2026-09-09 14:12:59] [just for you] 📡 Memantau Blok: 51,074,315 | Total sell: 0 .. 
[2026-09-09 14:12:59] [MIO] 📡 Memantau Blok: 51,074,316 | Total sell: 0 .  
[2026-09-09 14:13:00] [BCOP] 📡 Memantau Blok: 51,074,316 | Total sell: 0 ...
[2026-09-09 14:13:00] [PIPEDOG] 📡 Memantau Blok: 51,074,316 | Total sell: 0 .. 
[2026-09-09 14:13:01] [just for you] 📡 Memantau Blok: 51,074,316 | Total sell: 0 ...
[2026-09-09 14:13:01] [MIO] 📡 Memantau Blok: 51,074,316 | Total sell: 0 .. 
[2026-09-09 14:13:01] [BCOP] 📡 Memantau Blok: 51,074,317 | Total sell: 0 .  
[2026-09-09 14:13:02] [PIPEDOG] 📡 Memantau Blok: 51,074,317 | Total sell: 0 ...
[2026-09-09 14:13:02] [just for you] 📡 Memantau Blok: 51,074,317 | Total sell: 0 .  
[2026-09-09 14:13:02] [MIO] 📡 Memantau Blok: 51,074,317 | Total sell: 0 ...
[2026-09-09 14:13:03] [BCOP] 📡 Memantau Blok: 51,074,317 | Total sell: 0 .. 
[2026-09-09 14:13:03] [PIPEDOG] 📡 Memantau Blok: 51,074,317 | Total sell: 0 .  
[2026-09-09 14:13:04] [just for you] 📡 Memantau Blok: 51,074,318 | Total sell: 0 .. 
[2026-09-09 14:13:04] [MIO] 📡 Memantau Blok: 51,074,318 | Total sell: 0 .  
[2026-09-09 14:13:04] [BCOP] 📡 Memantau Blok: 51,074,318 | Total sell: 0 ...
[2026-09-09 14:13:05] [PIPEDOG] 📡 Memantau Blok: 51,074,318 | Total sell: 0 .. 
[2026-09-09 14:13:05] [just for you] 📡 Memantau Blok: 51,074,318 | Total sell: 0 ...
[2026-09-09 14:13:06] [MIO] 📡 Memantau Blok: 51,074,319 | Total sell: 0 .. 
[2026-09-09 14:13:06] [BCOP] 📡 Memantau Blok: 51,074,319 | Total sell: 0 .  
[2026-09-09 14:13:06] [PIPEDOG] 📡 Memantau Blok: 51,074,319 | Total sell: 0 ...
[2026-09-09 14:13:07] [just for you] 📡 Memantau Blok: 51,074,319 | Total sell: 0 .  
[2026-09-09 14:13:07] [MIO] 📡 Memantau Blok: 51,074,319 | Total sell: 0 ...
[2026-09-09 14:13:08] [BCOP] 📡 Memantau Blok: 51,074,320 | Total sell: 0 .. 
[2026-09-09 14:13:08] [PIPEDOG] 📡 Memantau Blok: 51,074,320 | Total sell: 0 .  
[2026-09-09 14:13:08] [just for you] 📡 Memantau Blok: 51,074,320 | Total sell: 0 .. 
[2026-09-09 14:13:08] [MIO] 📡 Memantau Blok: 51,074,320 | Total sell: 0 .  
[2026-09-09 14:13:09] [BCOP] 📡 Memantau Blok: 51,074,320 | Total sell: 0 ...
[2026-09-09 14:13:09] [PIPEDOG] 📡 Memantau Blok: 51,074,321 | Total sell: 0 .. 
[2026-09-09 14:13:10] [just for you] 📡 Memantau Blok: 51,074,321 | Total sell: 0 ...
[2026-09-09 14:13:10] [MIO] 📡 Memantau Blok: 51,074,321 | Total sell: 0 .. 
[2026-09-09 14:13:11] [BCOP] 📡 Memantau Blok: 51,074,321 | Total sell: 0 .  
[2026-09-09 14:13:11] [PIPEDOG] 📡 Memantau Blok: 51,074,321 | Total sell: 0 ...
[2026-09-09 14:13:12] [just for you] 📡 Memantau Blok: 51,074,322 | Total sell: 0 .  
[2026-09-09 14:13:12] [MIO] 📡 Memantau Blok: 51,074,322 | Total sell: 0 ...
[2026-09-09 14:13:12] [BCOP] 📡 Memantau Blok: 51,074,322 | Total sell: 0 .. 
[2026-09-09 14:13:12] [PIPEDOG] 📡 Memantau Blok: 51,074,322 | Total sell: 0 .  
[2026-09-09 14:13:13] [just for you] 📡 Memantau Blok: 51,074,322 | Total sell: 0 .. 
[2026-09-09 14:13:13] [MIO] 📡 Memantau Blok: 51,074,322 | Total sell: 0 .  
[2026-09-09 14:13:14] [BCOP] 📡 Memantau Blok: 51,074,323 | Total sell: 0 ...
[2026-09-09 14:13:14] [PIPEDOG] 📡 Memantau Blok: 51,074,323 | Total sell: 0 .. 
[2026-09-09 14:13:14] [just for you] 📡 Memantau Blok: 51,074,323 | Total sell: 0 ...
[2026-09-09 14:13:15] [MIO] 📡 Memantau Blok: 51,074,323 | Total sell: 0 .. 
[2026-09-09 14:13:15] [BCOP] 📡 Memantau Blok: 51,074,323 | Total sell: 0 .  
[2026-09-09 14:13:16] [PIPEDOG] 📡 Memantau Blok: 51,074,324 | Total sell: 0 ...
[2026-09-09 14:13:16] [just for you] 📡 Memantau Blok: 51,074,324 | Total sell: 0 .  
[2026-09-09 14:13:16] [MIO] 📡 Memantau Blok: 51,074,324 | Total sell: 0 ...
[2026-09-09 14:13:17] [BCOP] 📡 Memantau Blok: 51,074,324 | Total sell: 0 .. 
[2026-09-09 14:13:17] [PIPEDOG] 📡 Memantau Blok: 51,074,324 | Total sell: 0 .  
[2026-09-09 14:13:18] [just for you] 📡 Memantau Blok: 51,074,325 | Total sell: 0 .. 
[2026-09-09 14:13:18] [MIO] 📡 Memantau Blok: 51,074,325 | Total sell: 0 .  
[2026-09-09 14:13:18] [BCOP] 📡 Memantau Blok: 51,074,325 | Total sell: 0 ...
[2026-09-09 14:13:18] [PIPEDOG] 📡 Memantau Blok: 51,074,325 | Total sell: 0 .. 
[2026-09-09 14:13:19] [just for you] 📡 Memantau Blok: 51,074,325 | Total sell: 0 ...
[2026-09-09 14:13:19] [MIO] 📡 Memantau Blok: 51,074,325 | Total sell: 0 .. 
[2026-09-09 14:13:20] [BCOP] 📡 Memantau Blok: 51,074,326 | Total sell: 0 .  
[2026-09-09 14:13:20] [PIPEDOG] 📡 Memantau Blok: 51,074,326 | Total sell: 0 ...
[2026-09-09 14:13:21] [just for you] 📡 Memantau Blok: 51,074,326 | Total sell: 0 .  
[2026-09-09 14:13:21] [MIO] 📡 Memantau Blok: 51,074,326 | Total sell: 0 ...
[2026-09-09 14:13:22] [BCOP] 📡 Memantau Blok: 51,074,327 | Total sell: 0 .. 
[2026-09-09 14:13:22] [PIPEDOG] 📡 Memantau Blok: 51,074,327 | Total sell: 0 .  
[2026-09-09 14:13:22] [just for you] 📡 Memantau Blok: 51,074,327 | Total sell: 0 .. 
[2026-09-09 14:13:22] [MIO] 📡 Memantau Blok: 51,074,327 | Total sell: 0 .  
[2026-09-09 14:13:23] [BCOP] 📡 Memantau Blok: 51,074,327 | Total sell: 0 ...
[2026-09-09 14:13:23] [PIPEDOG] 📡 Memantau Blok: 51,074,327 | Total sell: 0 .. 
[2026-09-09 14:13:24] [just for you] 📡 Memantau Blok: 51,074,328 | Total sell: 0 ...
[2026-09-09 14:13:24] [MIO] 📡 Memantau Blok: 51,074,328 | Total sell: 0 .. 
[2026-09-09 14:13:24] [BCOP] 📡 Memantau Blok: 51,074,328 | Total sell: 0 .  
[2026-09-09 14:13:25] [PIPEDOG] 📡 Memantau Blok: 51,074,328 | Total sell: 0 ...
[2026-09-09 14:13:25] [just for you] 📡 Memantau Blok: 51,074,328 | Total sell: 0 .  
[2026-09-09 14:13:25] [MIO] 📡 Memantau Blok: 51,074,329 | Total sell: 0 ...
[2026-09-09 14:13:26] [BCOP] 📡 Memantau Blok: 51,074,329 | Total sell: 0 .. 
[2026-09-09 14:13:26] [PIPEDOG] 📡 Memantau Blok: 51,074,329 | Total sell: 0 .  
[2026-09-09 14:13:27] [just for you] 📡 Memantau Blok: 51,074,329 | Total sell: 0 .. 
[2026-09-09 14:13:27] [MIO] 📡 Memantau Blok: 51,074,329 | Total sell: 0 .  
[2026-09-09 14:13:28] [BCOP] 📡 Memantau Blok: 51,074,330 | Total sell: 0 ...
[2026-09-09 14:13:28] [PIPEDOG] 📡 Memantau Blok: 51,074,330 | Total sell: 0 .. 
[2026-09-09 14:13:28] [just for you] 📡 Memantau Blok: 51,074,330 | Total sell: 0 ...
[2026-09-09 14:13:28] [MIO] 📡 Memantau Blok: 51,074,330 | Total sell: 0 .. 
[2026-09-09 14:13:29] [BCOP] 📡 Memantau Blok: 51,074,330 | Total sell: 0 .  
[2026-09-09 14:13:29] [PIPEDOG] 📡 Memantau Blok: 51,074,330 | Total sell: 0 ...
[2026-09-09 14:13:30] [just for you] 📡 Memantau Blok: 51,074,331 | Total sell: 0 .  
[2026-09-09 14:13:30] [MIO] 📡 Memantau Blok: 51,074,331 | Total sell: 0 ...
[2026-09-09 14:13:30] [BCOP] 📡 Memantau Blok: 51,074,331 | Total sell: 0 .. 
[2026-09-09 14:13:31] [PIPEDOG] 📡 Memantau Blok: 51,074,331 | Total sell: 0 .  
[2026-09-09 14:13:32] [just for you] 📡 Memantau Blok: 51,074,332 | Total sell: 0 .. 
[2026-09-09 14:13:32] [MIO] 📡 Memantau Blok: 51,074,332 | Total sell: 0 .  
[2026-09-09 14:13:32] [BCOP] 📡 Memantau Blok: 51,074,332 | Total sell: 0 ...
[2026-09-09 14:13:32] [PIPEDOG] 📡 Memantau Blok: 51,074,332 | Total sell: 0 .. 
[2026-09-09 14:13:33] [just for you] 📡 Memantau Blok: 51,074,332 | Total sell: 0 ...
[2026-09-09 14:13:33] [MIO] 📡 Memantau Blok: 51,074,332 | Total sell: 0 .. 
[2026-09-09 14:13:34] [BCOP] 📡 Memantau Blok: 51,074,333 | Total sell: 0 .  
[2026-09-09 14:13:34] [PIPEDOG] 📡 Memantau Blok: 51,074,333 | Total sell: 0 ...
[2026-09-09 14:13:34] [just for you] 📡 Memantau Blok: 51,074,333 | Total sell: 0 .  
[2026-09-09 14:13:35] [MIO] 📡 Memantau Blok: 51,074,333 | Total sell: 0 ...
[2026-09-09 14:13:35] [BCOP] 📡 Memantau Blok: 51,074,333 | Total sell: 0 .. 
[2026-09-09 14:13:36] [PIPEDOG] 📡 Memantau Blok: 51,074,334 | Total sell: 0 .  
[2026-09-09 14:13:36] [just for you] 📡 Memantau Blok: 51,074,334 | Total sell: 0 .. 
[2026-09-09 14:13:36] [MIO] 📡 Memantau Blok: 51,074,334 | Total sell: 0 .  
[2026-09-09 14:13:37] [BCOP] 📡 Memantau Blok: 51,074,334 | Total sell: 0 ...
[2026-09-09 14:13:37] [PIPEDOG] 📡 Memantau Blok: 51,074,334 | Total sell: 0 .. 
[2026-09-09 14:13:38] [just for you] 📡 Memantau Blok: 51,074,335 | Total sell: 0 ...
[2026-09-09 14:13:38] [MIO] 📡 Memantau Blok: 51,074,335 | Total sell: 0 .. 
[2026-09-09 14:13:38] [BCOP] 📡 Memantau Blok: 51,074,335 | Total sell: 0 .  
[2026-09-09 14:13:38] [PIPEDOG] 📡 Memantau Blok: 51,074,335 | Total sell: 0 ...
[2026-09-09 14:13:39] [MIO] 📡 Memantau Blok: 51,074,335 | Total sell: 0 ...
[2026-09-09 14:13:39] [just for you] 📡 Memantau Blok: 51,074,335 | Total sell: 0 .  
[2026-09-09 14:13:40] [BCOP] 📡 Memantau Blok: 51,074,336 | Total sell: 0 .. 
[2026-09-09 14:13:40] [PIPEDOG] 📡 Memantau Blok: 51,074,336 | Total sell: 0 .  
[2026-09-09 14:13:41] [MIO] 📡 Memantau Blok: 51,074,336 | Total sell: 0 .  
[2026-09-09 14:13:41] [just for you] 📡 Memantau Blok: 51,074,336 | Total sell: 0 .. 
[2026-09-09 14:13:41] [BCOP] 📡 Memantau Blok: 51,074,336 | Total sell: 0 ...
[2026-09-09 14:13:42] [PIPEDOG] 📡 Memantau Blok: 51,074,337 | Total sell: 0 .. 
[2026-09-09 14:13:42] [MIO] 📡 Memantau Blok: 51,074,337 | Total sell: 0 .. 
[2026-09-09 14:13:42] [just for you] 📡 Memantau Blok: 51,074,337 | Total sell: 0 ...
[2026-09-09 14:13:43] [BCOP] 📡 Memantau Blok: 51,074,337 | Total sell: 0 .  
[2026-09-09 14:13:43] [PIPEDOG] 📡 Memantau Blok: 51,074,337 | Total sell: 0 ...
[2026-09-09 14:13:44] [MIO] 📡 Memantau Blok: 51,074,338 | Total sell: 0 ...
[2026-09-09 14:13:44] [just for you] 📡 Memantau Blok: 51,074,338 | Total sell: 0 .  
[2026-09-09 14:13:44] [BCOP] 📡 Memantau Blok: 51,074,338 | Total sell: 0 .. 
[2026-09-09 14:13:44] [PIPEDOG] 📡 Memantau Blok: 51,074,338 | Total sell: 0 .  
[2026-09-09 14:13:45] [MIO] 📡 Memantau Blok: 51,074,338 | Total sell: 0 .  
[2026-09-09 14:13:46] [just for you] 📡 Memantau Blok: 51,074,339 | Total sell: 0 .. 
[2026-09-09 14:13:46] [BCOP] 📡 Memantau Blok: 51,074,339 | Total sell: 0 ...
[2026-09-09 14:13:46] [PIPEDOG] 📡 Memantau Blok: 51,074,339 | Total sell: 0 .. 
[2026-09-09 14:13:47] [MIO] 📡 Memantau Blok: 51,074,339 | Total sell: 0 .. 
[2026-09-09 14:13:47] [just for you] 📡 Memantau Blok: 51,074,339 | Total sell: 0 ...
[2026-09-09 14:13:48] [BCOP] 📡 Memantau Blok: 51,074,340 | Total sell: 0 .  
[2026-09-09 14:13:48] [PIPEDOG] 📡 Memantau Blok: 51,074,340 | Total sell: 0 ...
[2026-09-09 14:13:48] [MIO] 📡 Memantau Blok: 51,074,340 | Total sell: 0 ...
[2026-09-09 14:13:48] [just for you] 📡 Memantau Blok: 51,074,340 | Total sell: 0 .  
[2026-09-09 14:13:49] [PIPEDOG] 📡 Memantau Blok: 51,074,340 | Total sell: 0 .  
[2026-09-09 14:13:50] [MIO] 📡 Memantau Blok: 51,074,341 | Total sell: 0 .  
[2026-09-09 14:13:50] [BCOP] 📡 Memantau Blok: 51,074,341 | Total sell: 0 .. 
[2026-09-09 14:13:50] [just for you] 📡 Memantau Blok: 51,074,341 | Total sell: 0 .. 
[2026-09-09 14:13:51] [PIPEDOG] 📡 Memantau Blok: 51,074,341 | Total sell: 0 .. 
[2026-09-09 14:13:51] [MIO] 📡 Memantau Blok: 51,074,342 | Total sell: 0 .. 
[2026-09-09 14:13:52] [BCOP] 📡 Memantau Blok: 51,074,342 | Total sell: 0 ...
[2026-09-09 14:13:52] [just for you] 📡 Memantau Blok: 51,074,342 | Total sell: 0 ...
[2026-09-09 14:13:52] [PIPEDOG] 📡 Memantau Blok: 51,074,342 | Total sell: 0 ...
[2026-09-09 14:13:53] [MIO] 📡 Memantau Blok: 51,074,342 | Total sell: 0 ...
[2026-09-09 14:13:53] [BCOP] 📡 Memantau Blok: 51,074,342 | Total sell: 0 .  
[2026-09-09 14:13:53] [just for you] 📡 Memantau Blok: 51,074,342 | Total sell: 0 .  
[2026-09-09 14:13:54] [PIPEDOG] 📡 Memantau Blok: 51,074,343 | Total sell: 0 .  
[2026-09-09 14:13:55] [MIO] 📡 Memantau Blok: 51,074,343 | Total sell: 0 .  
[2026-09-09 14:13:55] [BCOP] 📡 Memantau Blok: 51,074,343 | Total sell: 0 .. 
[2026-09-09 14:13:55] [just for you] 📡 Memantau Blok: 51,074,343 | Total sell: 0 .. 
[2026-09-09 14:13:56] [PIPEDOG] 📡 Memantau Blok: 51,074,344 | Total sell: 0 .. 
[2026-09-09 14:13:56] [BCOP] 📡 Memantau Blok: 51,074,344 | Total sell: 0 ...
[2026-09-09 14:13:56] [MIO] 📡 Memantau Blok: 51,074,344 | Total sell: 0 .. 
[2026-09-09 14:13:56] [just for you] 📡 Memantau Blok: 51,074,344 | Total sell: 0 ...
[2026-09-09 14:13:57] [PIPEDOG] 📡 Memantau Blok: 51,074,344 | Total sell: 0 ...
[2026-09-09 14:13:58] [MIO] 📡 Memantau Blok: 51,074,345 | Total sell: 0 ...
[2026-09-09 14:13:58] [BCOP] 📡 Memantau Blok: 51,074,345 | Total sell: 0 .  
[2026-09-09 14:13:58] [just for you] 📡 Memantau Blok: 51,074,345 | Total sell: 0 .  
[2026-09-09 14:13:58] [PIPEDOG] 📡 Memantau Blok: 51,074,345 | Total sell: 0 .  
[2026-09-09 14:13:59] [BCOP] 📡 Memantau Blok: 51,074,345 | Total sell: 0 .. 
[2026-09-09 14:13:59] [MIO] 📡 Memantau Blok: 51,074,345 | Total sell: 0 .  
[2026-09-09 14:14:00] [just for you] 📡 Memantau Blok: 51,074,346 | Total sell: 0 .. 
[2026-09-09 14:14:00] [PIPEDOG] 📡 Memantau Blok: 51,074,346 | Total sell: 0 .. 
[2026-09-09 14:14:01] [MIO] 📡 Memantau Blok: 51,074,346 | Total sell: 0 .. 
[2026-09-09 14:14:01] [BCOP] 📡 Memantau Blok: 51,074,346 | Total sell: 0 ...
[2026-09-09 14:14:01] [just for you] 📡 Memantau Blok: 51,074,346 | Total sell: 0 ...
[2026-09-09 14:14:02] [PIPEDOG] 📡 Memantau Blok: 51,074,347 | Total sell: 0 ...
[2026-09-09 14:14:02] [MIO] 📡 Memantau Blok: 51,074,347 | Total sell: 0 ...
[2026-09-09 14:14:02] [BCOP] 📡 Memantau Blok: 51,074,347 | Total sell: 0 .  
[2026-09-09 14:14:02] [just for you] 📡 Memantau Blok: 51,074,347 | Total sell: 0 .  
[2026-09-09 14:14:03] [PIPEDOG] 📡 Memantau Blok: 51,074,347 | Total sell: 0 .  
[2026-09-09 14:14:04] [MIO] 📡 Memantau Blok: 51,074,348 | Total sell: 0 .  
[2026-09-09 14:14:04] [BCOP] 📡 Memantau Blok: 51,074,348 | Total sell: 0 .. 
[2026-09-09 14:14:04] [just for you] 📡 Memantau Blok: 51,074,348 | Total sell: 0 .. 
[2026-09-09 14:14:04] [PIPEDOG] 📡 Memantau Blok: 51,074,348 | Total sell: 0 .. 
[2026-09-09 14:14:05] [MIO] 📡 Memantau Blok: 51,074,348 | Total sell: 0 .. 
[2026-09-09 14:14:05] [BCOP] 📡 Memantau Blok: 51,074,349 | Total sell: 0 ...
[2026-09-09 14:14:06] [just for you] 📡 Memantau Blok: 51,074,349 | Total sell: 0 ...
[2026-09-09 14:14:06] [PIPEDOG] 📡 Memantau Blok: 51,074,349 | Total sell: 0 ...
[2026-09-09 14:14:07] [MIO] 📡 Memantau Blok: 51,074,349 | Total sell: 0 ...
[2026-09-09 14:14:07] [BCOP] 📡 Memantau Blok: 51,074,349 | Total sell: 0 .  
[2026-09-09 14:14:07] [just for you] 📡 Memantau Blok: 51,074,349 | Total sell: 0 .  
[2026-09-09 14:14:08] [PIPEDOG] 📡 Memantau Blok: 51,074,350 | Total sell: 0 .  
[2026-09-09 14:14:08] [MIO] 📡 Memantau Blok: 51,074,350 | Total sell: 0 .  
[2026-09-09 14:14:08] [BCOP] 📡 Memantau Blok: 51,074,350 | Total sell: 0 .. 
[2026-09-09 14:14:09] [just for you] 📡 Memantau Blok: 51,074,350 | Total sell: 0 .. 
[2026-09-09 14:14:09] [PIPEDOG] 📡 Memantau Blok: 51,074,350 | Total sell: 0 .. 
[2026-09-09 14:14:10] [MIO] 📡 Memantau Blok: 51,074,351 | Total sell: 0 .. 
[2026-09-09 14:14:10] [BCOP] 📡 Memantau Blok: 51,074,351 | Total sell: 0 ...
[2026-09-09 14:14:10] [just for you] 📡 Memantau Blok: 51,074,351 | Total sell: 0 ...
[2026-09-09 14:14:11] [PIPEDOG] 📡 Memantau Blok: 51,074,351 | Total sell: 0 ...
[2026-09-09 14:14:12] [MIO] 📡 Memantau Blok: 51,074,352 | Total sell: 0 ...
[2026-09-09 14:14:12] [BCOP] 📡 Memantau Blok: 51,074,352 | Total sell: 0 .  
[2026-09-09 14:14:12] [just for you] 📡 Memantau Blok: 51,074,352 | Total sell: 0 .  
[2026-09-09 14:14:12] [PIPEDOG] 📡 Memantau Blok: 51,074,352 | Total sell: 0 .  
[2026-09-09 14:14:13] [MIO] 📡 Memantau Blok: 51,074,352 | Total sell: 0 .  
[2026-09-09 14:14:13] [BCOP] 📡 Memantau Blok: 51,074,352 | Total sell: 0 .. 
[2026-09-09 14:14:13] [just for you] 📡 Memantau Blok: 51,074,352 | Total sell: 0 .. 
[2026-09-09 14:14:14] [PIPEDOG] 📡 Memantau Blok: 51,074,353 | Total sell: 0 .. 
[2026-09-09 14:14:14] [BCOP] 📡 Memantau Blok: 51,074,353 | Total sell: 0 ...
[2026-09-09 14:14:14] [MIO] 📡 Memantau Blok: 51,074,353 | Total sell: 0 .. 
[2026-09-09 14:14:15] [just for you] 📡 Memantau Blok: 51,074,353 | Total sell: 0 ...
[2026-09-09 14:14:15] [PIPEDOG] 📡 Memantau Blok: 51,074,353 | Total sell: 0 ...
[2026-09-09 14:14:16] [MIO] 📡 Memantau Blok: 51,074,354 | Total sell: 0 ...
[2026-09-09 14:14:16] [BCOP] 📡 Memantau Blok: 51,074,354 | Total sell: 0 .  
[2026-09-09 14:14:16] [just for you] 📡 Memantau Blok: 51,074,354 | Total sell: 0 .  
[2026-09-09 14:14:17] [PIPEDOG] 📡 Memantau Blok: 51,074,354 | Total sell: 0 .  
[2026-09-09 14:14:18] [BCOP] 📡 Memantau Blok: 51,074,355 | Total sell: 0 .. 
[2026-09-09 14:14:18] [MIO] 📡 Memantau Blok: 51,074,355 | Total sell: 0 .  
[2026-09-09 14:14:18] [just for you] 📡 Memantau Blok: 51,074,355 | Total sell: 0 .. 
[2026-09-09 14:14:18] [PIPEDOG] 📡 Memantau Blok: 51,074,355 | Total sell: 0 .. 
[2026-09-09 14:14:19] [MIO] 📡 Memantau Blok: 51,074,355 | Total sell: 0 .. 
[2026-09-09 14:14:19] [just for you] 📡 Memantau Blok: 51,074,356 | Total sell: 0 ...
[2026-09-09 14:14:20] [BCOP] 📡 Memantau Blok: 51,074,356 | Total sell: 0 ...
[2026-09-09 14:14:20] [PIPEDOG] 📡 Memantau Blok: 51,074,356 | Total sell: 0 ...
[2026-09-09 14:14:21] [MIO] 📡 Memantau Blok: 51,074,356 | Total sell: 0 ...
[2026-09-09 14:14:21] [just for you] 📡 Memantau Blok: 51,074,356 | Total sell: 0 .  
[2026-09-09 14:14:21] [BCOP] 📡 Memantau Blok: 51,074,356 | Total sell: 0 .  
[2026-09-09 14:14:21] [PIPEDOG] 📡 Memantau Blok: 51,074,356 | Total sell: 0 .  
[2026-09-09 14:14:22] [MIO] 📡 Memantau Blok: 51,074,357 | Total sell: 0 .  
[2026-09-09 14:14:22] [just for you] 📡 Memantau Blok: 51,074,357 | Total sell: 0 .. 
[2026-09-09 14:14:22] [BCOP] 📡 Memantau Blok: 51,074,357 | Total sell: 0 .. 
[2026-09-09 16:25:25] [just for you] ERROR: Gagal mengambil getLogs: request timeout (code=TIMEOUT, version=6.17.0)
[2026-09-09 16:25:25] [just for you] ❌ ERROR: Gagal mengambil getLogs: request timeout (code=TIMEOUT, version=6.17.0)
[2026-09-09 16:25:25] [just for you] ERROR: Koneksi RPC terputus (request timeout (code=TIMEOUT, version=6.17.0)...).
[2026-09-09 16:25:25] [just for you] ❌ ERROR: Koneksi RPC terputus (request timeout (code=TIMEOUT, version=6.17.0)...).
[2026-09-09 16:25:25] [just for you] ⚠️ Tidak ada RPC cadangan untuk dirotasi.
[2026-09-09 16:25:25] [PIPEDOG] ERROR: Koneksi RPC terputus (request timeout (code=TIMEOUT, version=6.17.0)...).
[2026-09-09 16:25:25] [PIPEDOG] ❌ ERROR: Koneksi RPC terputus (request timeout (code=TIMEOUT, version=6.17.0)...).
[2026-09-09 16:25:27] [PIPEDOG] 🔄 RPC Error terdeteksi! Merotasi ke RPC: https://base-mainnet.g.alchemy.com/public
[2026-09-09 16:25:27] [PIPEDOG] ERROR: Gagal merotasi RPC: dex is not defined
[2026-09-09 16:25:27] [PIPEDOG] ❌ ERROR: Gagal merotasi RPC: dex is not defined
[2026-09-09 16:25:27] [BCOP] ERROR: Gagal mengambil getLogs: request timeout (code=TIMEOUT, version=6.17.0)
[2026-09-09 16:25:27] [BCOP] ❌ ERROR: Gagal mengambil getLogs: request timeout (code=TIMEOUT, version=6.17.0)
[2026-09-09 16:25:28] [BCOP] ERROR: Koneksi RPC terputus (request timeout (code=TIMEOUT, version=6.17.0)...).
[2026-09-09 16:25:28] [BCOP] ❌ ERROR: Koneksi RPC terputus (request timeout (code=TIMEOUT, version=6.17.0)...).
[2026-09-09 16:25:28] [BCOP] 🔄 RPC Error terdeteksi! Merotasi ke RPC: https://base-mainnet.g.alchemy.com/public
[2026-09-09 16:25:28] [BCOP] ERROR: Gagal merotasi RPC: dex is not defined
[2026-09-09 16:25:28] [BCOP] ❌ ERROR: Gagal merotasi RPC: dex is not defined
[2026-09-09 16:25:28] [MIO] ERROR: Koneksi RPC terputus (request timeout (code=TIMEOUT, version=6.17.0)...).
[2026-09-09 16:25:28] [MIO] ❌ ERROR: Koneksi RPC terputus (request timeout (code=TIMEOUT, version=6.17.0)...).
[2026-09-09 16:25:28] [MIO] 🔄 RPC Error terdeteksi! Merotasi ke RPC: https://base-mainnet.g.alchemy.com/public
[2026-09-09 16:25:28] [MIO] ERROR: Gagal merotasi RPC: dex is not defined
[2026-09-09 16:25:28] [MIO] ❌ ERROR: Gagal merotasi RPC: dex is not defined
[2026-09-09 16:25:29] [just for you] ERROR: Kesalahan saat memantau: getaddrinfo ENOTFOUND mainnet.base.org
[2026-09-09 16:25:29] [just for you] ❌ ERROR: Kesalahan saat memantau: getaddrinfo ENOTFOUND mainnet.base.org
[2026-09-09 16:25:30] [just for you] ERROR: Kesalahan saat memantau: getaddrinfo ENOTFOUND mainnet.base.org
[2026-09-09 16:25:30] [just for you] ❌ ERROR: Kesalahan saat memantau: getaddrinfo ENOTFOUND mainnet.base.org
[2026-09-09 16:25:31] [PIPEDOG] ERROR: Kesalahan saat memantau: getaddrinfo ENOTFOUND base-mainnet.g.alchemy.com
[2026-09-09 16:25:31] [PIPEDOG] ❌ ERROR: Kesalahan saat memantau: getaddrinfo ENOTFOUND base-mainnet.g.alchemy.com
[2026-09-09 16:25:31] [BCOP] ERROR: Kesalahan saat memantau: getaddrinfo ENOTFOUND base-mainnet.g.alchemy.com
[2026-09-09 16:25:31] [BCOP] ❌ ERROR: Kesalahan saat memantau: getaddrinfo ENOTFOUND base-mainnet.g.alchemy.com
[2026-09-09 16:25:31] [MIO] ERROR: Kesalahan saat memantau: getaddrinfo ENOTFOUND base-mainnet.g.alchemy.com
[2026-09-09 16:25:31] [MIO] ❌ ERROR: Kesalahan saat memantau: getaddrinfo ENOTFOUND base-mainnet.g.alchemy.com
[2026-09-09 16:25:31] [just for you] ERROR: Kesalahan saat memantau: getaddrinfo ENOTFOUND mainnet.base.org
[2026-09-09 16:25:31] [just for you] ❌ ERROR: Kesalahan saat memantau: getaddrinfo ENOTFOUND mainnet.base.org
[2026-09-09 16:25:32] [PIPEDOG] ERROR: Kesalahan saat memantau: getaddrinfo ENOTFOUND base-mainnet.g.alchemy.com
[2026-09-09 16:25:32] [PIPEDOG] ❌ ERROR: Kesalahan saat memantau: getaddrinfo ENOTFOUND base-mainnet.g.alchemy.com
[2026-09-09 16:25:32] [BCOP] ERROR: Kesalahan saat memantau: getaddrinfo ENOTFOUND base-mainnet.g.alchemy.com
[2026-09-09 16:25:32] [BCOP] ❌ ERROR: Kesalahan saat memantau: getaddrinfo ENOTFOUND base-mainnet.g.alchemy.com
[2026-09-09 16:25:32] [MIO] ERROR: Kesalahan saat memantau: getaddrinfo ENOTFOUND base-mainnet.g.alchemy.com
[2026-09-09 16:25:32] [MIO] ❌ ERROR: Kesalahan saat memantau: getaddrinfo ENOTFOUND base-mainnet.g.alchemy.com
[2026-09-09 16:25:32] [just for you] ERROR: Kesalahan saat memantau: getaddrinfo ENOTFOUND mainnet.base.org
[2026-09-09 16:25:32] [just for you] ❌ ERROR: Kesalahan saat memantau: getaddrinfo ENOTFOUND mainnet.base.org
[2026-09-09 16:25:33] [PIPEDOG] 📡 Memantau Blok: 51,078,292 | Total sell: 0 .. 
[2026-09-09 16:25:33] [BCOP] 📡 Memantau Blok: 51,078,292 | Total sell: 0 .. 
[2026-09-09 16:25:33] [PIPEDOG] ERROR: Gagal mengambil getLogs: server response 400 Bad Request (request={  }, response={  }, error=null, info={ "requestUrl": "https://base-mainnet.g.alchemy.com/public", "responseBody": "{\"jsonrpc\":\"2.0\",\"id\":4,\"error\":{\"code\":-32600,\"message\":\"You can make eth_getLogs requests with up to a 100 block range. Based on your parameters, this block range should work: [0x30b5535, 0x30b5598]\"}}", "responseStatus": "400 Bad Request" }, code=SERVER_ERROR, version=6.17.0)
[2026-09-09 16:25:33] [PIPEDOG] ❌ ERROR: Gagal mengambil getLogs: server response 400 Bad Request (request={  }, response={  }, error=null, info={ "requestUrl": "https://base-mainnet.g.alchemy.com/public", "responseBody": "{\"jsonrpc\":\"2.0\",\"id\":4,\"error\":{\"code\":-32600,\"message\":\"You can make eth_getLogs requests with up to a 100 block range. Based on your parameters, this block range should work: [0x30b5535, 0x30b5598]\"}}", "responseStatus": "400 Bad Request" }, code=SERVER_ERROR, version=6.17.0)
[2026-09-09 16:25:33] [PIPEDOG] ERROR: Koneksi RPC terputus (server response 400 Bad Request (request={  }, res...).
[2026-09-09 16:25:33] [PIPEDOG] ❌ ERROR: Koneksi RPC terputus (server response 400 Bad Request (request={  }, res...).
[2026-09-09 16:25:33] [PIPEDOG] 🔄 RPC Error terdeteksi! Merotasi ke RPC: https://mainnet.base.org
[2026-09-09 16:25:33] [PIPEDOG] ERROR: Gagal merotasi RPC: dex is not defined
[2026-09-09 16:25:33] [PIPEDOG] ❌ ERROR: Gagal merotasi RPC: dex is not defined
[2026-09-09 16:25:33] [MIO] 📡 Memantau Blok: 51,078,292 | Total sell: 0 .. 
[2026-09-09 16:25:33] [BCOP] ERROR: Gagal mengambil getLogs: server response 400 Bad Request (request={  }, response={  }, error=null, info={ "requestUrl": "https://base-mainnet.g.alchemy.com/public", "responseBody": "{\"jsonrpc\":\"2.0\",\"id\":4,\"error\":{\"code\":-32600,\"message\":\"You can make eth_getLogs requests with up to a 100 block range. Based on your parameters, this block range should work: [0x30b5536, 0x30b5599]\"}}", "responseStatus": "400 Bad Request" }, code=SERVER_ERROR, version=6.17.0)
[2026-09-09 16:25:33] [BCOP] ❌ ERROR: Gagal mengambil getLogs: server response 400 Bad Request (request={  }, response={  }, error=null, info={ "requestUrl": "https://base-mainnet.g.alchemy.com/public", "responseBody": "{\"jsonrpc\":\"2.0\",\"id\":4,\"error\":{\"code\":-32600,\"message\":\"You can make eth_getLogs requests with up to a 100 block range. Based on your parameters, this block range should work: [0x30b5536, 0x30b5599]\"}}", "responseStatus": "400 Bad Request" }, code=SERVER_ERROR, version=6.17.0)
[2026-09-09 16:25:33] [BCOP] ERROR: Koneksi RPC terputus (server response 400 Bad Request (request={  }, res...).
[2026-09-09 16:25:33] [BCOP] ❌ ERROR: Koneksi RPC terputus (server response 400 Bad Request (request={  }, res...).
[2026-09-09 16:25:33] [BCOP] 🔄 RPC Error terdeteksi! Merotasi ke RPC: https://mainnet.base.org
[2026-09-09 16:25:33] [BCOP] ERROR: Gagal merotasi RPC: dex is not defined
[2026-09-09 16:25:33] [BCOP] ❌ ERROR: Gagal merotasi RPC: dex is not defined
[2026-09-09 16:25:33] [MIO] ERROR: Gagal mengambil getLogs: server response 400 Bad Request (request={  }, response={  }, error=null, info={ "requestUrl": "https://base-mainnet.g.alchemy.com/public", "responseBody": "{\"jsonrpc\":\"2.0\",\"id\":4,\"error\":{\"code\":-32600,\"message\":\"You can make eth_getLogs requests with up to a 100 block range. Based on your parameters, this block range should work: [0x30b5536, 0x30b5599]\"}}", "responseStatus": "400 Bad Request" }, code=SERVER_ERROR, version=6.17.0)
[2026-09-09 16:25:33] [MIO] ❌ ERROR: Gagal mengambil getLogs: server response 400 Bad Request (request={  }, response={  }, error=null, info={ "requestUrl": "https://base-mainnet.g.alchemy.com/public", "responseBody": "{\"jsonrpc\":\"2.0\",\"id\":4,\"error\":{\"code\":-32600,\"message\":\"You can make eth_getLogs requests with up to a 100 block range. Based on your parameters, this block range should work: [0x30b5536, 0x30b5599]\"}}", "responseStatus": "400 Bad Request" }, code=SERVER_ERROR, version=6.17.0)
[2026-09-09 16:25:33] [MIO] ERROR: Koneksi RPC terputus (server response 400 Bad Request (request={  }, res...).
[2026-09-09 16:25:33] [MIO] ❌ ERROR: Koneksi RPC terputus (server response 400 Bad Request (request={  }, res...).
[2026-09-09 16:25:33] [MIO] 🔄 RPC Error terdeteksi! Merotasi ke RPC: https://mainnet.base.org
[2026-09-09 16:25:33] [MIO] ERROR: Gagal merotasi RPC: dex is not defined
[2026-09-09 16:25:33] [MIO] ❌ ERROR: Gagal merotasi RPC: dex is not defined
[2026-09-09 16:25:33] [just for you] 📡 Memantau Blok: 51,078,292 | Total sell: 0 .  
[2026-09-09 16:25:34] [just for you] ERROR: Gagal mengambil getLogs: server response 500 Internal Server Error (request={  }, response={  }, error=null, info={ "requestUrl": "https://mainnet.base.org", "responseBody": "{\"jsonrpc\":\"2.0\",\"error\":{\"code\":-32020,\"message\":\"backend response too large\"},\"id\":1560}\n", "responseStatus": "500 Internal Server Error" }, code=SERVER_ERROR, version=6.17.0)
[2026-09-09 16:25:34] [just for you] ❌ ERROR: Gagal mengambil getLogs: server response 500 Internal Server Error (request={  }, response={  }, error=null, info={ "requestUrl": "https://mainnet.base.org", "responseBody": "{\"jsonrpc\":\"2.0\",\"error\":{\"code\":-32020,\"message\":\"backend response too large\"},\"id\":1560}\n", "responseStatus": "500 Internal Server Error" }, code=SERVER_ERROR, version=6.17.0)
[2026-09-09 16:25:34] [just for you] ERROR: Koneksi RPC terputus (server response 500 Internal Server Error (request...).
[2026-09-09 16:25:34] [just for you] ❌ ERROR: Koneksi RPC terputus (server response 500 Internal Server Error (request...).
[2026-09-09 16:25:34] [just for you] ⚠️ Tidak ada RPC cadangan untuk dirotasi.
[2026-09-09 16:25:36] [PIPEDOG] 📡 Memantau Blok: 51,078,294 | Total sell: 0 ...
[2026-09-09 16:25:36] [MIO] 📡 Memantau Blok: 51,078,294 | Total sell: 0 ...
[2026-09-09 16:25:36] [BCOP] 📡 Memantau Blok: 51,078,294 | Total sell: 0 ...
[2026-09-09 16:25:37] [just for you] 📡 Memantau Blok: 51,078,295 | Total sell: 0 .. 
[2026-09-09 16:25:38] [PIPEDOG] 📡 Memantau Blok: 51,078,295 | Total sell: 0 .  
[2026-09-09 16:25:38] [MIO] 📡 Memantau Blok: 51,078,295 | Total sell: 0 .  
[2026-09-09 16:25:38] [BCOP] 📡 Memantau Blok: 51,078,295 | Total sell: 0 .  
[2026-09-09 16:25:39] [just for you] 📡 Memantau Blok: 51,078,295 | Total sell: 0 ...
[2026-09-09 16:25:39] [PIPEDOG] 📡 Memantau Blok: 51,078,295 | Total sell: 0 .. 
[2026-09-09 16:25:39] [MIO] 📡 Memantau Blok: 51,078,296 | Total sell: 0 .. 
[2026-09-09 16:25:39] [BCOP] 📡 Memantau Blok: 51,078,296 | Total sell: 0 .. 
[2026-09-09 16:25:40] [just for you] 📡 Memantau Blok: 51,078,296 | Total sell: 0 .  
[2026-09-09 16:25:41] [PIPEDOG] 📡 Memantau Blok: 51,078,296 | Total sell: 0 ...
[2026-09-09 16:25:41] [MIO] 📡 Memantau Blok: 51,078,296 | Total sell: 0 ...
[2026-09-09 16:25:41] [BCOP] 📡 Memantau Blok: 51,078,296 | Total sell: 0 ...
[2026-09-09 16:25:42] [just for you] 📡 Memantau Blok: 51,078,297 | Total sell: 0 .. 
[2026-09-09 16:25:42] [PIPEDOG] 📡 Memantau Blok: 51,078,297 | Total sell: 0 .  
[2026-09-09 16:25:42] [MIO] 📡 Memantau Blok: 51,078,297 | Total sell: 0 .  
[2026-09-09 16:25:42] [BCOP] 📡 Memantau Blok: 51,078,297 | Total sell: 0 .  
[2026-09-09 16:25:44] [just for you] 📡 Memantau Blok: 51,078,298 | Total sell: 0 ...
[2026-09-09 16:25:44] [PIPEDOG] 📡 Memantau Blok: 51,078,298 | Total sell: 0 .. 
[2026-09-09 16:25:44] [MIO] 📡 Memantau Blok: 51,078,298 | Total sell: 0 .. 
[2026-09-09 16:25:44] [BCOP] 📡 Memantau Blok: 51,078,298 | Total sell: 0 .. 
[2026-09-09 16:25:45] [PIPEDOG] 📡 Memantau Blok: 51,078,299 | Total sell: 0 ...
[2026-09-09 16:25:45] [just for you] 📡 Memantau Blok: 51,078,299 | Total sell: 0 .  
[2026-09-09 16:25:46] [MIO] 📡 Memantau Blok: 51,078,299 | Total sell: 0 ...
[2026-09-09 16:25:46] [BCOP] 📡 Memantau Blok: 51,078,299 | Total sell: 0 ...
[2026-09-09 16:25:47] [PIPEDOG] 📡 Memantau Blok: 51,078,299 | Total sell: 0 .  
[2026-09-09 16:25:47] [just for you] 📡 Memantau Blok: 51,078,299 | Total sell: 0 .. 
[2026-09-09 16:25:47] [MIO] 📡 Memantau Blok: 51,078,299 | Total sell: 0 .  
[2026-09-09 16:25:47] [BCOP] 📡 Memantau Blok: 51,078,299 | Total sell: 0 .  
[2026-09-09 16:25:48] [PIPEDOG] 📡 Memantau Blok: 51,078,300 | Total sell: 0 .. 
[2026-09-09 16:25:48] [just for you] 📡 Memantau Blok: 51,078,300 | Total sell: 0 ...
[2026-09-09 16:25:48] [MIO] 📡 Memantau Blok: 51,078,300 | Total sell: 0 .. 
[2026-09-09 16:25:48] [BCOP] 📡 Memantau Blok: 51,078,300 | Total sell: 0 .. 
[2026-09-09 16:25:50] [PIPEDOG] 📡 Memantau Blok: 51,078,301 | Total sell: 0 ...
[2026-09-09 16:25:50] [just for you] 📡 Memantau Blok: 51,078,301 | Total sell: 0 .  
[2026-09-09 16:25:50] [MIO] 📡 Memantau Blok: 51,078,301 | Total sell: 0 ...
[2026-09-09 16:25:50] [BCOP] 📡 Memantau Blok: 51,078,301 | Total sell: 0 ...
[2026-09-09 16:25:51] [PIPEDOG] 📡 Memantau Blok: 51,078,302 | Total sell: 0 .  
[2026-09-09 16:25:51] [just for you] 📡 Memantau Blok: 51,078,302 | Total sell: 0 .. 
[2026-09-09 16:25:52] [BCOP] 📡 Memantau Blok: 51,078,302 | Total sell: 0 .  
[2026-09-09 16:25:52] [MIO] 📡 Memantau Blok: 51,078,302 | Total sell: 0 .  
[2026-09-09 16:25:53] [PIPEDOG] 📡 Memantau Blok: 51,078,302 | Total sell: 0 .. 
[2026-09-09 16:25:53] [just for you] 📡 Memantau Blok: 51,078,302 | Total sell: 0 ...
[2026-09-09 16:25:53] [MIO] 📡 Memantau Blok: 51,078,303 | Total sell: 0 .. 
[2026-09-09 16:25:53] [BCOP] 📡 Memantau Blok: 51,078,303 | Total sell: 0 .. 
[2026-09-09 16:25:54] [PIPEDOG] 📡 Memantau Blok: 51,078,303 | Total sell: 0 ...
[2026-09-09 16:25:54] [just for you] 📡 Memantau Blok: 51,078,303 | Total sell: 0 .  
[2026-09-09 16:25:55] [MIO] 📡 Memantau Blok: 51,078,303 | Total sell: 0 ...
[2026-09-09 16:25:55] [BCOP] 📡 Memantau Blok: 51,078,303 | Total sell: 0 ...
[2026-09-09 16:25:56] [just for you] 📡 Memantau Blok: 51,078,304 | Total sell: 0 .. 
[2026-09-09 16:25:56] [PIPEDOG] 📡 Memantau Blok: 51,078,304 | Total sell: 0 .  
[2026-09-09 16:25:56] [MIO] 📡 Memantau Blok: 51,078,304 | Total sell: 0 .  
[2026-09-09 16:25:56] [BCOP] 📡 Memantau Blok: 51,078,304 | Total sell: 0 .  
[2026-09-09 16:25:57] [PIPEDOG] 📡 Memantau Blok: 51,078,305 | Total sell: 0 .. 
[2026-09-09 16:25:57] [just for you] 📡 Memantau Blok: 51,078,305 | Total sell: 0 ...
[2026-09-09 16:25:58] [BCOP] 📡 Memantau Blok: 51,078,305 | Total sell: 0 .. 
[2026-09-09 16:25:58] [MIO] 📡 Memantau Blok: 51,078,305 | Total sell: 0 .. 
[2026-09-09 16:25:59] [PIPEDOG] 📡 Memantau Blok: 51,078,305 | Total sell: 0 ...
[2026-09-09 16:25:59] [just for you] 📡 Memantau Blok: 51,078,305 | Total sell: 0 .  
[2026-09-09 16:25:59] [BCOP] 📡 Memantau Blok: 51,078,306 | Total sell: 0 ...
[2026-09-09 16:26:00] [MIO] 📡 Memantau Blok: 51,078,306 | Total sell: 0 ...
[2026-09-09 16:26:00] [PIPEDOG] 📡 Memantau Blok: 51,078,306 | Total sell: 0 .  
[2026-09-09 16:26:00] [just for you] 📡 Memantau Blok: 51,078,306 | Total sell: 0 .. 
[2026-09-09 16:26:01] [BCOP] 📡 Memantau Blok: 51,078,306 | Total sell: 0 .  
[2026-09-09 16:26:01] [MIO] 📡 Memantau Blok: 51,078,307 | Total sell: 0 .  
[2026-09-09 16:26:02] [PIPEDOG] 📡 Memantau Blok: 51,078,307 | Total sell: 0 .. 
[2026-09-09 16:26:02] [just for you] 📡 Memantau Blok: 51,078,307 | Total sell: 0 ...
[2026-09-09 16:26:02] [BCOP] 📡 Memantau Blok: 51,078,307 | Total sell: 0 .. 
[2026-09-09 16:26:03] [MIO] 📡 Memantau Blok: 51,078,307 | Total sell: 0 .. 
[2026-09-09 16:26:04] [PIPEDOG] 📡 Memantau Blok: 51,078,308 | Total sell: 0 ...
[2026-09-09 16:26:04] [just for you] 📡 Memantau Blok: 51,078,308 | Total sell: 0 .  
[2026-09-09 16:26:04] [BCOP] 📡 Memantau Blok: 51,078,308 | Total sell: 0 ...
[2026-09-09 16:26:04] [MIO] 📡 Memantau Blok: 51,078,308 | Total sell: 0 ...
[2026-09-09 16:26:05] [PIPEDOG] 📡 Memantau Blok: 51,078,308 | Total sell: 0 .  
[2026-09-09 16:26:05] [just for you] 📡 Memantau Blok: 51,078,308 | Total sell: 0 .. 
[2026-09-09 16:26:06] [BCOP] 📡 Memantau Blok: 51,078,309 | Total sell: 0 .  
[2026-09-09 16:26:06] [MIO] 📡 Memantau Blok: 51,078,309 | Total sell: 0 .  
[2026-09-09 16:26:06] [PIPEDOG] 📡 Memantau Blok: 51,078,309 | Total sell: 0 .. 
[2026-09-09 16:26:07] [just for you] 📡 Memantau Blok: 51,078,309 | Total sell: 0 ...
[2026-09-09 16:26:07] [BCOP] 📡 Memantau Blok: 51,078,309 | Total sell: 0 .. 
[2026-09-09 16:26:08] [MIO] 📡 Memantau Blok: 51,078,310 | Total sell: 0 .. 
[2026-09-09 16:26:08] [just for you] 📡 Memantau Blok: 51,078,310 | Total sell: 0 .  
[2026-09-09 16:26:08] [PIPEDOG] 📡 Memantau Blok: 51,078,310 | Total sell: 0 ...
[2026-09-09 16:26:09] [BCOP] 📡 Memantau Blok: 51,078,310 | Total sell: 0 ...
[2026-09-09 16:26:09] [MIO] 📡 Memantau Blok: 51,078,310 | Total sell: 0 ...
[2026-09-09 16:26:10] [just for you] 📡 Memantau Blok: 51,078,311 | Total sell: 0 .. 
[2026-09-09 16:26:10] [PIPEDOG] 📡 Memantau Blok: 51,078,311 | Total sell: 0 .  
[2026-09-09 16:26:10] [BCOP] 📡 Memantau Blok: 51,078,311 | Total sell: 0 .  
[2026-09-09 16:26:11] [MIO] 📡 Memantau Blok: 51,078,311 | Total sell: 0 .  
[2026-09-09 16:26:11] [just for you] 📡 Memantau Blok: 51,078,311 | Total sell: 0 ...
[2026-09-09 16:26:11] [PIPEDOG] 📡 Memantau Blok: 51,078,311 | Total sell: 0 .. 
[2026-09-09 16:26:12] [BCOP] 📡 Memantau Blok: 51,078,312 | Total sell: 0 .. 
[2026-09-09 16:26:12] [MIO] 📡 Memantau Blok: 51,078,312 | Total sell: 0 .. 
[2026-09-09 16:26:13] [just for you] 📡 Memantau Blok: 51,078,312 | Total sell: 0 .  
[2026-09-09 16:26:13] [PIPEDOG] 📡 Memantau Blok: 51,078,312 | Total sell: 0 ...
[2026-09-09 16:26:13] [BCOP] 📡 Memantau Blok: 51,078,313 | Total sell: 0 ...
[2026-09-09 16:26:14] [MIO] 📡 Memantau Blok: 51,078,313 | Total sell: 0 ...
[2026-09-09 16:26:14] [PIPEDOG] 📡 Memantau Blok: 51,078,313 | Total sell: 0 .  
[2026-09-09 16:26:14] [just for you] 📡 Memantau Blok: 51,078,313 | Total sell: 0 .. 
[2026-09-09 16:26:15] [BCOP] 📡 Memantau Blok: 51,078,313 | Total sell: 0 .  
[2026-09-09 16:26:15] [MIO] 📡 Memantau Blok: 51,078,314 | Total sell: 0 .  
[2026-09-09 16:26:16] [PIPEDOG] 📡 Memantau Blok: 51,078,314 | Total sell: 0 .. 
[2026-09-09 16:26:16] [just for you] 📡 Memantau Blok: 51,078,314 | Total sell: 0 ...
[2026-09-09 16:26:16] [BCOP] 📡 Memantau Blok: 51,078,314 | Total sell: 0 .. 
[2026-09-09 16:26:17] [MIO] 📡 Memantau Blok: 51,078,314 | Total sell: 0 .. 
[2026-09-09 16:26:17] [PIPEDOG] 📡 Memantau Blok: 51,078,315 | Total sell: 0 ...
[2026-09-09 16:26:17] [just for you] 📡 Memantau Blok: 51,078,315 | Total sell: 0 .  
[2026-09-09 16:26:18] [BCOP] 📡 Memantau Blok: 51,078,315 | Total sell: 0 ...
[2026-09-09 16:26:18] [MIO] 📡 Memantau Blok: 51,078,315 | Total sell: 0 ...
[2026-09-09 16:26:19] [PIPEDOG] 📡 Memantau Blok: 51,078,315 | Total sell: 0 .  
[2026-09-09 16:26:19] [just for you] 📡 Memantau Blok: 51,078,315 | Total sell: 0 .. 
[2026-09-09 16:26:20] [BCOP] 📡 Memantau Blok: 51,078,316 | Total sell: 0 .  
[2026-09-09 16:26:20] [MIO] 📡 Memantau Blok: 51,078,316 | Total sell: 0 .  
[2026-09-09 16:26:20] [PIPEDOG] 📡 Memantau Blok: 51,078,316 | Total sell: 0 .. 
[2026-09-09 16:26:20] [just for you] 📡 Memantau Blok: 51,078,316 | Total sell: 0 ...
[2026-09-09 16:26:21] [BCOP] 📡 Memantau Blok: 51,078,316 | Total sell: 0 .. 
[2026-09-09 16:26:21] [MIO] 📡 Memantau Blok: 51,078,317 | Total sell: 0 .. 
[2026-09-09 16:26:22] [PIPEDOG] 📡 Memantau Blok: 51,078,317 | Total sell: 0 ...
[2026-09-09 16:26:22] [just for you] 📡 Memantau Blok: 51,078,317 | Total sell: 0 .  
[2026-09-09 16:26:22] [BCOP] 📡 Memantau Blok: 51,078,317 | Total sell: 0 ...
[2026-09-09 16:26:23] [MIO] 📡 Memantau Blok: 51,078,317 | Total sell: 0 ...
[2026-09-09 16:26:23] [PIPEDOG] 📡 Memantau Blok: 51,078,318 | Total sell: 0 .  
[2026-09-09 16:26:24] [just for you] 📡 Memantau Blok: 51,078,318 | Total sell: 0 .. 
[2026-09-09 16:26:24] [BCOP] 📡 Memantau Blok: 51,078,318 | Total sell: 0 .  
[2026-09-09 16:26:24] [MIO] 📡 Memantau Blok: 51,078,318 | Total sell: 0 .  
[2026-09-09 16:26:25] [PIPEDOG] 📡 Memantau Blok: 51,078,318 | Total sell: 0 .. 
[2026-09-09 16:26:25] [just for you] 📡 Memantau Blok: 51,078,318 | Total sell: 0 ...
[2026-09-09 16:26:26] [BCOP] 📡 Memantau Blok: 51,078,319 | Total sell: 0 .. 
[2026-09-09 16:26:26] [MIO] 📡 Memantau Blok: 51,078,319 | Total sell: 0 .. 
[2026-09-09 16:26:26] [PIPEDOG] 📡 Memantau Blok: 51,078,319 | Total sell: 0 ...
[2026-09-09 16:26:26] [just for you] 📡 Memantau Blok: 51,078,319 | Total sell: 0 .  
[2026-09-09 16:26:27] [BCOP] 📡 Memantau Blok: 51,078,319 | Total sell: 0 ...
[2026-09-09 16:26:27] [MIO] 📡 Memantau Blok: 51,078,320 | Total sell: 0 ...
[2026-09-09 16:26:28] [PIPEDOG] 📡 Memantau Blok: 51,078,320 | Total sell: 0 .  
[2026-09-09 16:26:28] [just for you] 📡 Memantau Blok: 51,078,320 | Total sell: 0 .. 
[2026-09-09 16:26:28] [BCOP] 📡 Memantau Blok: 51,078,320 | Total sell: 0 .  
[2026-09-09 16:26:29] [MIO] 📡 Memantau Blok: 51,078,320 | Total sell: 0 .  
[2026-09-09 16:26:30] [PIPEDOG] 📡 Memantau Blok: 51,078,321 | Total sell: 0 .. 
[2026-09-09 16:26:30] [just for you] 📡 Memantau Blok: 51,078,321 | Total sell: 0 ...
[2026-09-09 16:26:30] [BCOP] 📡 Memantau Blok: 51,078,321 | Total sell: 0 .. 
[2026-09-09 16:26:30] [MIO] 📡 Memantau Blok: 51,078,321 | Total sell: 0 .. 
[2026-09-09 16:26:31] [PIPEDOG] 📡 Memantau Blok: 51,078,321 | Total sell: 0 ...
[2026-09-09 16:26:31] [just for you] 📡 Memantau Blok: 51,078,321 | Total sell: 0 .  
[2026-09-09 16:26:32] [BCOP] 📡 Memantau Blok: 51,078,322 | Total sell: 0 ...
[2026-09-09 16:26:32] [MIO] 📡 Memantau Blok: 51,078,322 | Total sell: 0 ...
[2026-09-09 16:26:32] [PIPEDOG] 📡 Memantau Blok: 51,078,322 | Total sell: 0 .  
[2026-09-09 16:26:33] [just for you] 📡 Memantau Blok: 51,078,322 | Total sell: 0 .. 
[2026-09-09 16:26:33] [BCOP] 📡 Memantau Blok: 51,078,323 | Total sell: 0 .  
[2026-09-09 16:26:34] [MIO] 📡 Memantau Blok: 51,078,323 | Total sell: 0 .  
[2026-09-09 16:26:34] [PIPEDOG] 📡 Memantau Blok: 51,078,323 | Total sell: 0 .. 
[2026-09-09 16:26:34] [just for you] 📡 Memantau Blok: 51,078,323 | Total sell: 0 ...
[2026-09-09 16:26:35] [BCOP] 📡 Memantau Blok: 51,078,323 | Total sell: 0 .. 
[2026-09-09 16:26:35] [MIO] 📡 Memantau Blok: 51,078,323 | Total sell: 0 .. 
[2026-09-09 16:26:36] [PIPEDOG] 📡 Memantau Blok: 51,078,324 | Total sell: 0 ...
[2026-09-09 16:26:36] [just for you] 📡 Memantau Blok: 51,078,324 | Total sell: 0 .  
[2026-09-09 16:26:36] [BCOP] 📡 Memantau Blok: 51,078,324 | Total sell: 0 ...
[2026-09-09 16:26:36] [MIO] 📡 Memantau Blok: 51,078,324 | Total sell: 0 ...
[2026-09-09 16:26:37] [PIPEDOG] 📡 Memantau Blok: 51,078,324 | Total sell: 0 .  
[2026-09-09 16:26:37] [just for you] 📡 Memantau Blok: 51,078,325 | Total sell: 0 .. 
[2026-09-09 16:26:38] [BCOP] 📡 Memantau Blok: 51,078,325 | Total sell: 0 .  
[2026-09-09 16:26:38] [MIO] 📡 Memantau Blok: 51,078,325 | Total sell: 0 .  
[2026-09-09 16:26:39] [PIPEDOG] 📡 Memantau Blok: 51,078,325 | Total sell: 0 .. 
[2026-09-09 16:26:39] [just for you] 📡 Memantau Blok: 51,078,325 | Total sell: 0 ...
[2026-09-09 16:26:39] [BCOP] 📡 Memantau Blok: 51,078,326 | Total sell: 0 .. 
[2026-09-09 16:26:40] [MIO] 📡 Memantau Blok: 51,078,326 | Total sell: 0 .. 
[2026-09-09 16:26:40] [PIPEDOG] 📡 Memantau Blok: 51,078,326 | Total sell: 0 ...
[2026-09-09 16:26:40] [just for you] 📡 Memantau Blok: 51,078,326 | Total sell: 0 .  
[2026-09-09 16:26:41] [BCOP] 📡 Memantau Blok: 51,078,326 | Total sell: 0 ...
[2026-09-09 16:26:41] [MIO] 📡 Memantau Blok: 51,078,326 | Total sell: 0 ...
[2026-09-09 16:26:42] [PIPEDOG] 📡 Memantau Blok: 51,078,326 | Total sell: 0 .  
[2026-09-09 16:26:42] [just for you] 📡 Memantau Blok: 51,078,327 | Total sell: 0 .. 
[2026-09-09 16:26:42] [BCOP] 📡 Memantau Blok: 51,078,327 | Total sell: 0 .  
[2026-09-09 16:26:43] [MIO] 📡 Memantau Blok: 51,078,327 | Total sell: 0 .  
[2026-09-09 16:26:43] [PIPEDOG] 📡 Memantau Blok: 51,078,327 | Total sell: 0 .. 
[2026-09-09 16:26:43] [just for you] 📡 Memantau Blok: 51,078,328 | Total sell: 0 ...
[2026-09-09 16:26:44] [BCOP] 📡 Memantau Blok: 51,078,328 | Total sell: 0 .. 
[2026-09-09 16:26:44] [MIO] 📡 Memantau Blok: 51,078,328 | Total sell: 0 .. 
[2026-09-09 16:26:45] [PIPEDOG] 📡 Memantau Blok: 51,078,328 | Total sell: 0 ...
[2026-09-09 16:26:45] [just for you] 📡 Memantau Blok: 51,078,328 | Total sell: 0 .  
[2026-09-09 16:26:46] [BCOP] 📡 Memantau Blok: 51,078,329 | Total sell: 0 ...
[2026-09-09 16:26:46] [MIO] 📡 Memantau Blok: 51,078,329 | Total sell: 0 ...
[2026-09-09 16:26:46] [PIPEDOG] 📡 Memantau Blok: 51,078,329 | Total sell: 0 .  
[2026-09-09 16:26:46] [just for you] 📡 Memantau Blok: 51,078,329 | Total sell: 0 .. 
[2026-09-09 16:26:47] [BCOP] 📡 Memantau Blok: 51,078,329 | Total sell: 0 .  
[2026-09-09 16:26:47] [MIO] 📡 Memantau Blok: 51,078,330 | Total sell: 0 .  
[2026-09-09 16:26:48] [PIPEDOG] 📡 Memantau Blok: 51,078,330 | Total sell: 0 .. 
[2026-09-09 16:26:48] [just for you] 📡 Memantau Blok: 51,078,330 | Total sell: 0 ...
[2026-09-09 16:26:48] [BCOP] 📡 Memantau Blok: 51,078,330 | Total sell: 0 .. 
[2026-09-09 16:26:49] [MIO] 📡 Memantau Blok: 51,078,330 | Total sell: 0 .. 
[2026-09-09 16:26:49] [PIPEDOG] 📡 Memantau Blok: 51,078,331 | Total sell: 0 ...
[2026-09-09 16:26:50] [just for you] 📡 Memantau Blok: 51,078,331 | Total sell: 0 .  
[2026-09-09 16:26:50] [BCOP] 📡 Memantau Blok: 51,078,331 | Total sell: 0 ...
[2026-09-09 16:26:50] [MIO] 📡 Memantau Blok: 51,078,331 | Total sell: 0 ...
[2026-09-09 16:26:51] [PIPEDOG] 📡 Memantau Blok: 51,078,331 | Total sell: 0 .  
[2026-09-09 16:26:51] [just for you] 📡 Memantau Blok: 51,078,331 | Total sell: 0 .. 
[2026-09-09 16:26:52] [BCOP] 📡 Memantau Blok: 51,078,332 | Total sell: 0 .  
[2026-09-09 16:26:52] [MIO] 📡 Memantau Blok: 51,078,332 | Total sell: 0 .  
[2026-09-09 16:26:52] [PIPEDOG] 📡 Memantau Blok: 51,078,332 | Total sell: 0 .. 
[2026-09-09 16:26:52] [just for you] 📡 Memantau Blok: 51,078,332 | Total sell: 0 ...
[2026-09-09 16:26:53] [BCOP] 📡 Memantau Blok: 51,078,332 | Total sell: 0 .. 
[2026-09-09 16:26:53] [MIO] 📡 Memantau Blok: 51,078,333 | Total sell: 0 .. 
[2026-09-09 16:26:54] [PIPEDOG] 📡 Memantau Blok: 51,078,333 | Total sell: 0 ...
[2026-09-09 16:26:54] [just for you] 📡 Memantau Blok: 51,078,333 | Total sell: 0 .  
[2026-09-09 16:26:55] [BCOP] 📡 Memantau Blok: 51,078,333 | Total sell: 0 ...
[2026-09-09 16:26:55] [MIO] 📡 Memantau Blok: 51,078,333 | Total sell: 0 ...
[2026-09-09 16:26:56] [PIPEDOG] 📡 Memantau Blok: 51,078,334 | Total sell: 0 .  
[2026-09-09 16:26:56] [just for you] 📡 Memantau Blok: 51,078,334 | Total sell: 0 .. 
[2026-09-09 16:26:56] [BCOP] 📡 Memantau Blok: 51,078,334 | Total sell: 0 .  
[2026-09-09 16:26:56] [MIO] 📡 Memantau Blok: 51,078,334 | Total sell: 0 .  
[2026-09-09 16:26:57] [PIPEDOG] 📡 Memantau Blok: 51,078,334 | Total sell: 0 .. 
[2026-09-09 16:26:57] [just for you] 📡 Memantau Blok: 51,078,335 | Total sell: 0 ...
[2026-09-09 16:26:58] [BCOP] 📡 Memantau Blok: 51,078,335 | Total sell: 0 .. 
[2026-09-09 16:26:58] [MIO] 📡 Memantau Blok: 51,078,335 | Total sell: 0 .. 
[2026-09-09 16:26:59] [PIPEDOG] 📡 Memantau Blok: 51,078,335 | Total sell: 0 ...
[2026-09-09 16:26:59] [just for you] 📡 Memantau Blok: 51,078,335 | Total sell: 0 .  
[2026-09-09 16:26:59] [BCOP] 📡 Memantau Blok: 51,078,336 | Total sell: 0 ...
[2026-09-09 16:27:00] [MIO] 📡 Memantau Blok: 51,078,336 | Total sell: 0 ...
[2026-09-09 16:27:00] [PIPEDOG] 📡 Memantau Blok: 51,078,336 | Total sell: 0 .  
[2026-09-09 16:27:00] [just for you] 📡 Memantau Blok: 51,078,336 | Total sell: 0 .. 
[2026-09-09 16:27:01] [BCOP] 📡 Memantau Blok: 51,078,336 | Total sell: 0 .  
[2026-09-09 16:27:01] [MIO] 📡 Memantau Blok: 51,078,336 | Total sell: 0 .  
[2026-09-09 16:27:02] [PIPEDOG] 📡 Memantau Blok: 51,078,337 | Total sell: 0 .. 
[2026-09-09 16:27:02] [just for you] 📡 Memantau Blok: 51,078,337 | Total sell: 0 ...
[2026-09-09 16:27:02] [BCOP] 📡 Memantau Blok: 51,078,337 | Total sell: 0 .. 
[2026-09-09 16:27:03] [MIO] 📡 Memantau Blok: 51,078,337 | Total sell: 0 .. 
[2026-09-09 16:27:03] [PIPEDOG] 📡 Memantau Blok: 51,078,337 | Total sell: 0 ...
[2026-09-09 16:27:03] [just for you] 📡 Memantau Blok: 51,078,338 | Total sell: 0 .  
[2026-09-09 16:27:04] [BCOP] 📡 Memantau Blok: 51,078,338 | Total sell: 0 ...
[2026-09-09 16:27:04] [MIO] 📡 Memantau Blok: 51,078,338 | Total sell: 0 ...
[2026-09-09 16:27:05] [PIPEDOG] 📡 Memantau Blok: 51,078,338 | Total sell: 0 .  
[2026-09-09 16:27:05] [just for you] 📡 Memantau Blok: 51,078,338 | Total sell: 0 .. 
[2026-09-09 16:27:06] [BCOP] 📡 Memantau Blok: 51,078,339 | Total sell: 0 .  
[2026-09-09 16:27:06] [MIO] 📡 Memantau Blok: 51,078,339 | Total sell: 0 .  
[2026-09-09 16:27:06] [PIPEDOG] 📡 Memantau Blok: 51,078,339 | Total sell: 0 .. 
[2026-09-09 16:27:06] [just for you] 📡 Memantau Blok: 51,078,339 | Total sell: 0 ...
[2026-09-09 16:27:07] [BCOP] 📡 Memantau Blok: 51,078,339 | Total sell: 0 .. 
[2026-09-09 16:27:07] [MIO] 📡 Memantau Blok: 51,078,340 | Total sell: 0 .. 
[2026-09-09 16:27:08] [PIPEDOG] 📡 Memantau Blok: 51,078,340 | Total sell: 0 ...
[2026-09-09 16:27:08] [just for you] 📡 Memantau Blok: 51,078,340 | Total sell: 0 .  
[2026-09-09 16:27:08] [BCOP] 📡 Memantau Blok: 51,078,340 | Total sell: 0 ...
[2026-09-09 16:27:09] [MIO] 📡 Memantau Blok: 51,078,340 | Total sell: 0 ...
[2026-09-09 16:27:09] [PIPEDOG] 📡 Memantau Blok: 51,078,341 | Total sell: 0 .  
[2026-09-09 16:27:10] [just for you] 📡 Memantau Blok: 51,078,341 | Total sell: 0 .. 
[2026-09-09 16:27:10] [BCOP] 📡 Memantau Blok: 51,078,341 | Total sell: 0 .  
[2026-09-09 16:27:10] [MIO] 📡 Memantau Blok: 51,078,341 | Total sell: 0 .  
[2026-09-09 16:27:11] [PIPEDOG] 📡 Memantau Blok: 51,078,341 | Total sell: 0 .. 
[2026-09-09 16:27:11] [just for you] 📡 Memantau Blok: 51,078,341 | Total sell: 0 ...
[2026-09-09 16:27:12] [BCOP] 📡 Memantau Blok: 51,078,342 | Total sell: 0 .. 
[2026-09-09 16:27:12] [MIO] 📡 Memantau Blok: 51,078,342 | Total sell: 0 .. 
[2026-09-09 16:27:12] [PIPEDOG] 📡 Memantau Blok: 51,078,342 | Total sell: 0 ...
[2026-09-09 16:27:12] [just for you] 📡 Memantau Blok: 51,078,342 | Total sell: 0 .  
[2026-09-09 16:27:13] [BCOP] 📡 Memantau Blok: 51,078,342 | Total sell: 0 ...
[2026-09-09 16:27:13] [MIO] 📡 Memantau Blok: 51,078,343 | Total sell: 0 ...
[2026-09-09 16:27:14] [PIPEDOG] 📡 Memantau Blok: 51,078,343 | Total sell: 0 .  
[2026-09-09 16:27:14] [just for you] 📡 Memantau Blok: 51,078,343 | Total sell: 0 .. 
[2026-09-09 16:27:15] [BCOP] 📡 Memantau Blok: 51,078,343 | Total sell: 0 .  
[2026-09-09 16:27:15] [MIO] 📡 Memantau Blok: 51,078,343 | Total sell: 0 .  
[2026-09-09 16:27:15] [PIPEDOG] 📡 Memantau Blok: 51,078,344 | Total sell: 0 .. 
[2026-09-09 16:27:16] [just for you] 📡 Memantau Blok: 51,078,344 | Total sell: 0 ...
[2026-09-09 16:27:16] [BCOP] 📡 Memantau Blok: 51,078,344 | Total sell: 0 .. 
[2026-09-09 16:27:16] [MIO] 📡 Memantau Blok: 51,078,344 | Total sell: 0 .. 
[2026-09-09 16:27:17] [PIPEDOG] 📡 Memantau Blok: 51,078,344 | Total sell: 0 ...
[2026-09-09 16:27:17] [just for you] 📡 Memantau Blok: 51,078,345 | Total sell: 0 .  
[2026-09-09 16:27:18] [BCOP] 📡 Memantau Blok: 51,078,345 | Total sell: 0 ...
[2026-09-09 16:27:18] [MIO] 📡 Memantau Blok: 51,078,345 | Total sell: 0 ...
[2026-09-09 16:27:18] [PIPEDOG] 📡 Memantau Blok: 51,078,345 | Total sell: 0 .  
[2026-09-09 16:27:19] [just for you] 📡 Memantau Blok: 51,078,345 | Total sell: 0 .. 
[2026-09-09 16:27:19] [BCOP] 📡 Memantau Blok: 51,078,346 | Total sell: 0 .  
[2026-09-09 16:27:19] [MIO] 📡 Memantau Blok: 51,078,346 | Total sell: 0 .  
[2026-09-09 16:27:20] [PIPEDOG] 📡 Memantau Blok: 51,078,346 | Total sell: 0 .. 
[2026-09-09 16:27:20] [just for you] 📡 Memantau Blok: 51,078,346 | Total sell: 0 ...
[2026-09-09 16:27:21] [BCOP] 🛑 Bot dihentikan secara manual.
[2026-09-09 16:27:21] [MIO] 🛑 Bot dihentikan secara manual.
[2026-09-09 16:27:21] [PIPEDOG] 🛑 Bot dihentikan secara manual.
[2026-09-09 16:27:21] [just for you] 🛑 Bot dihentikan secara manual.
